CustomerID,Recence,Frequence,Montant,Cluster,Cluster_HC,PCA1,PCA2,Segment
12346.0,326,1,77183.6,3,0,0.873338372087124,2.6916107150844235,Occasionnels
12347.0,2,7,4310.0,1,1,2.5518744831222566,-0.8028584565784548,Champions
12348.0,75,4,1797.24,3,0,0.47733940753219317,0.7478671898845526,Occasionnels
12349.0,19,1,1757.55,2,0,0.14760886406696735,-0.45706580927755935,Nouveaux clients
12350.0,310,1,334.4,0,2,-1.6862551390641354,0.6790349444153227,Inactifs
12352.0,36,8,2506.04,3,0,1.4417318827045686,0.6374134047607787,Occasionnels
12353.0,204,1,89.0,0,2,-2.150803251810536,-0.06429463777775367,Inactifs
12354.0,232,1,1079.4,0,0,-1.0213019914127106,0.9220157633544539,Inactifs
12355.0,214,1,459.4,0,2,-1.3950395877427844,0.5603840767546813,Inactifs
12356.0,23,3,2811.43,3,0,0.9278083476336718,0.09467236556320331,Occasionnels
12357.0,33,1,6207.67,3,0,0.5430368264902344,0.33874658386445955,Occasionnels
12358.0,2,2,1168.06,2,1,1.045601668596309,-1.6533206689545599,Nouveaux clients
12359.0,58,4,6310.03,3,0,1.1693575279866455,1.0446122601268353,Occasionnels
12360.0,52,3,2662.06,3,0,0.5992988714469009,0.5770247834330697,Occasionnels
12361.0,287,1,189.9,0,2,-1.9241271046700124,0.4250719900016726,Inactifs
12362.0,3,10,5226.23,1,1,2.8215121299246833,-0.42848522724656435,Champions
12363.0,110,2,552.0,0,0,-0.6887133261957891,0.3631274391889985,Inactifs
12364.0,8,4,1313.1,3,1,1.1436135739678932,-0.7188755915320828,Occasionnels
12365.0,291,2,641.38,0,0,-0.9871518629166005,1.0308510199602186,Inactifs
12367.0,4,1,168.9,2,1,-0.43094752699380545,-2.187045705844122,Nouveaux clients
12370.0,51,4,3541.94,3,0,0.9438515576658639,0.7542796932326137,Occasionnels
12371.0,45,2,1887.96,3,0,0.23024835946544245,0.252097603256633,Occasionnels
12372.0,72,3,1298.04,3,0,0.13662280163412635,0.518546300037704,Occasionnels
12373.0,311,1,364.6,0,2,-1.646601666930694,0.7124702878424036,Inactifs
12374.0,25,1,742.9300000000001,2,4,-0.36052881172008905,-0.6040678963991591,Nouveaux clients
12375.0,11,2,457.5,2,4,0.07223276167155342,-1.1153923230378433,Nouveaux clients
12377.0,315,2,1628.12,0,0,-0.576068888207464,1.4198586829122226,Inactifs
12378.0,130,1,4008.62,3,0,-0.17954076319386394,1.0345742256295651,Occasionnels
12379.0,82,2,852.24,3,0,-0.3720373401887732,0.3367980385332051,Occasionnels
12380.0,22,4,2724.81,3,0,1.1311467953992274,0.14165562210070676,Occasionnels
12381.0,5,5,1845.31,1,1,1.6247065411216899,-0.7823299285895344,Champions
12383.0,185,5,1850.56,3,0,0.31427663986289256,1.395631953611056,Occasionnels
12384.0,29,2,585.27,2,0,-0.16123148079742325,-0.4449939894263727,Nouveaux clients
12386.0,338,2,401.9,0,2,-1.2653532561060874,0.9555653484431788,Inactifs
12388.0,16,6,2780.66,1,1,1.5606950086416285,0.08612308528881953,Champions
12390.0,80,1,549.84,0,4,-0.9370982003568213,0.006862486120640189,Inactifs
12391.0,22,1,439.66,2,4,-0.5619975953740706,-0.8725139920482805,Nouveaux clients
12393.0,72,4,1582.6,3,0,0.43245514705932353,0.676042958708299,Occasionnels
12394.0,64,2,1272.48,3,0,-0.08877265692538851,0.3276823611810745,Occasionnels
12395.0,19,12,3018.63,1,3,2.097679246799162,0.4558406266773301,Champions
12397.0,36,2,2409.9,3,0,0.4290997856606493,0.20293114700744863,Occasionnels
12398.0,46,1,1635.66,3,0,-0.21283563931711372,0.0584171990103998,Occasionnels
12399.0,119,4,1108.65,3,0,0.07395349029367339,0.8615980966365697,Occasionnels
12401.0,303,1,84.3,0,2,-2.3267486705295655,0.165953161194198,Inactifs
12402.0,323,1,225.6,0,2,-1.8878323637028054,0.5621768371605802,Inactifs
12403.0,50,1,427.7,0,4,-0.8792415793144255,-0.377712456030134,Inactifs
12405.0,149,1,1710.39,0,0,-0.6349693681322688,0.810353109065939,Inactifs
12406.0,22,2,3415.3,3,0,0.7759813884580937,0.02848931573676484,Occasionnels
12407.0,50,5,1708.12,3,0,0.770595784062057,0.5462144462559917,Occasionnels
12408.0,33,5,2888.55,3,0,1.1744722380021986,0.48042731265193694,Occasionnels
12409.0,79,3,11072.67,3,0,1.1177334528944596,1.3570637037754,Occasionnels
12410.0,309,2,693.3299999999999,0,0,-0.9731286001596064,1.0970953044630838,Inactifs
12412.0,75,3,1226.88,3,0,0.09452602349256088,0.523559401778758,Occasionnels
12413.0,67,3,758.1,3,0,-0.09101256506569126,0.2778996748576026,Occasionnels
12414.0,217,3,562.41,0,0,-0.6773934694661099,0.9078482306637357,Inactifs
12415.0,24,21,124914.53,1,3,4.253525653047015,2.1542921004581443,Champions
12417.0,3,9,3649.1,1,3,2.5649876369585196,-0.595738828974792,Champions
12418.0,113,1,668.58,0,0,-0.9750876126818999,0.29460458980755644,Inactifs
12420.0,64,1,600.39,0,4,-0.8114044942520929,-0.10066577361855601,Inactifs
12421.0,16,4,807.04,3,0,0.6700873081213398,-0.4928104862974709,Occasionnels
12422.0,96,3,803.5600000000001,3,0,-0.1991216594961233,0.52425863693531,Occasionnels
12423.0,1,8,1859.31,1,1,2.4148455960953137,-1.3209300420574253,Champions
12424.0,163,2,1760.96,3,0,-0.2883580948436297,1.032624305328618,Occasionnels
12425.0,78,1,777.2,0,0,-0.7637084323584059,0.11686011714034227,Inactifs
12426.0,195,1,582.73,0,2,-1.2471584042956847,0.5881714868887632,Inactifs
12427.0,22,3,825.8,3,0,0.3635852035556214,-0.37818165980083407,Occasionnels
12428.0,26,9,7956.46,1,3,2.205081856404462,0.8986332463068437,Champions
12429.0,9,4,3750.4,1,1,1.600744382433884,-0.2700418134652538,Champions
12430.0,43,1,256.4,2,4,-1.0647240384456162,-0.6570943263722824,Nouveaux clients
12431.0,36,15,6419.95,1,3,2.408282333421586,1.200022338512632,Champions
12432.0,43,5,5059.32,3,0,1.3416651157079416,0.8479486492927439,Occasionnels
12433.0,1,7,13375.87,1,1,3.243674805796112,-0.6474879773524069,Champions
12434.0,85,2,806.14,3,0,-0.4119371938234446,0.3390777363426181,Occasionnels
12435.0,80,2,7829.89,3,0,0.6883837225964804,1.1287000858916496,Occasionnels
12436.0,100,1,509.01,0,0,-1.0579108610833898,0.11870513321497818,Inactifs
12437.0,2,18,4951.41,1,3,3.4003443613835884,-0.4214630983157569,Champions
12438.0,14,2,2906.85,3,0,0.8628567693046828,-0.30117216685965786,Occasionnels
12441.0,367,1,173.55,0,2,-2.060218570255401,0.5478536076739521,Inactifs
12442.0,3,1,172.06,2,1,-0.3369692425993386,-2.321792735777969,Nouveaux clients
12444.0,21,5,5005.46,3,0,1.601372184557701,0.40464055421317957,Occasionnels
12445.0,22,1,133.4,2,4,-1.1250351191757335,-1.3049895462473335,Nouveaux clients
12446.0,58,1,1002.31,2,0,-0.5317275718147381,0.02434329665834428,Nouveaux clients
12447.0,243,1,476.49,0,2,-1.426092066446616,0.6538704608697524,Inactifs
12448.0,44,1,449.45,2,4,-0.8079636878164138,-0.43903349932675306,Nouveaux clients
12449.0,22,4,4067.29,3,0,1.3210257706723227,0.28750383219426234,Occasionnels
12450.0,156,2,197.88,0,2,-1.3060561989173487,0.21046705375335206,Inactifs
12451.0,11,5,9035.52,1,3,2.1129250767738323,0.2354683676450149,Champions
12452.0,17,2,430.57,2,4,-0.11135500586330437,-0.8803989328176376,Nouveaux clients
12453.0,134,1,707.09,0,0,-1.0131593914967438,0.4221546498588049,Inactifs
12454.0,56,1,3528.34,3,0,0.07784195169939699,0.4605797553566404,Occasionnels
12455.0,73,6,2466.86,3,0,0.9420778202771117,0.9749548195890563,Occasionnels
12456.0,44,3,3181.04,3,0,0.7462267995283682,0.5381395796359457,Occasionnels
12457.0,66,7,2363.23,3,0,1.0805244543590682,0.9474134406036188,Occasionnels
12458.0,71,2,947.4,3,0,-0.2675919007918486,0.28517784646767835,Occasionnels
12461.0,94,2,826.88,3,0,-0.437927461333682,0.41141337578048065,Occasionnels
12462.0,19,2,1189.59,2,0,0.32955847643532826,-0.44402186824744905,Nouveaux clients
12463.0,53,4,1344.78,3,0,0.4704602503534381,0.42566102538110595,Occasionnels
12464.0,10,8,1212.05,1,1,1.5608838036927175,-0.395964730070038,Champions
12465.0,17,2,742.1899999999999,2,0,0.14635897650833277,-0.6824458788213995,Nouveaux clients
12468.0,188,2,729.5400000000001,0,0,-0.7600018575027196,0.8019227199497554,Inactifs
12471.0,2,30,19788.65,1,3,4.500157896007693,0.2703254325940939,Champions
12472.0,32,7,6572.11,1,3,1.8358902427072918,0.8708810509213981,Champions
12473.0,29,5,3928.05,3,0,1.3679908352261017,0.5130007519069122,Occasionnels
12474.0,17,18,7324.09,1,3,2.9014950615762567,0.8569584305409996,Champions
12475.0,54,1,723.38,2,4,-0.6593628696365758,-0.13879895795556216,Nouveaux clients
12476.0,16,11,6816.42,1,3,2.4734606920935303,0.61878473286394,Champions
12477.0,23,6,13219.74,1,3,2.1680513633274328,0.8724292715313808,Champions
12478.0,4,1,680.99,2,1,0.22803622352635117,-1.6808727588084145,Nouveaux clients
12479.0,11,1,527.2,2,4,-0.22755679486986297,-1.218950471396309,Nouveaux clients
12480.0,28,4,3281.63,3,0,1.1307347445464118,0.35630102468538016,Occasionnels
12481.0,23,10,5579.82,1,3,2.1680990724411244,0.7312141135954888,Champions
12483.0,17,8,2484.98,1,1,1.712979180788486,0.17756097288611933,Champions
12484.0,33,6,4527.32,3,0,1.5269716617406381,0.7030118588458389,Occasionnels
12488.0,10,3,1298.66,2,1,0.8598047830029942,-0.6810442653595122,Nouveaux clients
12489.0,336,1,334.93,0,2,-1.7161770951076065,0.7305087309119233,Inactifs
12490.0,5,10,5417.93,1,1,2.683702871299073,-0.15832884135733927,Champions
12491.0,39,1,460.4,2,4,-0.751582410683737,-0.5049528382479767,Nouveaux clients
12492.0,63,2,263.21000000000004,0,4,-0.8285850470621624,-0.25495383998365995,Inactifs
12493.0,166,2,433.74,0,2,-0.9588321078895169,0.5344360394072778,Inactifs
12494.0,16,7,1246.1,3,1,1.3011419521075775,-0.15497304911245982,Occasionnels
12497.0,82,1,1043.1,0,0,-0.6432092506315922,0.255221431072399,Inactifs
12498.0,21,3,403.7000000000001,2,4,0.041821002422528376,-0.6665548903395591,Nouveaux clients
12500.0,23,11,4257.82,1,3,2.118647352365849,0.6660373849559296,Champions
12501.0,337,1,2169.39,0,0,-0.8326487750411837,1.4119046413882133,Inactifs
12502.0,96,5,3723.87,3,0,0.8944073347777739,1.237497115132541,Occasionnels
12504.0,18,2,482.05,2,4,-0.07857577509860757,-0.8050814356989686,Nouveaux clients
12506.0,233,1,73.5,0,2,-2.290966242167743,-0.04925631343799818,Inactifs
12507.0,134,3,1304.81,3,0,-0.09577076504214556,0.9101929446175222,Occasionnels
12508.0,26,2,397.88,2,4,-0.30359067513731897,-0.6520480947173113,Nouveaux clients
12509.0,284,1,176.5,0,2,-1.9546357142128203,0.3919273879766604,Inactifs
12510.0,143,2,982.57,0,0,-0.5151075712446151,0.7378502939310786,Inactifs
12512.0,66,2,132.18,0,4,-1.1709009764339908,-0.4754090089855808,Inactifs
12513.0,113,1,612.29,0,0,-1.016724512861077,0.2626228111180363,Inactifs
12514.0,267,1,1017.68,0,0,-1.1026536199812738,0.9893103231351711,Inactifs
12515.0,353,1,383.7,0,2,-1.6706997342329828,0.8110791419501493,Inactifs
12516.0,78,2,1312.06,3,0,-0.1487729399085804,0.46248545911196304,Occasionnels
12517.0,28,5,2481.6,3,0,1.1632604833738651,0.3243063268764459,Occasionnels
12518.0,1,5,2056.89,1,1,2.0958163894031325,-1.4392663854913565,Champions
12519.0,64,1,330.84,0,4,-1.0933329882117628,-0.31721827059327456,Inactifs
12520.0,79,5,2634.26,3,0,0.8039307892893107,0.989314658133079,Occasionnels
12521.0,143,1,599.68,0,2,-1.1158157669181732,0.40315310114661235,Inactifs
12522.0,39,2,192.72,2,4,-0.796189494977011,-0.6659296841179632,Nouveaux clients
12523.0,19,11,1789.77,1,3,1.7775108464550922,0.2349301096170654,Champions
12524.0,9,8,4485.72,1,1,2.2174800213084995,0.019988152162343297,Champions
12526.0,1,3,1316.66,2,1,1.5175370380552133,-1.7567357267211337,Nouveaux clients
12527.0,82,3,348.71000000000004,0,0,-0.5346417778378141,0.12199495769356607,Inactifs
12528.0,9,6,1933.48,1,1,1.591176224910355,-0.38254360209350824,Champions
12530.0,60,4,1662.28,3,0,0.5243331640874076,0.5800763040897723,Occasionnels
12531.0,15,1,125.22,2,4,-1.0161800751971062,-1.5579182124950988,Nouveaux clients
12532.0,30,1,349.83000000000004,2,4,-0.7841154300759263,-0.7663168939652794,Nouveaux clients
12534.0,131,1,1089.18,0,0,-0.7999639294024798,0.565072251363346,Inactifs
12535.0,92,2,716.35,0,0,-0.49774809169070156,0.3457328086390995,Inactifs
12536.0,43,3,12601.830000000002,3,0,1.4074385711481359,1.0251836266462933,Occasionnels
12538.0,29,1,363.95,2,4,-0.7528802771295686,-0.7727325540816982,Nouveaux clients
12539.0,22,4,5568.35,3,0,1.4699369729451441,0.40188422782855326,Occasionnels
12540.0,20,17,13400.24,1,3,3.080096269194794,1.1539929199770456,Champions
12541.0,30,3,981.18,3,0,0.3312166428678088,-0.12623597664306882,Occasionnels
12544.0,36,1,372.7,2,4,-0.821758943607876,-0.6311540979814043,Nouveaux clients
12545.0,75,2,1000.39,3,0,-0.2624666010493846,0.3392540432483692,Occasionnels
12546.0,47,2,1161.5,3,0,-0.016189829726730044,0.10227339750283976,Occasionnels
12547.0,198,2,207.8,0,2,-1.3735326408164685,0.37847500160031267,Inactifs
12548.0,166,1,95.2,0,2,-2.040899390494482,-0.16999856711791617,Inactifs
12550.0,79,1,964.83,0,0,-0.6660938744319459,0.20350394464082,Inactifs
12551.0,358,1,168.0,0,2,-2.0660812500573664,0.5203886483065668,Inactifs
12552.0,39,2,437.82,2,4,-0.40848411666635587,-0.36812875387318056,Nouveaux clients
12553.0,8,10,3692.28,1,1,2.3470326267578456,-0.040919850547100005,Champions
12556.0,50,2,599.56,2,0,-0.3525117423728511,-0.09983888571993324,Nouveaux clients
12557.0,16,5,11990.96,1,3,2.114040753540935,0.5593285615431286,Champions
12558.0,8,1,269.96,2,4,-0.4341634509857233,-1.6444302140327918,Nouveaux clients
12559.0,311,2,561.71,0,0,-1.0752446034759535,1.0246225406608893,Inactifs
12560.0,5,3,2134.01,3,1,1.3267033986974803,-0.8845159118564954,Occasionnels
12561.0,303,1,238.85,0,2,-1.8365480320425533,0.5424818716910846,Inactifs
12562.0,8,7,3781.74,1,1,2.070224560932929,-0.15401795085557657,Champions
12564.0,261,1,456.9,0,2,-1.4731447758800562,0.6837342668613411,Inactifs
12565.0,289,1,145.92,0,2,-2.0509337905322345,0.33408801882187245,Inactifs
12566.0,86,1,351.65,0,4,-1.1758537409356713,-0.11026069327571207,Inactifs
12567.0,23,10,9401.28,1,3,2.415426432696556,0.9211890844870128,Champions
12569.0,2,32,4124.69,1,3,3.8132893937826866,-0.27680461489971653,Champions
12571.0,40,2,519.61,2,0,-0.3368778203787345,-0.290228373284032,Nouveaux clients
12572.0,9,2,1020.42,2,1,0.5216725259129231,-0.939248933692586,Nouveaux clients
12573.0,227,1,160.54000000000002,0,2,-1.9140692258462602,0.21615414733492355,Inactifs
12574.0,316,1,218.45,0,2,-1.8946912054171567,0.5366534793511231,Inactifs
12576.0,36,5,1315.83,3,0,0.7695452209623344,0.24781278561562384,Occasionnels
12577.0,35,3,626.6,3,0,0.06173502451543233,-0.19455919620708156,Occasionnels
12578.0,21,2,2794.51,3,0,0.6978730408625193,-0.07272907016392964,Occasionnels
12579.0,78,1,440.42,0,4,-1.0325483551762638,-0.08963889881590177,Inactifs
12580.0,247,1,415.7,0,2,-1.496872482216861,0.6145824564216658,Inactifs
12581.0,40,1,197.71,2,4,-1.1604525296396384,-0.7961118811924096,Nouveaux clients
12582.0,239,2,511.36,0,0,-1.0194678481690536,0.824161036969376,Inactifs
12583.0,3,15,7281.38,1,3,3.317776312797872,-0.1643960912281326,Champions
12584.0,4,9,2338.15,1,1,2.268763693649592,-0.6163390001170062,Champions
12585.0,234,2,2040.1,3,0,-0.3560397777306436,1.3142237764203635,Occasionnels
12586.0,17,1,196.94000000000003,2,4,-0.8478325746473658,-1.3193821321239476,Nouveaux clients
12587.0,8,1,144.0,2,4,-0.730623271147018,-1.8721443886695281,Nouveaux clients
12588.0,39,1,214.9,2,4,-1.1116798537663284,-0.7815477980497405,Nouveaux clients
12589.0,29,2,646.68,2,0,-0.11399785228066535,-0.40871329976347043,Nouveaux clients
12590.0,211,2,9864.26,3,0,0.43035232612718577,1.8227438897379995,Occasionnels
12591.0,317,1,452.85,0,2,-1.5513528492487776,0.8032963920490239,Inactifs
12592.0,92,2,437.6,0,0,-0.7310212614129373,0.16655302205185302,Inactifs
12593.0,109,3,418.1,0,0,-0.5564029264562749,0.36645942267757425,Inactifs
12594.0,38,10,3338.2200000000003,1,3,1.739110485829104,0.8519401698616805,Champions
12596.0,51,2,618.27,2,0,-0.3453828832736645,-0.07635570899381043,Nouveaux clients
12597.0,19,4,3811.22,3,0,1.3435891946595278,0.17522641062113586,Occasionnels
12598.0,10,8,3023.08,1,1,1.9940102381352343,-0.06327536771810381,Champions
12599.0,29,7,1032.58,3,1,0.9951303965286907,0.13669763468763388,Occasionnels
12600.0,29,10,2599.04,1,3,1.7206944506360153,0.5944903362052187,Champions
12601.0,190,5,577.0600000000001,3,0,-0.247823923039467,0.9884757528598815,Occasionnels
12602.0,59,1,153.12,0,4,-1.4263968812736127,-0.6472762904411522,Inactifs
12603.0,22,1,739.1999999999999,2,4,-0.31607832404192565,-0.6836205903448067,Nouveaux clients
12604.0,79,2,254.18,0,4,-0.93031422743334,-0.12616036179612278,Inactifs
12607.0,60,1,1579.51,3,0,-0.32898532144153136,0.2109865619693831,Occasionnels
12609.0,78,3,1126.85,3,0,0.03944534304184475,0.5171533177799361,Occasionnels
12610.0,23,5,2099.54,3,0,1.1563134922877394,0.14347614279454238,Occasionnels
12611.0,52,1,1193.32,2,0,-0.40812774165076404,0.01982728253564379,Nouveaux clients
12612.0,74,1,704.0400000000001,0,0,-0.7906728303490751,0.047963439404816455,Inactifs
12613.0,57,5,3344.38,3,0,1.0399078684251608,0.8723498357170669,Occasionnels
12614.0,278,1,315.6,0,2,-1.6721288862116384,0.5891924523651024,Inactifs
12615.0,2,4,2291.19,1,1,1.827080408594708,-1.212698221245884,Champions
12616.0,95,2,713.3,0,0,-0.5118963246057014,0.3643076373808896,Inactifs
12617.0,29,1,352.98,2,4,-0.7673514780131728,-0.7838480488000701,Nouveaux clients
12618.0,22,1,177.31,2,4,-0.9909898346512163,-1.2020278318644544,Nouveaux clients
12619.0,16,9,3641.24,1,1,2.0112453440342763,0.3207299330277426,Champions
12620.0,15,3,1339.41,3,0,0.731311164966536,-0.43226861701539565,Occasionnels
12621.0,2,20,13689.67,1,3,3.973046432609014,-0.01284160445418391,Champions
12622.0,232,1,180.1,0,2,-1.868161485186066,0.2715333116246893,Inactifs
12623.0,276,1,305.1,0,2,-1.6853726747776017,0.5723481145566781,Inactifs
12624.0,106,2,641.13,0,0,-0.6038390969450528,0.3942851845835036,Inactifs
12625.0,212,2,2683.82,3,0,-0.1885141132156836,1.3517495295122244,Occasionnels
12626.0,23,9,6620.48,1,3,2.1629292432408054,0.7570289005932371,Champions
12627.0,11,7,4478.53,1,1,2.040495834393075,0.08992988445659113,Champions
12628.0,4,3,786.46,2,1,0.9234204606712,-1.3633585716670384,Nouveaux clients
12630.0,10,2,1270.88,2,1,0.5892476344920293,-0.7989575473075855,Nouveaux clients
12631.0,57,1,640.5,0,4,-0.7372639043307392,-0.14938408108763537,Inactifs
12633.0,59,4,2163.98,3,0,0.6556440075808706,0.6656091666557699,Occasionnels
12635.0,90,2,1689.18,3,0,-0.08307960741769556,0.6440837685231398,Occasionnels
12637.0,67,8,6002.9,3,0,1.6233349212662624,1.341282294233199,Occasionnels
12638.0,33,1,671.69,2,4,-0.5107347292453616,-0.4706673864315717,Nouveaux clients
12639.0,239,1,486.1,0,2,-1.4103297764642522,0.6506491594517971,Inactifs
12640.0,24,3,1174.58,3,0,0.4986145856087021,-0.19713987037764683,Occasionnels
12641.0,115,1,185.9,0,2,-1.5867901962691862,-0.15912286938487197,Inactifs
12642.0,25,3,1013.26,3,0,0.4136458718900895,-0.22603386722201918,Occasionnels
12643.0,128,6,3344.64,3,0,0.8740721362719037,1.4380927683374278,Occasionnels
12644.0,130,1,477.91,0,2,-1.18709243284468,0.2606622778533929,Inactifs
12645.0,34,4,1775.18,3,0,0.7676823351848273,0.2518271074388243,Occasionnels
12646.0,5,2,1346.97,2,1,0.8483404629886433,-1.1620471929342828,Nouveaux clients
12647.0,22,12,3722.82,1,3,2.1436809208148784,0.6207836833173859,Champions
12648.0,155,1,318.05,0,2,-1.4463970265660884,0.22345769768486745,Inactifs
12649.0,107,3,623.51,3,0,-0.36027295507592766,0.5000929669776375,Occasionnels
12650.0,3,1,314.44,2,1,-0.05231937221940366,-2.1031499184857134,Nouveaux clients
12651.0,335,1,114.0,0,2,-2.22332273999418,0.33820848747237664,Inactifs
12652.0,331,1,919.98,0,0,-1.232264282666487,1.0883456547116925,Inactifs
12653.0,149,2,2209.85,3,0,-0.14666226626533455,1.0587137376221867,Occasionnels
12654.0,11,5,601.98,2,1,0.8293170391357667,-0.7504856300630182,Nouveaux clients
12656.0,17,5,4051.17,3,0,1.57775521318345,0.2004075333946692,Occasionnels
12657.0,11,4,1643.18,3,1,1.1399730017728034,-0.454889146835407,Occasionnels
12658.0,19,1,686.05,2,4,-0.29802046038016705,-0.7993587842756404,Nouveaux clients
12659.0,30,1,91.68,2,4,-1.4152871641924036,-1.2511271134755455,Nouveaux clients
12660.0,11,1,245.1,2,4,-0.5896869590718069,-1.497106787511749,Nouveaux clients
12662.0,1,11,3849.78,1,3,3.0201214881660667,-0.9459154693385031,Champions
12664.0,8,9,4881.88,1,1,2.393184004405876,0.024315341726731565,Champions
12665.0,325,1,63.0,0,2,-2.489659549373016,0.10561330575229179,Inactifs
12667.0,58,1,620.13,0,4,-0.7590943671663873,-0.1502997363001578,Inactifs
12668.0,12,4,3807.15,3,1,1.5076409201683398,-0.0982513798107215,Occasionnels
12669.0,151,3,2744.03,3,0,0.21120470644757786,1.2559736926679974,Occasionnels
12670.0,10,5,2996.05,1,1,1.6228635181316908,-0.2216437685194007,Champions
12672.0,330,1,225.9,0,2,-1.895370189090597,0.5762089858085799,Inactifs
12673.0,5,2,610.52,2,1,0.4735644123683119,-1.4499169588748837,Nouveaux clients
12674.0,39,4,1970.6,3,0,0.7661661591871123,0.3744932421357815,Occasionnels
12676.0,25,6,1331.39,3,1,1.0493771117672375,0.08739063777062829,Occasionnels
12678.0,42,12,17628.46,1,3,2.641889699690071,1.583713730856769,Champions
12679.0,59,4,1113.02,3,0,0.3405979709765652,0.42361870683935127,Occasionnels
12680.0,1,4,862.81,2,1,1.5192340550043408,-1.825167774068752,Nouveaux clients
12681.0,15,22,13787.54,1,3,3.419285108419996,1.0857449497373473,Champions
12682.0,4,31,12279.82,1,3,4.107522405702945,0.43253133910647557,Champions
12683.0,4,15,8476.57,1,3,3.304591502544039,0.03240932918156137,Champions
12684.0,8,7,2283.63,1,1,1.8311342144132983,-0.3376659773966018,Champions
12685.0,28,6,2863.08,3,0,1.3705215807675113,0.4353316553954817,Occasionnels
12686.0,372,1,89.14,0,2,-2.3787181983943455,0.315725478892227,Inactifs
12688.0,114,1,4873.81,3,0,-0.037136998360351024,1.0231543754770311,Occasionnels
12689.0,26,2,1247.61,3,0,0.2374803675815134,-0.23644524558408736,Occasionnels
12690.0,206,1,389.01,0,2,-1.459227969388879,0.47591573436466666,Inactifs
12691.0,28,6,1035.8,3,1,0.888728260116636,0.06526070177412384,Occasionnels
12693.0,127,4,855.91,3,0,-0.07325367669429951,0.8083765759717896,Occasionnels
12694.0,70,2,869.67,3,0,-0.3027958022164082,0.24516714528367786,Occasionnels
12695.0,7,4,582.1,2,1,0.8033320221364169,-1.0894761808753761,Nouveaux clients
12697.0,29,3,957.59,3,0,0.3322150293485594,-0.15587684250795408,Occasionnels
12700.0,8,4,4939.99,1,1,1.7715916898468096,-0.23651842667413137,Champions
12701.0,80,2,797.71,3,0,-0.3940344817091564,0.2972822975683173,Occasionnels
12702.0,20,1,219.0,2,4,-0.8566168470120841,-1.1831773490911015,Nouveaux clients
12703.0,71,1,283.55,0,4,-1.2053018480962967,-0.30837424166824107,Inactifs
12704.0,7,8,2340.84,1,1,1.9944315909290908,-0.3582707191173298,Champions
12705.0,15,9,6868.29,1,3,2.335237453893088,0.5133715538733392,Champions
12707.0,292,1,603.42,0,2,-1.3842285333197164,0.8557359684519014,Inactifs
12708.0,30,10,2712.91,1,3,1.728492803771218,0.6308880782634825,Champions
12709.0,15,15,9706.52,1,3,2.9245073844868106,0.81911367535104,Champions
12710.0,97,3,1149.02,3,0,-0.033652731959898534,0.6608686058750369,Occasionnels
12712.0,29,13,4396.13,1,3,2.1880458695838745,0.8781017144830607,Champions
12713.0,1,1,848.55,2,1,0.682225542520584,-2.181729639567242,Nouveaux clients
12714.0,9,5,4708.86,1,1,1.8736042172088319,-0.11743314658896885,Champions
12715.0,106,1,343.36,0,4,-1.2661764630623922,0.012249921926644489,Inactifs
12716.0,4,2,1053.49,2,1,0.80156158307679,-1.367055012988107,Nouveaux clients
12717.0,151,2,1030.98,0,0,-0.5129799793411515,0.7896239170746787,Inactifs
12718.0,71,1,238.25,0,4,-1.287520400533124,-0.37152725106355505,Inactifs
12719.0,5,2,644.95,2,1,0.4995360177464701,-1.4299678720830862,Nouveaux clients
12720.0,3,25,5781.73,1,3,3.647761712898774,-0.06265865933568691,Champions
12721.0,32,6,2656.13,3,0,1.2856010113382004,0.4899280723081142,Occasionnels
12722.0,85,4,997.63,3,0,0.15123061571895552,0.612013064373765,Occasionnels
12723.0,4,5,725.07,2,1,1.251824623031088,-1.2378212176848098,Nouveaux clients
12724.0,5,4,1031.41,2,1,1.1841074928889312,-1.0637810015833808,Nouveaux clients
12725.0,371,1,427.8,0,2,-1.6381870811882027,0.882046350346162,Inactifs
12726.0,28,7,2609.1,3,0,1.447319479664608,0.45259053234990715,Occasionnels
12727.0,11,7,3980.7,1,1,1.9846359158282298,0.04702324286061189,Champions
12728.0,71,4,836.33,3,0,0.13557434366087515,0.4352141444880846,Occasionnels
12729.0,114,1,453.01,0,2,-1.1626481963839603,0.15863636638254944,Inactifs
12731.0,24,12,18895.91,1,3,2.881975717501951,1.2652005294532438,Champions
12732.0,180,1,236.26,0,2,-1.6436183257474266,0.20981245230445567,Inactifs
12733.0,234,1,383.95,0,2,-1.5138827648417448,0.5515849855988151,Inactifs
12734.0,353,1,110.4,0,2,-2.258338016612189,0.359707464047469,Inactifs
12735.0,315,2,779.5699999999999,0,0,-0.9249387261659239,1.1518877748709901,Inactifs
12736.0,333,1,234.0,0,2,-1.8821852725939352,0.5947036215677586,Inactifs
12738.0,372,1,155.35,0,2,-2.117585053391569,0.516304830766117,Inactifs
12739.0,78,2,1013.04,3,0,-0.27130324221257396,0.3683685341203634,Occasionnels
12740.0,64,1,427.6,0,4,-0.9720102562917731,-0.22402889420896868,Inactifs
12743.0,134,2,540.13,0,0,-0.7737758071536469,0.4793142808910909,Inactifs
12744.0,52,7,21279.29,1,3,2.2119407706658487,1.5990950596079776,Champions
12747.0,2,11,4196.01,1,3,2.906057827976422,-0.6575198180197857,Champions
12748.0,1,209,33053.19,1,3,6.629389339714292,0.9319257629120721,Champions
12749.0,4,5,4090.88,1,1,2.071693340389003,-0.6080706896636364,Champions
12750.0,129,1,275.88,0,2,-1.4439685696789066,0.05624659517329795,Inactifs
12752.0,81,1,4366.78,3,0,0.039984915788562315,0.7687498960632537,Occasionnels
12753.0,23,6,21429.39,1,3,2.397079498413503,1.0483483985191144,Champions
12754.0,236,3,3010.74,3,0,0.08549551793280107,1.5713262965407624,Occasionnels
12755.0,281,2,3811.95,3,0,-0.1293796640935522,1.6574004270701674,Occasionnels
12756.0,87,1,112.07999999999998,0,4,-1.719514781160681,-0.5172545146430201,Inactifs
12757.0,16,13,7834.650000000001,1,3,2.6789493716875263,0.7284486470228806,Champions
12758.0,117,2,2791.59,3,0,0.055757556496173734,0.9916757619093834,Occasionnels
12759.0,52,3,1531.44,3,0,0.33727358636957605,0.3757601685760693,Occasionnels
12762.0,8,2,1898.52,2,1,0.8560896531079298,-0.7800856996975785,Nouveaux clients
12763.0,138,2,494.08,0,0,-0.8271013067110946,0.4654322768402193,Inactifs
12764.0,317,1,1693.88,0,0,-0.9266052601879262,1.28317215235233,Inactifs
12766.0,4,7,6989.63,1,1,2.5859472845099054,-0.3029711150039839,Champions
12769.0,239,1,1143.6,0,0,-1.0052392093479579,0.9618038518274009,Inactifs
12770.0,211,1,1351.45,0,0,-0.8787325484405246,0.943934477366636,Inactifs
12772.0,60,1,892.47,0,0,-0.5994389583368408,0.003248033795103476,Inactifs
12775.0,17,5,1386.04,3,1,1.0694222561202131,-0.1900488181450705,Occasionnels
12778.0,20,6,822.23,3,1,0.9026589471831147,-0.22336382601286048,Occasionnels
12779.0,38,8,3981.36,3,0,1.6410479192387954,0.8393296493620535,Occasionnels
12781.0,64,2,826.74,3,0,-0.2930433733837156,0.17077969027121834,Occasionnels
12782.0,5,5,2330.92,1,1,1.735423243882457,-0.6972871643662004,Champions
12783.0,2,6,2225.91,1,1,2.1178413526809283,-1.0945137959539912,Champions
12784.0,9,2,532.8199999999999,2,4,0.21399753968229399,-1.1755776055097598,Nouveaux clients
12785.0,364,1,311.95,0,2,-1.7802644102983642,0.7552986703819216,Inactifs
12787.0,10,3,463.66,2,1,0.3721111272957637,-1.05564733374336,Nouveaux clients
12789.0,65,1,91.85,0,4,-1.7030817224280208,-0.7714149042882247,Inactifs
12790.0,192,1,324.92,0,2,-1.5175977909385274,0.3661399769072423,Inactifs
12791.0,374,1,192.6,0,2,-2.018302164744791,0.5975242700876301,Inactifs
12792.0,257,1,400.54,0,2,-1.5295450964152941,0.6261452869355255,Inactifs
12793.0,335,2,545.48,0,0,-1.117430663312489,1.0609431905034654,Inactifs
12794.0,53,2,860.41,3,0,-0.2033144255572461,0.06776729971446753,Occasionnels
12795.0,19,1,430.48,2,4,-0.5185909456440154,-0.9687814938143384,Nouveaux clients
12797.0,366,1,254.03,0,2,-1.8793935788883709,0.6842239384342175,Inactifs
12798.0,10,3,6977.04,1,0,1.656701617075615,-0.06893870332164219,Champions
12802.0,187,1,427.58,0,2,-1.3777351541753478,0.44922869691879286,Inactifs
12808.0,37,3,483.65,2,0,-0.0814763971911455,-0.25442212977704076,Nouveaux clients
12809.0,178,1,489.31,0,2,-1.295193226315334,0.46713772426517547,Inactifs
12811.0,261,3,514.85,0,0,-0.7894401162204925,0.9922772371082306,Inactifs
12812.0,45,1,229.64,0,4,-1.1337541157993725,-0.6688946455914142,Inactifs
12814.0,102,1,125.92,0,4,-1.7248915964785778,-0.37542641607128524,Inactifs
12815.0,148,2,1063.46,3,0,-0.4906718547775558,0.7882729900138635,Occasionnels
12816.0,96,2,572.2,0,0,-0.6202015182427318,0.2907271416767597,Inactifs
12817.0,281,1,166.04,0,2,-1.9793923000103655,0.3630982216225226,Inactifs
12818.0,262,1,1542.08,0,0,-0.8985555896401947,1.128615562245205,Inactifs
12820.0,3,4,942.34,2,1,1.2962139607596548,-1.3536799946813176,Nouveaux clients
12821.0,214,1,92.72,0,2,-2.149792849837236,-0.019350526196620244,Inactifs
12822.0,71,2,948.88,3,0,-0.26685254688271043,0.28574575265170105,Occasionnels
12823.0,75,5,1759.5,3,0,0.6322579644453125,0.8098838138684945,Occasionnels
12824.0,60,1,397.12,0,4,-0.982727009651146,-0.29115989712003254,Inactifs
12826.0,3,7,1474.72,1,1,1.9336744195589655,-1.0109221779580575,Champions
12827.0,6,3,430.15,2,1,0.5092780466749994,-1.3694375800622778,Nouveaux clients
12828.0,3,6,1018.71,1,1,1.6375860326669758,-1.1966205839261472,Champions
12829.0,337,2,293.0,0,2,-1.4136352591866885,0.8389286508683869,Inactifs
12830.0,38,6,6814.64,3,0,1.6684285982596052,0.9389004083975101,Occasionnels
12831.0,262,1,215.05,0,2,-1.8307576685202815,0.4125804959372777,Inactifs
12832.0,32,2,383.03,2,4,-0.3982359159661286,-0.5386536301250135,Nouveaux clients
12833.0,145,1,417.38,0,2,-1.2925736897805804,0.2801745988549107,Inactifs
12834.0,283,1,312.38,0,2,-1.6837612286355559,0.596729583005964,Inactifs
12836.0,59,4,2610.36,3,0,0.7445292251873951,0.7338829177282229,Occasionnels
12837.0,173,1,134.1,0,2,-1.8955682602686523,-0.020289576058931103,Inactifs
12838.0,34,2,671.95,2,0,-0.15473513889443596,-0.29705199200805077,Nouveaux clients
12839.0,3,14,5591.42,1,3,3.134179225701623,-0.2852499020207988,Champions
12840.0,144,4,2726.77,3,0,0.4281377937072315,1.3091452271724646,Occasionnels
12841.0,5,25,3991.58,1,3,3.317229495440327,0.059465020197944314,Champions
12842.0,70,2,1118.99,3,0,-0.1833977400305839,0.3368781608576542,Occasionnels
12843.0,66,8,1702.26,3,0,1.0316221681988118,0.8730421557917292,Occasionnels
12844.0,29,2,325.96000000000004,2,4,-0.4381111083079767,-0.6576683944030385,Nouveaux clients
12845.0,267,4,354.09,0,0,-0.7732465145054632,0.9559777490486521,Inactifs
12847.0,22,1,843.64,2,4,-0.2534944933613324,-0.6355492350384354,Nouveaux clients
12849.0,31,2,1010.29,3,0,0.07262529681197565,-0.2055159409535926,Occasionnels
12851.0,97,1,131.81,0,4,-1.684373885097387,-0.3904507802538789,Inactifs
12852.0,295,1,311.55,0,2,-1.7008277853180938,0.6219992668837144,Inactifs
12853.0,135,6,1957.1,3,0,0.5998891566188368,1.2764933187654235,Occasionnels
12854.0,79,3,1316.25,3,0,0.1082448938605252,0.58166400913694,Occasionnels
12855.0,373,1,38.1,0,2,-2.775775375417732,0.013224199313216509,Inactifs
12856.0,8,6,2170.78,1,1,1.6862875842710434,-0.40719386221232057,Champions
12857.0,211,2,1106.4,0,0,-0.6066280477916568,1.0262274180186626,Inactifs
12863.0,52,1,521.2,0,4,-0.8003879150645076,-0.28147223786201314,Inactifs
12864.0,138,1,147.12,0,2,-1.7661527541185564,-0.1291502328501848,Inactifs
12865.0,26,2,1568.23,3,0,0.345850574371416,-0.15320485172245418,Occasionnels
12866.0,283,1,559.12,0,2,-1.4084027207256598,0.8082355986400235,Inactifs
12867.0,26,7,4009.34,1,0,1.6782605425020958,0.5637113221201597,Champions
12868.0,186,6,1607.0600000000002,3,0,0.38485736413471916,1.4066439397188637,Occasionnels
12871.0,84,2,380.64,0,0,-0.7626210324254662,0.058867117062292675,Inactifs
12872.0,327,2,599.97,0,0,-1.0631582382121407,1.080283525422964,Inactifs
12873.0,282,1,374.0,0,2,-1.5972983575294026,0.6598716125309037,Inactifs
12875.0,143,2,343.2300000000001,0,2,-1.0129134266873325,0.3554799294081609,Inactifs
12876.0,58,2,2218.02,3,0,0.21152821913918593,0.46853292584805256,Occasionnels
12877.0,4,12,1535.77,1,1,2.3069718424262904,-0.6689834627905975,Champions
12878.0,236,2,854.99,0,0,-0.7713113563516618,1.0031079028817889,Inactifs
12879.0,45,3,573.22,3,0,-0.07404915295674601,-0.07154154702457152,Occasionnels
12881.0,276,1,298.0,0,2,-1.6965002866693781,0.563800868740246,Inactifs
12882.0,9,2,1463.04,2,1,0.6923713348490739,-0.8081332284775545,Nouveaux clients
12883.0,25,4,703.47,3,0,0.44274484282874044,-0.273418160669081,Occasionnels
12884.0,88,1,309.05,0,4,-1.2455798542100298,-0.14274100744313223,Inactifs
12885.0,63,3,1175.22,3,0,0.13979175602410468,0.3989626905680621,Occasionnels
12886.0,68,2,1378.4,3,0,-0.07370247925849734,0.39463874346315286,Occasionnels
12888.0,214,2,354.12,0,2,-1.1512597552912134,0.6209205161820301,Inactifs
12890.0,24,1,376.72,2,4,-0.6669262585914864,-0.8757867184892896,Nouveaux clients
12891.0,186,3,331.0,0,0,-0.8695680536348812,0.6179933686958093,Inactifs
12893.0,31,1,176.55,2,4,-1.1191667834291887,-0.9942314180443694,Nouveaux clients
12895.0,42,2,372.8,2,4,-0.5121500385865176,-0.3806889561248831,Nouveaux clients
12897.0,205,2,216.5,0,2,-1.367382849577987,0.4152585633575532,Inactifs
12901.0,9,28,17654.54,1,3,3.9257906348415252,0.9664970794798419,Champions
12902.0,265,1,138.68,0,2,-2.0418960785460185,0.2609209644644219,Inactifs
12904.0,18,2,496.06,2,4,-0.06501939493968491,-0.7946686252301794,Nouveaux clients
12906.0,12,5,2919.81,1,1,1.5468313897373778,-0.12512682179884893,Champions
12908.0,176,2,750.0,0,0,-0.7218468605709732,0.7703981775498614,Inactifs
12909.0,40,5,2178.67,3,0,0.9692804103757203,0.49642829585954107,Occasionnels
12910.0,23,8,3075.04,1,1,1.7040690089230657,0.43749977787586175,Champions
12912.0,3,5,1662.3,1,1,1.7300984508978952,-1.0773864504672963,Champions
12913.0,5,5,2483.63,1,1,1.7654997809151596,-0.6741850326756165,Champions
12915.0,149,2,363.65,0,2,-1.0011827338363015,0.4023468043991538,Inactifs
12916.0,139,4,2944.95,3,0,0.47802741772062207,1.3149239794407714,Occasionnels
12917.0,128,1,594.0,0,0,-1.0783005687542617,0.329959302101784,Inactifs
12919.0,8,6,1335.19,1,1,1.4559784573550412,-0.5840969336587354,Champions
12920.0,17,1,162.78,2,4,-0.9376565518600803,-1.3883769551743488,Nouveaux clients
12921.0,9,37,16587.09,1,3,4.140795254696933,1.047174997420332,Champions
12922.0,161,1,405.38,0,2,-1.3460961565204597,0.3354985451483371,Inactifs
12923.0,64,1,172.82,0,4,-1.3999374509277485,-0.5527246610691399,Inactifs
12924.0,88,4,933.7,3,0,0.10676273446802581,0.6096548491807785,Occasionnels
12925.0,5,2,694.05,2,1,0.5342734524753766,-1.4032856516257348,Nouveaux clients
12928.0,35,5,2062.7000000000003,3,0,0.9930369382927637,0.39407080817098494,Occasionnels
12929.0,312,1,117.85,0,2,-2.180622063706986,0.30525065227940285,Inactifs
12930.0,78,2,415.8,0,0,-0.6928707489033107,0.04455771622430247,Inactifs
12931.0,22,15,42055.96,1,3,3.481049077605417,1.5831411768866244,Champions
12933.0,24,3,607.53,2,0,0.18639703856413095,-0.4369577350504365,Nouveaux clients
12935.0,2,7,2160.7,1,1,2.224576780049596,-1.0542595613728276,Champions
12936.0,17,4,1063.9,3,0,0.7791315136714958,-0.35604636433708214,Occasionnels
12937.0,15,4,1504.27,3,1,0.988225552638158,-0.30466528629589057,Occasionnels
12938.0,26,1,114.14,2,4,-1.259624113368867,-1.259674665562753,Nouveaux clients
12939.0,64,8,11581.8,1,0,1.952144136044945,1.552001841047925,Champions
12940.0,55,2,899.69,3,0,-0.1960639336177328,0.10706212640211214,Occasionnels
12942.0,131,3,675.6,3,0,-0.398942776408832,0.6564827907505488,Occasionnels
12944.0,36,2,604.51,2,0,-0.2260335165171922,-0.30028422666882504,Nouveaux clients
12945.0,288,1,462.95,0,2,-1.5043882236568313,0.7506926177112531,Inactifs
12947.0,144,6,1603.99,3,0,0.48112196703258153,1.2446905984699865,Occasionnels
12948.0,16,7,2064.95,1,1,1.54048112786434,0.028866106008243197,Champions
12949.0,31,8,4167.22,1,0,1.7382453163015574,0.7305337997948059,Champions
12950.0,2,3,1843.0,2,1,1.5220042292854266,-1.3772951743248347,Nouveaux clients
12951.0,9,6,1064.07,3,1,1.3082011206011115,-0.5999000124342597,Occasionnels
12952.0,6,4,1387.79,3,1,1.2658269030227816,-0.8580593061050844,Occasionnels
12953.0,10,1,329.85,2,4,-0.4161332869358462,-1.4444884837440817,Nouveaux clients
12955.0,1,11,4757.16,1,3,3.1204458408363442,-0.8688551879423675,Champions
12956.0,306,1,108.07,0,2,-2.2139451590762134,0.26170547551013057,Inactifs
12957.0,10,8,4017.54,1,1,2.1288182299145797,0.04027219082041245,Champions
12962.0,7,2,266.39,2,4,-0.028569722052019703,-1.568829114137177,Nouveaux clients
12963.0,8,8,1856.63,1,1,1.8396074639098794,-0.36796645780967274,Champions
12965.0,89,1,769.8100000000001,0,0,-0.8180306130797472,0.196026041942217,Inactifs
12966.0,10,1,160.18,2,4,-0.7571191028082526,-1.7064035843535796,Nouveaux clients
12967.0,358,2,1660.9,0,0,-0.6153583539325107,1.5079918431153532,Inactifs
12968.0,112,1,135.95,0,2,-1.7242233206818767,-0.2889856688273813,Inactifs
12970.0,7,4,405.47,2,1,0.6322336654787938,-1.2208987832597222,Nouveaux clients
12971.0,4,86,11189.91,1,3,4.968472659049102,0.7812689680105875,Champions
12974.0,198,1,144.8,0,2,-1.910710901741527,0.09257587746511388,Inactifs
12976.0,212,1,738.6,0,2,-1.1667131979653917,0.7270972723548017,Inactifs
12977.0,156,1,39.24,0,2,-2.430570507536679,-0.5265715983702856,Inactifs
12980.0,158,9,7374.900000000001,3,0,1.491789097103321,1.9950040999928988,Occasionnels
12981.0,30,2,372.22,2,4,-0.38789164626488803,-0.5886865139718961,Nouveaux clients
12982.0,243,1,390.54,0,2,-1.520190862003782,0.5815921010132533,Inactifs
12984.0,19,1,97.5,2,4,-1.21899675747517,-1.5067711993505886,Nouveaux clients
12985.0,1,2,1239.38,2,1,1.2285669683445235,-1.8887921837927881,Nouveaux clients
12987.0,74,2,558.7,0,0,-0.5332438121078014,0.1189839743661727,Inactifs
12988.0,292,1,505.82,0,2,-1.4677336854507828,0.7915947071332672,Inactifs
12989.0,3,15,6924.110000000001,1,3,3.2939244885604504,-0.18271694990925136,Champions
12990.0,31,3,409.5,2,4,-0.0945639716458986,-0.423840682714818,Nouveaux clients
12991.0,23,2,503.76,2,4,-0.1469709278697337,-0.6409731195989423,Nouveaux clients
12993.0,23,4,414.76,2,0,0.22328095407651607,-0.516218719434975,Nouveaux clients
12994.0,4,3,974.42,2,1,1.024916099907564,-1.2853986116786595,Nouveaux clients
12995.0,85,1,211.32,0,4,-1.412015285275741,-0.3023800358098582,Inactifs
12997.0,22,4,1226.89,3,1,0.753022728818229,-0.1487857931471732,Occasionnels
12999.0,196,3,455.88,0,0,-0.738077142812403,0.7673035935561221,Inactifs
13000.0,107,3,534.85,0,0,-0.43287236886862834,0.44432852786436666,Inactifs
13001.0,4,13,9785.97,1,3,3.2518662016765507,0.03364088978016334,Champions
13002.0,318,1,120.95,0,2,-2.1756664095618556,0.3266656426981389,Inactifs
13003.0,106,3,149.05,0,4,-1.0328647035693632,-0.025159039753930402,Inactifs
13004.0,12,18,5655.91,1,3,2.903270869019173,0.5565410353954259,Champions
13005.0,174,2,513.7,0,0,-0.8966520659199606,0.6255900875770573,Inactifs
13006.0,56,1,81.57,0,4,-1.7027163652640211,-0.9070874290844207,Inactifs
13008.0,323,1,229.47,0,2,-1.879802845841362,0.5683444015595422,Inactifs
13011.0,372,1,50.55,0,2,-2.6436819229518105,0.1122038151016609,Inactifs
13012.0,9,8,1646.84,1,1,1.7425389843244057,-0.3448194840937509,Champions
13013.0,1,13,4810.9400000000005,1,3,3.2652599430924516,-0.8057961097858679,Champions
13014.0,11,10,3466.28,1,1,2.2071983210478074,0.11845463155316484,Champions
13015.0,53,5,3339.64,3,0,1.0665327523120538,0.8265330343177872,Occasionnels
13016.0,73,3,789.89,3,0,-0.10386090994307592,0.34644525503437207,Occasionnels
13017.0,7,1,204.0,2,4,-0.5214415842154595,-1.8206959872252058,Nouveaux clients
13018.0,16,28,7277.7,1,3,3.3029437230855905,0.9801609089450447,Champions
13021.0,4,9,2616.38,1,1,2.3220522360321842,-0.5754074619421374,Champions
13023.0,64,2,689.9,3,0,-0.37872517945496875,0.10496651619493037,Occasionnels
13026.0,1,5,975.36,1,1,1.7422835892877884,-1.7108189680351897,Champions
13027.0,114,6,6912.0,3,0,1.2620725261430146,1.6295857409864007,Occasionnels
13028.0,23,2,661.3199999999999,2,0,-0.018159100433666992,-0.5420312833929605,Nouveaux clients
13029.0,31,3,1247.5,3,0,0.43284977365033195,-0.018728159753498858,Occasionnels
13030.0,11,2,752.4399999999999,2,1,0.3077406570016132,-0.9344960181816175,Nouveaux clients
13032.0,52,2,1010.18,3,0,-0.12016566924135598,0.11430060521458235,Occasionnels
13033.0,357,1,190.55,0,2,-2.0056276462078237,0.5642369918784879,Inactifs
13034.0,55,2,642.77,2,0,-0.35529467169977536,-0.01524482257810116,Nouveaux clients
13035.0,74,2,921.88,3,0,-0.2961194282446001,0.3011219225315452,Occasionnels
13037.0,138,3,881.07,3,0,-0.2929395178064409,0.7858232945064212,Occasionnels
13038.0,80,3,908.46,3,0,-0.07215164418334649,0.4546194275957641,Occasionnels
13040.0,9,2,676.99,2,1,0.32735572756845766,-1.088505886385159,Nouveaux clients
13043.0,273,1,516.42,0,2,-1.4323082673407141,0.7566314602325966,Inactifs
13044.0,291,1,560.47,0,2,-1.4178730250304514,0.8267228095927821,Inactifs
13045.0,99,1,305.28000000000003,0,4,-1.2958962913188035,-0.07332166287267881,Inactifs
13046.0,31,2,629.31,2,0,-0.1515413503885825,-0.3777009035585994,Nouveaux clients
13047.0,32,10,3237.54,1,3,1.7884087127760806,0.7348886080300893,Champions
13048.0,14,4,1819.41,3,1,1.1030111159655598,-0.27634716978871093,Occasionnels
13049.0,64,2,656.6800000000001,3,0,-0.40208995547253146,0.08701976481554685,Occasionnels
13050.0,15,17,5836.86,1,3,2.7899592209728565,0.6789568137212686,Champions
13052.0,212,1,348.15000000000003,0,2,-1.5226180921639314,0.4537226572467524,Inactifs
13055.0,78,3,1214.41,3,0,0.07489714949843708,0.544384255322339,Occasionnels
13058.0,25,3,271.40000000000003,2,4,-0.20969940845393195,-0.704832498179888,Nouveaux clients
13059.0,250,1,183.4,0,2,-1.888025394464685,0.3252841064279267,Inactifs
13060.0,254,1,307.53,0,2,-1.650011566371478,0.5227672585260501,Inactifs
13061.0,72,1,248.61,0,4,-1.2726896504700498,-0.34734430496323765,Inactifs
13062.0,191,1,346.98,0,2,-1.4845594854646385,0.3866996481753829,Inactifs
13064.0,13,4,1105.59,3,1,0.893341795296799,-0.5013773110679358,Occasionnels
13065.0,373,1,205.86,0,2,-1.9858702563309005,0.6199593451968228,Inactifs
13066.0,24,2,470.8,2,4,-0.19458357827019518,-0.6396885445005485,Nouveaux clients
13067.0,82,1,115.46,0,4,-1.6832043593455392,-0.5436106928835287,Inactifs
13068.0,10,2,344.0,2,4,-0.029386434100089804,-1.2741374426977148,Nouveaux clients
13069.0,1,24,4431.44,1,3,3.750963126583132,-0.6139235032881099,Champions
13070.0,192,1,228.8,0,2,-1.6832879361015607,0.2388714835555516,Inactifs
13072.0,267,1,177.15,0,2,-1.9294088239181482,0.35427020610115467,Inactifs
13075.0,130,1,919.61,0,0,-0.8772204876169228,0.49867845897442287,Inactifs
13077.0,1,4,728.02,2,1,1.4387927722515257,-1.8869556423161644,Nouveaux clients
13078.0,3,26,12627.94,1,3,4.052281536302581,0.23626324698674916,Champions
13079.0,4,5,220.1,2,1,0.6880388030006671,-1.670871546765743,Nouveaux clients
13080.0,179,1,58.08,0,2,-2.3007034527707937,-0.30003984277955453,Inactifs
13081.0,12,11,28337.38,1,3,3.2514834785644022,0.9676175321427305,Champions
13082.0,126,9,3613.63,3,0,1.2394493618728402,1.5927869932474603,Occasionnels
13083.0,4,2,303.75,2,1,0.21298244990545154,-1.8191493691325473,Nouveaux clients
13085.0,158,2,416.08,0,2,-0.9597432539048492,0.4882127844087045,Inactifs
13089.0,3,97,58762.08,1,3,5.947790448456745,1.2893535763034831,Champions
13090.0,9,14,8910.82,1,3,3.0050985435956,0.4653266367881306,Champions
13091.0,28,1,345.82,2,4,-0.7640902852189122,-0.8127817922824314,Nouveaux clients
13092.0,71,5,477.83,3,0,0.03555743631818376,0.3014119259824757,Occasionnels
13093.0,276,8,7832.47,3,0,1.212938616617888,2.328528468747821,Occasionnels
13094.0,21,12,1927.32,1,3,1.8486192216141137,0.3529209495635128,Champions
13095.0,71,1,74.39999999999999,0,4,-1.8350286566572878,-0.7920745973524408,Inactifs
13097.0,33,10,6003.22,1,3,2.0697201068148185,0.9786513360397788,Champions
13098.0,1,28,28882.44,1,3,4.7739809857896764,0.12548483088226736,Champions
13099.0,99,1,207.36,0,2,-1.4785563578672174,-0.21362494670565574,Inactifs
13101.0,234,1,101.19,0,2,-2.1427456240727123,0.06854823926480415,Inactifs
13102.0,1,24,6424.09,1,3,3.926998316604397,-0.47870886279853486,Champions
13103.0,40,1,243.94,2,4,-1.0612749252858473,-0.7199324302786736,Nouveaux clients
13104.0,3,6,1098.48,1,1,1.6732989872656843,-1.1691890555124163,Champions
13106.0,133,1,76.5,0,2,-2.0592903953938575,-0.38828537429124366,Inactifs
13107.0,44,4,1531.62,3,0,0.6017492757426955,0.3574291976451401,Occasionnels
13108.0,373,1,350.06,0,2,-1.7350823101242574,0.8125924316913679,Inactifs
13109.0,60,2,786.54,3,0,-0.2923871816682187,0.11238437639721834,Occasionnels
13110.0,31,7,1488.67,3,1,1.1437930496441047,0.31073710287492295,Occasionnels
13113.0,1,24,12245.96,1,3,4.2328604700309675,-0.24377264856804537,Champions
13115.0,12,4,2294.78,3,1,1.2676846125763739,-0.28256456094418736,Occasionnels
13116.0,138,1,501.14,0,2,-1.1872769959296248,0.31549085011845934,Inactifs
13117.0,22,8,984.91,3,1,1.1808167304338861,-0.003884057576279816,Occasionnels
13118.0,20,5,1197.81,3,1,0.9413849332999527,-0.14544366551955057,Occasionnels
13120.0,239,1,30.6,0,2,-2.707293318348243,-0.3455633536414352,Inactifs
13121.0,269,1,283.73,0,2,-1.7099100937499285,0.5297645373142974,Inactifs
13122.0,94,2,922.39,3,0,-0.3861575148817677,0.45117846307248477,Occasionnels
13124.0,90,3,3756.33,3,0,0.5560230078233925,1.0450810337472634,Occasionnels
13126.0,5,8,2099.64,1,1,2.0527872841266306,-0.5802298543039233,Champions
13127.0,78,1,259.17,0,4,-1.283216162971411,-0.28217970562411004,Inactifs
13130.0,94,1,64.0,0,2,-2.011296788618506,-0.6703959439208411,Inactifs
13131.0,23,3,1073.3,3,0,0.47149071451158653,-0.2558304214318455,Occasionnels
13132.0,262,1,77.3,0,2,-2.3120076658514463,0.042926875164740703,Inactifs
13133.0,274,2,109.8,0,2,-1.797544819674595,0.3527537956725926,Inactifs
13134.0,86,4,1793.58,3,0,0.42473686880798844,0.8328173043256883,Occasionnels
13135.0,197,1,3096.0,3,0,-0.45978920099601905,1.2023735982033206,Occasionnels
13136.0,56,5,2607.61,3,0,0.9285992258046132,0.7707241123452071,Occasionnels
13137.0,11,8,3603.29,1,1,2.04399484896848,0.05580863737467224,Champions
13138.0,22,6,962.39,3,1,0.9424559207283321,-0.10843237187473469,Occasionnels
13139.0,16,7,5064.94,1,3,1.9657747377125838,0.35553898630676195,Champions
13140.0,108,3,422.47,0,0,-0.5479958642224898,0.3644479479268905,Inactifs
13141.0,85,5,2388.75,3,0,0.7299353033384279,0.9995446567058274,Occasionnels
13142.0,19,1,307.09,2,4,-0.6783003886321408,-1.0914561415016613,Nouveaux clients
13144.0,333,1,110.95,0,2,-2.233787347758908,0.324634050914998,Inactifs
13145.0,40,4,618.52,3,0,0.2078247497328307,-0.031476406607468095,Occasionnels
13146.0,26,1,228.91,2,4,-0.9317269818121076,-1.0078131329018452,Nouveaux clients
13147.0,10,4,712.8000000000001,2,1,0.7775785032061906,-0.8139387556813458,Nouveaux clients
13148.0,29,12,3683.26,1,3,2.0371187034887095,0.7853326332930639,Champions
13149.0,14,4,1676.06,3,1,1.064121118814385,-0.3062190208816739,Occasionnels
13151.0,296,1,1257.87,0,0,-1.0415200989244295,1.1315487015625032,Inactifs
13153.0,6,1,486.22,2,1,-0.05995364751490508,-1.5900525577874125,Nouveaux clients
13155.0,33,4,971.76,3,0,0.49327457295571564,0.014169693473621745,Occasionnels
13157.0,49,4,1741.22,3,0,0.6222797270992795,0.470905253673341,Occasionnels
13158.0,95,4,1201.06,3,0,0.19712258077513473,0.749272858335277,Occasionnels
13159.0,9,4,1429.35,3,1,1.1435588822722418,-0.62121121904794,Occasionnels
13160.0,22,1,91.8,2,4,-1.3006499097572934,-1.4398812731246078,Nouveaux clients
13161.0,313,1,112.75,0,2,-2.202636612296944,0.29129909205959215,Inactifs
13162.0,122,4,1688.29,3,0,0.26379131788528576,1.0303134671028549,Occasionnels
13165.0,46,2,1021.48,3,0,-0.06900145193628755,0.04218424667518759,Occasionnels
13166.0,283,1,417.2,0,2,-1.5469468306681808,0.7018182850587835,Inactifs
13167.0,19,4,791.33,3,0,0.5986960255349871,-0.396934542277814,Occasionnels
13168.0,36,4,1299.59,3,0,0.5986856135741254,0.17355165865045963,Occasionnels
13169.0,64,2,712.88,3,0,-0.363210911278323,0.11688320281713696,Occasionnels
13170.0,27,1,108.81,2,4,-1.2959901170095336,-1.2538821674071299,Nouveaux clients
13171.0,22,3,468.41,2,0,0.09517226566707716,-0.5843527037549765,Nouveaux clients
13173.0,4,2,353.65,2,1,0.2848832183355246,-1.7639215675036681,Nouveaux clients
13174.0,16,3,2742.82,3,0,1.0478261405621616,-0.13292942834054938,Occasionnels
13176.0,46,1,481.49,2,4,-0.7919942096703516,-0.38644111521250757,Nouveaux clients
13177.0,65,1,282.45,0,4,-1.173900196169604,-0.3649445285746378,Inactifs
13178.0,26,11,5725.47,1,3,2.214055323172796,0.848547779267043,Champions
13182.0,45,1,121.18,0,4,-1.4350148653177581,-0.9002964689133736,Inactifs
13183.0,8,9,3957.78,1,1,2.2937064940275667,-0.05209447043057735,Champions
13184.0,15,10,1668.95,1,1,1.7508973219234283,0.03474743111157275,Champions
13185.0,268,1,71.4,0,2,-2.3577704921099376,0.028694547509901535,Inactifs
13186.0,40,3,1575.89,3,0,0.44889773511589226,0.22343005294736143,Occasionnels
13187.0,337,1,236.02,0,2,-1.8826746186388286,0.6053677953765328,Inactifs
13188.0,11,1,114.6,2,4,-0.9479598482162442,-1.7723002865898272,Nouveaux clients
13189.0,19,2,260.68,2,4,-0.38882601832027264,-0.9958212055272809,Nouveaux clients
13192.0,95,2,911.94,3,0,-0.39555414123401944,0.45367139752722074,Occasionnels
13193.0,61,1,112.08,0,4,-1.5857381525356906,-0.7392604032933228,Inactifs
13194.0,136,1,60.7,0,2,-2.1758528863317737,-0.4572857174716882,Inactifs
13196.0,11,4,1797.78,3,1,1.1825838813631429,-0.42215924343338657,Occasionnels
13198.0,10,6,3401.24,1,1,1.822474012742261,-0.11649495539888986,Champions
13199.0,4,38,9817.12,1,3,4.180406895977294,0.4266913797090446,Champions
13200.0,19,4,870.09,3,0,0.6436304815320435,-0.3624198732931489,Occasionnels
13203.0,10,4,869.46,2,1,0.8716599733793595,-0.7416737036502209,Nouveaux clients
13207.0,15,2,250.26,2,4,-0.3228525229872088,-1.1520790338672109,Nouveaux clients
13208.0,59,6,1217.65,3,0,0.6876228358272187,0.585020092432066,Occasionnels
13209.0,30,8,5891.61,1,3,1.9145306219500096,0.8364983088810796,Champions
13210.0,94,1,353.48,0,4,-1.2070034721854501,-0.05260905928416098,Inactifs
13211.0,10,3,1095.42,2,1,0.7791735088383951,-0.7429780681807866,Nouveaux clients
13212.0,20,3,786.83,2,0,0.37544377497970843,-0.4534358997326763,Nouveaux clients
13213.0,57,5,1520.58,3,0,0.6663534104343365,0.5854183890307217,Occasionnels
13216.0,268,1,333.74,0,2,-1.6317682457401745,0.5863451668301218,Inactifs
13217.0,122,3,533.98,0,0,-0.48332286334642205,0.5261820748844876,Inactifs
13218.0,127,1,62.63999999999999,0,2,-2.1352168321660794,-0.48908694474491277,Inactifs
13220.0,78,4,819.2900000000001,3,0,0.09038311593577307,0.4865436576022174,Occasionnels
13221.0,240,2,847.41,0,0,-0.7819222416181001,1.0104784739441521,Inactifs
13223.0,200,2,163.20000000000002,0,2,-1.4912882785391057,0.2972991574956939,Inactifs
13224.0,60,2,2155.95,3,0,0.18534175703057884,0.47933343180949584,Occasionnels
13225.0,3,7,6463.84,1,1,2.6341123059540603,-0.4729078355828229,Champions
13226.0,273,1,108.21,0,2,-2.169896257241503,0.19008169895011984,Inactifs
13227.0,202,1,257.7,0,2,-1.6464165305130662,0.3140387968754673,Inactifs
13228.0,81,1,358.0,0,4,-1.1447817761500685,-0.1412829348448889,Inactifs
13229.0,226,1,160.95,0,2,-1.9111881951672116,0.21429081677980943,Inactifs
13230.0,4,14,2755.63,1,3,2.7135196797530483,-0.40143048110866786,Champions
13232.0,13,7,1328.35,1,1,1.4055931194266245,-0.25479406107931535,Champions
13233.0,74,2,605.12,0,0,-0.49546449101845613,0.1480027024876292,Inactifs
13235.0,212,1,1031.07,0,0,-1.0087187461128957,0.8484546157587086,Inactifs
13236.0,25,2,744.85,2,0,0.007582896287272969,-0.4480307229842478,Nouveaux clients
13238.0,17,4,700.73,3,0,0.5813671748558545,-0.507951412250429,Occasionnels
13239.0,262,1,329.56,0,2,-1.6291095873395827,0.5674686907292796,Inactifs
13240.0,96,4,663.65,3,0,-0.08778806131700041,0.5400397001238811,Occasionnels
13242.0,112,3,270.40000000000003,0,2,-0.772709605290921,0.22526449658996367,Inactifs
13243.0,203,1,585.12,0,2,-1.2605029627888347,0.6150204429128251,Inactifs
13244.0,93,1,121.74,0,4,-1.7058427513359897,-0.44558655834558786,Inactifs
13245.0,51,1,430.5,0,4,-0.883572431720936,-0.3630316146278171,Inactifs
13246.0,18,6,1961.52,3,1,1.3528128025694501,0.029591805396790138,Occasionnels
13247.0,18,4,501.12,2,0,0.40200919648654065,-0.5955789289329889,Nouveaux clients
13248.0,125,2,465.68,0,2,-0.8176031576442704,0.38166925149211417,Inactifs
13249.0,92,3,711.41,3,0,-0.24071236571309884,0.4532601314699342,Occasionnels
13253.0,157,2,1030.4,0,0,-0.5280354085287254,0.8139616858214178,Inactifs
13255.0,9,2,399.51,2,4,0.07776317944347387,-1.2802207739568983,Nouveaux clients
13258.0,12,3,672.83,2,1,0.48452709721523174,-0.8143812498681071,Nouveaux clients
13259.0,62,1,283.18,0,4,-1.1549100678588087,-0.3934984663914407,Inactifs
13260.0,61,1,557.62,0,4,-0.8283344269493422,-0.1574899490548764,Inactifs
13261.0,269,2,944.1,0,0,-0.77415271427242,1.1218168357961182,Inactifs
13262.0,263,1,200.29,0,2,-1.8657601465184726,0.3892140628594997,Inactifs
13263.0,1,35,7436.93,1,3,4.326357443375287,-0.285912733984203,Champions
13265.0,53,5,2092.66,3,0,0.8449841957769844,0.6563590570621325,Occasionnels
13266.0,11,12,3834.26,1,1,2.4061855943825385,0.21909224306771763,Champions
13267.0,3,19,4521.49,1,3,3.2938048584513755,-0.2525443846157356,Champions
13268.0,18,11,3174.75,1,3,2.068747615460206,0.4110654126888264,Champions
13269.0,1,15,5343.28,1,3,3.4358387692608474,-0.7165030312366597,Champions
13270.0,366,1,590.0,0,2,-1.4808967313741235,0.9903139194565278,Inactifs
13271.0,37,1,211.49,2,4,-1.0996346682205762,-0.819862739730818,Nouveaux clients
13272.0,31,2,276.56,2,4,-0.5404317132099938,-0.6764120339434123,Nouveaux clients
13273.0,113,1,138.98,0,2,-1.7172127047988222,-0.27543017151920046,Inactifs
13276.0,64,2,590.9300000000001,0,0,-0.4520328108412138,0.048658087057347234,Inactifs
13277.0,16,4,258.4,2,4,0.13133265823062698,-0.9066340876368362,Nouveaux clients
13278.0,41,1,542.73,2,4,-0.6923697617633346,-0.41422522497639463,Nouveaux clients
13279.0,78,1,137.75,0,4,-1.5812995130035328,-0.51114093210191,Inactifs
13280.0,122,3,798.46,3,0,-0.29285119142570937,0.6724855420440722,Occasionnels
13282.0,18,3,1132.14,3,0,0.5860146381442819,-0.38450670165586553,Occasionnels
13283.0,60,2,93.66,0,4,-1.2969438829047952,-0.6592271019253173,Inactifs
13284.0,331,1,201.19,0,2,-1.9511933890765993,0.5361279949983615,Inactifs
13285.0,23,4,2709.12,3,0,1.112151941693852,0.16653324065762065,Occasionnels
13291.0,156,1,361.11,0,2,-1.3888097267869235,0.27361675844746636,Inactifs
13292.0,39,2,578.9399999999999,2,0,-0.2762727884410988,-0.2665757222749657,Nouveaux clients
13294.0,190,2,873.74,0,0,-0.6786072576532161,0.8742045417657246,Inactifs
13295.0,360,1,201.2,0,2,-1.9831595933738555,0.5892336940211991,Inactifs
13296.0,137,1,87.4,0,2,-2.008130398401566,-0.32171174382595946,Inactifs
13297.0,8,4,2089.85,3,1,1.363820263817249,-0.5497323174072724,Occasionnels
13298.0,1,1,360.0,2,1,0.27642954097121525,-2.493426184189806,Nouveaux clients
13299.0,268,1,142.5,0,2,-2.0333870490423016,0.27785717590177217,Inactifs
13300.0,169,1,371.89,0,2,-1.4052891127314036,0.33473211910877376,Inactifs
13301.0,104,4,618.09,3,0,-0.15173091529852442,0.5644165996703343,Occasionnels
13302.0,155,1,63.75,0,2,-2.2025870115478687,-0.35738046852938077,Inactifs
13304.0,351,1,300.42,0,2,-1.7842100298184727,0.718636448918907,Inactifs
13305.0,4,10,2000.86,1,1,2.28117498006569,-0.6365915411005683,Champions
13307.0,120,1,15.0,0,2,-2.7683778950892557,-1.0275792574190683,Inactifs
13308.0,23,3,1385.51,3,0,0.5924575233461963,-0.162914433635502,Occasionnels
13309.0,7,5,1456.79,1,1,1.4027850333441725,-0.6860075641653346,Champions
13310.0,28,3,1132.03,3,0,0.42443813458671953,-0.11647792473710931,Occasionnels
13311.0,4,2,598.57,2,1,0.5338534564404852,-1.5726846833676076,Nouveaux clients
13313.0,22,5,1555.32,3,1,1.0303859655541892,0.007281988222439926,Occasionnels
13314.0,2,3,775.94,2,1,1.1121776979909752,-1.692087614889557,Nouveaux clients
13316.0,37,4,5732.93,3,0,1.2919475949441026,0.7307849831888973,Occasionnels
13317.0,66,6,2273.68,3,0,0.9413885411834388,0.8822720227294629,Occasionnels
13318.0,1,3,640.76,2,1,1.176430328833922,-2.0187436868930013,Nouveaux clients
13319.0,5,26,10845.55,1,3,3.8252547758110005,0.43789065046781017,Champions
13320.0,78,4,1532.2,3,0,0.38694579520536854,0.7143368394951068,Occasionnels
13321.0,72,2,567.36,0,0,-0.5156386838015538,0.10744155628956582,Inactifs
13322.0,17,1,199.48,2,4,-0.8417868368023123,-1.31473833181837,Nouveaux clients
13323.0,3,5,787.85,2,1,1.3763866205767399,-1.3490765481574625,Nouveaux clients
13324.0,36,10,7121.95,1,3,2.1184332925582297,1.0944830311681855,Champions
13325.0,82,1,675.3,0,0,-0.8491225797267973,0.09705705063087325,Inactifs
13327.0,39,8,3627.77,3,0,1.587289175275931,0.821515487132561,Occasionnels
13328.0,316,1,1308.48,0,0,-1.0477256346703507,1.1872174100160233,Inactifs
13329.0,32,2,789.0,2,0,-0.0562216930242756,-0.27594859829690316,Nouveaux clients
13330.0,93,3,1140.93,3,0,-0.021081155882673525,0.6318796804057198,Occasionnels
13332.0,14,1,350.9,2,4,-0.5053650135438977,-1.2254053140643626,Nouveaux clients
13334.0,82,3,3502.32,3,0,0.5579843356126344,0.9612535576466593,Occasionnels
13336.0,77,1,795.12,0,0,-0.748047350153044,0.11707600054831867,Inactifs
13338.0,158,1,487.02,0,2,-1.2521532285132864,0.3903229772376492,Inactifs
13339.0,201,1,860.12,0,0,-1.074327342231978,0.7488875080708609,Inactifs
13340.0,45,7,10736.48,1,3,1.9417092054502747,1.2601670866739718,Champions
13341.0,261,1,775.85,0,0,-1.2225078250818213,0.8762513720577094,Inactifs
13343.0,178,1,353.43,0,2,-1.449069497347796,0.34894360259542706,Inactifs
13344.0,68,3,2511.69,3,0,0.4709633811724421,0.723098058467699,Occasionnels
13345.0,288,1,389.5,0,2,-1.586108374022898,0.6879224366402586,Inactifs
13347.0,70,1,341.36,0,4,-1.1122622449827544,-0.2498796419567338,Inactifs
13348.0,64,1,233.76,0,4,-1.257433110691268,-0.44326544935725376,Inactifs
13349.0,11,1,247.32,2,4,-0.585428909580262,-1.4938361310531367,Nouveaux clients
13350.0,16,2,979.12,2,0,0.2994032584267281,-0.6178968394460596,Nouveaux clients
13351.0,66,1,373.94,0,4,-1.0470089716467423,-0.253532509929534,Inactifs
13352.0,60,1,397.98,0,4,-0.981703865907944,-0.2903740087224371,Inactifs
13354.0,71,1,743.53,0,0,-0.7492380920273142,0.04193353946201619,Inactifs
13355.0,122,1,674.7,0,0,-0.999799953877983,0.34608851090038545,Inactifs
13356.0,80,1,768.24,0,0,-0.7787498601804843,0.12849165518892613,Inactifs
13357.0,257,1,609.4,0,2,-1.3309652751014467,0.7786767162718546,Inactifs
13358.0,269,1,439.03,0,2,-1.5035094470683386,0.6883032319610642,Inactifs
13359.0,64,1,439.56,0,4,-0.9589602805654879,-0.2140050587700762,Inactifs
13362.0,9,4,3090.74,1,1,1.5090450375790307,-0.34047712782586936,Champions
13363.0,18,2,992.5,2,0,0.26334438633497737,-0.542448653589922,Nouveaux clients
13364.0,71,1,134.95999999999998,0,4,-1.5554886111756432,-0.5773566949394409,Inactifs
13365.0,34,2,2225.37,3,0,0.4125714576756489,0.13870268575451394,Occasionnels
13366.0,50,1,56.16,0,4,-1.834619047093102,-1.1115488033077943,Inactifs
13368.0,257,2,623.4,0,0,-0.9533234455473926,0.9420340849193343,Inactifs
13369.0,366,1,308.28000000000003,0,2,-1.787945173400235,0.7544665034005145,Inactifs
13370.0,372,1,754.87,0,0,-1.3704238484331122,1.0902078878992452,Inactifs
13372.0,90,1,378.64,0,4,-1.1580573551226911,-0.05490528525420956,Inactifs
13373.0,61,3,3312.25,3,0,0.6429664172842543,0.7560146480989627,Occasionnels
13375.0,89,1,778.65,0,0,-0.8126237266588466,0.20017913317063402,Inactifs
13376.0,99,3,1019.76,3,0,-0.09790458717800492,0.6302510614794876,Occasionnels
13379.0,26,3,572.56,2,0,0.1289358127326425,-0.40972431286228717,Nouveaux clients
13381.0,32,6,3639.31,3,0,1.4348757311920957,0.6045876899492698,Occasionnels
13382.0,281,1,222.99,0,2,-1.8402901830314842,0.46994414678308905,Inactifs
13384.0,31,7,4151.93,3,0,1.629925536258064,0.6841410194433603,Occasionnels
13385.0,330,1,534.57,0,2,-1.488154864841052,0.8889957284115583,Inactifs
13388.0,131,2,677.1,0,0,-0.6582050253820244,0.5472452501708991,Inactifs
13389.0,11,3,797.96,2,1,0.5958676039411396,-0.8030871733423675,Nouveaux clients
13390.0,75,1,544.08,0,4,-0.9177431210705065,-0.0373577028585494,Inactifs
13391.0,204,1,59.8,0,2,-2.336776488856729,-0.2071428057198892,Inactifs
13394.0,2,8,2520.02,1,1,2.4040643011552865,-0.9532020260879072,Champions
13395.0,185,1,307.72,0,2,-1.52919284539834,0.3229740064428404,Inactifs
13396.0,29,2,1360.99,3,0,0.2384445337981999,-0.13799827669799766,Occasionnels
13397.0,73,5,1544.13,3,0,0.5805727125880743,0.7454529046713456,Occasionnels
13398.0,192,1,457.34,0,2,-1.3559300367125589,0.49031882582819164,Inactifs
13402.0,127,2,621.23,0,0,-0.6872205649135413,0.4964218952779108,Inactifs
13403.0,18,1,75.0,2,4,-1.3223623620276876,-1.6337344873644088,Nouveaux clients
13404.0,1,2,252.49,2,1,0.47567968592854065,-2.4670935064360187,Nouveaux clients
13405.0,74,3,572.451,3,0,-0.2614230410290562,0.23786785924424136,Occasionnels
13408.0,2,62,28117.04,1,3,5.3083860205327476,0.6695159636693944,Champions
13410.0,24,5,1003.06,3,1,0.7907251197489713,-0.09948006685101296,Occasionnels
13411.0,107,1,213.55,0,2,-1.4940742004608918,-0.15417433268937059,Inactifs
13414.0,134,3,1390.5,3,0,-0.06563402372806722,0.9333413199044076,Occasionnels
13416.0,44,2,712.5,2,0,-0.22299324100027546,-0.11642465122844968,Nouveaux clients
13417.0,5,2,640.83,2,1,0.4965020716256831,-1.432298280758405,Nouveaux clients
13418.0,12,18,6127.43,1,3,2.941232139042957,0.585699520572018,Champions
13419.0,64,1,221.06,0,4,-1.2838037936994173,-0.4635210722357288,Inactifs
13420.0,150,2,159.85,0,2,-1.391801014234549,0.1084702768729814,Inactifs
13421.0,40,2,1833.71,3,0,0.26038772908304775,0.16853811844712402,Occasionnels
13422.0,64,1,2626.3,3,0,-0.1122771347807915,0.43634193805499166,Occasionnels
13425.0,108,3,1624.21,3,0,0.08970051959144619,0.8542698254076778,Occasionnels
13426.0,1,10,3641.32,1,3,2.914999218509697,-0.9994687880723061,Champions
13427.0,19,3,582.6,2,0,0.25180331465513084,-0.593651250970135,Nouveaux clients
13428.0,10,1,201.78,2,4,-0.6482530364538628,-1.622782315095741,Nouveaux clients
13429.0,11,4,1006.8,3,1,0.9078871119433589,-0.6331569701734595,Occasionnels
13430.0,19,2,679.45,2,0,0.0642921881177846,-0.6477759347186341,Nouveaux clients
13431.0,67,2,1269.1,3,0,-0.1072687235320657,0.35531788850917884,Occasionnels
13434.0,74,2,534.24,0,0,-0.5544317763743063,0.10270925696077587,Inactifs
13435.0,5,7,3809.89,1,1,2.2286268795091906,-0.40835657214062704,Champions
13436.0,2,1,196.89,2,1,-0.16350382355130025,-2.455334775519904,Nouveaux clients
13437.0,14,7,3408.06,1,1,1.8257723147795095,0.13193111981943584,Champions
13439.0,255,1,283.71,0,2,-1.6896041023395874,0.4959853453042363,Inactifs
13441.0,92,1,296.64,0,4,-1.2817423994134585,-0.12974854067946945,Inactifs
13447.0,23,3,1129.14,3,0,0.49551723507308654,-0.23737537650846308,Occasionnels
13448.0,17,6,3534.69,1,1,1.65259184529464,0.20971611730696782,Champions
13449.0,24,1,291.88,2,4,-0.7875467915362095,-0.9684367278187391,Nouveaux clients
13450.0,27,6,2043.72,3,0,1.224142457549975,0.2903541407323691,Occasionnels
13451.0,26,5,2898.26,3,0,1.2641224891993132,0.3355119069265219,Occasionnels
13452.0,259,2,590.0,0,0,-0.9823400347740403,0.9269071732375467,Inactifs
13453.0,166,2,356.98,0,2,-1.0509467977949212,0.46368169376841273,Inactifs
13455.0,25,2,1058.34,2,0,0.17395310238500575,-0.3202398670595664,Nouveaux clients
13456.0,18,6,1766.72,3,1,1.3032451584061484,-0.008481668348126295,Occasionnels
13458.0,7,14,9646.57,1,3,3.1279525497844345,0.3527593786421326,Champions
13460.0,29,2,183.44,2,4,-0.7095716294118297,-0.8661803218405928,Nouveaux clients
13461.0,39,3,1445.0,3,0,0.41724305869880307,0.17621696798994194,Occasionnels
13462.0,253,1,151.5,0,2,-1.982626432208354,0.2636381527142252,Inactifs
13464.0,58,1,674.68,0,4,-0.7191803356292886,-0.11964131269674985,Inactifs
13466.0,184,1,307.9,0,2,-1.5268571749162434,0.31976884240255243,Inactifs
13467.0,11,2,1071.91,2,1,0.47534538947779004,-0.8057569084423661,Nouveaux clients
13468.0,2,37,5704.97,1,3,4.094704938207633,-0.10473519636113358,Champions
13470.0,99,2,165.0,0,4,-1.2194326847219017,-0.14130272795268806,Inactifs
13471.0,1,4,2501.84,1,1,2.023654265661178,-1.4377168477431654,Champions
13473.0,61,2,422.64,0,0,-0.5925893986434052,-0.10312513448176706,Inactifs
13474.0,236,1,226.84,0,2,-1.765800339597039,0.3659431885932806,Inactifs
13475.0,191,4,1431.78,3,0,0.015593909410399434,1.2526306736367563,Occasionnels
13476.0,179,2,1238.47,3,0,-0.490699328838962,0.9635313675533146,Occasionnels
13477.0,38,6,1454.58,3,1,0.9364198853935073,0.3766361535433007,Occasionnels
13479.0,201,2,300.95,0,2,-1.2043397518560337,0.5223098561398716,Inactifs
13481.0,46,5,1804.56,3,0,0.8278240586062113,0.5144277771878241,Occasionnels
13482.0,232,1,184.64,0,2,-1.8564214175010167,0.28055099173265763,Inactifs
13483.0,66,1,140.34,0,4,-1.5095940338489267,-0.6088493808004097,Inactifs
13484.0,241,1,313.8,0,2,-1.6204839410827159,0.49692326381631474,Inactifs
13485.0,233,1,454.24,0,2,-1.4327325294110367,0.6099628058324873,Inactifs
13486.0,78,3,1122.41,3,0,0.03757505403836412,0.5157167274300936,Occasionnels
13487.0,58,3,575.4,3,0,-0.16733024445244296,0.08762265718580878,Occasionnels
13488.0,17,13,8968.31,1,3,2.721185202102661,0.8138964928200583,Champions
13489.0,105,4,449.52,3,0,-0.3060612611766419,0.45466383880416006,Occasionnels
13491.0,52,10,1215.82,3,0,1.1432818310158055,0.6787245823331618,Occasionnels
13492.0,136,3,1269.84,3,0,-0.11425964464522327,0.9096292136937111,Occasionnels
13493.0,275,2,618.63,0,0,-0.98272201927904,0.9819945732291712,Inactifs
13494.0,312,1,316.26000000000005,0,2,-1.7150679554362906,0.6628480813540226,Inactifs
13495.0,8,5,2044.87,1,1,1.5184841964507598,-0.4879112732413373,Champions
13496.0,11,2,653.33,2,1,0.2408669067375147,-0.9858625097283211,Nouveaux clients
13497.0,283,2,348.05,0,2,-1.2657583494809355,0.7910887349381561,Inactifs
13499.0,18,5,1159.11,3,1,0.9640574038574281,-0.2208413693642737,Occasionnels
13500.0,23,3,1166.77,3,0,0.5110479293536835,-0.22544607280815904,Occasionnels
13501.0,288,1,1340.32,0,0,-1.00100917988705,1.1373438118565526,Inactifs
13502.0,17,3,292.0,2,4,-0.03466284598954369,-0.9113955633644948,Nouveaux clients
13503.0,71,1,216.85,0,4,-1.3319498564165806,-0.4056540236918193,Inactifs
13504.0,64,1,295.93,0,4,-1.1460384626083526,-0.3577019475870987,Inactifs
13505.0,73,4,4393.63,3,0,0.9112201460418758,1.0564050650168113,Occasionnels
13506.0,316,2,458.52,0,2,-1.177373180464186,0.9609200141612478,Inactifs
13507.0,3,4,2479.16,1,1,1.7545571828652127,-1.0016213296476402,Champions
13508.0,244,1,110.97,0,2,-2.1153280428765724,0.1282532932737952,Inactifs
13509.0,9,7,979.72,1,1,1.3899064531915712,-0.5788716795972101,Champions
13510.0,1,4,1791.56,1,1,1.8653899966812928,-1.5592814407650235,Champions
13512.0,261,1,251.21,0,2,-1.7559258149726313,0.46652692023052283,Inactifs
13513.0,127,1,205.1,0,2,-1.5780274911170749,-0.06110344652809024,Inactifs
13514.0,74,1,152.20000000000002,0,4,-1.5144761659908461,-0.5079981714647743,Inactifs
13515.0,73,4,891.12,3,0,0.15516110500419164,0.4756674783419331,Occasionnels
13516.0,21,3,1389.41,3,0,0.6270275365357492,-0.21705106606038832,Occasionnels
13517.0,60,3,2128.42,3,0,0.4395632434254595,0.584699105066837,Occasionnels
13518.0,86,1,627.16,0,0,-0.902114800183142,0.1000013143227629,Inactifs
13519.0,78,1,122.75,0,4,-1.6355478170069906,-0.5528096741421271,Inactifs
13520.0,59,6,3624.35,3,0,1.204550614751856,0.9820782248311946,Occasionnels
13521.0,1,3,1071.73,2,1,1.4200266462169124,-1.8316345726554077,Nouveaux clients
13522.0,30,1,125.8,2,4,-1.2666591486500829,-1.1369642368040904,Nouveaux clients
13523.0,33,5,3964.88,3,0,1.3246026862512548,0.5957442250492969,Occasionnels
13524.0,41,5,680.1800000000001,3,0,0.40858382972375273,0.08809778164761443,Occasionnels
13525.0,15,2,628.78,2,0,0.11284062393834751,-0.8174181503348107,Nouveaux clients
13527.0,34,7,2242.36,3,0,1.3036902112657598,0.5166580363770501,Occasionnels
13529.0,79,2,307.76,0,4,-0.8399425024181577,-0.056744807401149504,Inactifs
13531.0,205,2,483.8,0,0,-0.9873293483719919,0.7071819993828444,Inactifs
13532.0,34,1,210.31,2,4,-1.0708602989731932,-0.8740245584902988,Nouveaux clients
13533.0,183,3,269.09,0,2,-0.9612461509302879,0.5325764265894897,Inactifs
13534.0,2,25,5870.08,1,3,3.764845175043989,-0.23950832428479218,Champions
13536.0,1,7,3444.39,1,1,2.600487536251639,-1.1415274668909554,Champions
13538.0,43,7,1280.85,3,0,0.9509023587024955,0.4578945568641425,Occasionnels
13539.0,86,3,631.34,3,0,-0.27176823719950616,0.3675593209474809,Occasionnels
13544.0,40,2,276.06,2,4,-0.635959552769622,-0.5199564686571666,Nouveaux clients
13546.0,12,3,621.09,2,1,0.4466453507478484,-0.843478652092547,Nouveaux clients
13548.0,96,2,678.16,0,0,-0.5397742829387171,0.35250421991826975,Inactifs
13549.0,26,7,918.2,3,1,0.9797689123696944,0.027191921414422834,Occasionnels
13551.0,319,1,91.8,0,2,-2.3063844814277834,0.22916211378825702,Inactifs
13552.0,66,12,3740.07,1,0,1.7374406441018215,1.3002701468925966,Champions
13555.0,74,4,4098.88,3,0,0.8731740278321479,1.039629284073449,Occasionnels
13557.0,28,2,584.06,2,0,-0.14926077454070172,-0.4672378561203289,Nouveaux clients
13558.0,6,4,594.52,2,1,0.8643341804909347,-1.1664504529534292,Nouveaux clients
13560.0,7,1,171.42000000000002,2,4,-0.6035068249200725,-1.8837312361275658,Nouveaux clients
13561.0,216,1,141.86,0,2,-1.9534479506374354,0.1400508963866579,Inactifs
13562.0,82,3,1799.33,3,0,0.2423194880662374,0.7187877820762951,Occasionnels
13563.0,84,2,777.53,3,0,-0.42458141875530786,0.3185192061026923,Occasionnels
13564.0,144,3,1724.67,3,0,0.009122755554690146,1.0570305349731555,Occasionnels
13565.0,19,2,240.22,2,4,-0.42742844629278565,-1.0254721714489101,Nouveaux clients
13566.0,41,2,856.84,3,0,-0.10928197426154228,-0.09306246900502839,Occasionnels
13568.0,173,1,187.05,0,2,-1.738768506758117,0.10015010590022606,Inactifs
13569.0,17,2,338.62,2,4,-0.2249638046687923,-0.967663149052362,Nouveaux clients
13570.0,243,1,239.49,0,2,-1.7512986306889238,0.40407558370024155,Inactifs
13571.0,13,12,2088.94,1,1,2.059439615287068,0.09570477827033387,Champions
13572.0,206,1,1384.25,0,0,-0.8582530919544824,0.937531403287124,Inactifs
13573.0,50,2,290.25,2,4,-0.6956488972372661,-0.3634064543861903,Nouveaux clients
13575.0,23,5,732.0699999999999,3,0,0.6571658870124936,-0.23992483510295334,Occasionnels
13576.0,10,18,6717.34,1,3,3.0486225472428616,0.5132692268085958,Champions
13577.0,25,4,1687.6,3,1,0.8572560492467833,0.04497263237601957,Occasionnels
13579.0,15,2,467.04,2,4,-0.027896706864002686,-0.9255201019139428,Nouveaux clients
13581.0,309,1,118.0,0,2,-2.176345029715336,0.29960465415148874,Inactifs
13583.0,156,1,781.03,0,0,-1.023735991862747,0.5540340648621424,Inactifs
13584.0,307,1,142.4,0,2,-2.0854356859102143,0.36343085445719425,Inactifs
13587.0,64,1,712.4,0,0,-0.7304193742111059,-0.03846017773727616,Inactifs
13588.0,16,9,2478.95,1,1,1.8289986866331394,0.18074419348359433,Champions
13589.0,15,2,379.65,2,4,-0.12589206949168213,-1.0007914594518676,Nouveaux clients
13590.0,11,6,1981.92,1,1,1.5332565455836085,-0.2579559414720886,Champions
13591.0,65,3,1117.13,3,0,0.10402188995419254,0.4000236353070903,Occasionnels
13592.0,36,4,247.96,2,4,-0.18522678460205869,-0.4285804098405546,Nouveaux clients
13593.0,108,5,2011.88,3,0,0.5580259205352712,1.0872822812129999,Occasionnels
13594.0,53,1,396.97,0,4,-0.9363440244040202,-0.36856747449324223,Inactifs
13596.0,6,2,664.11,2,1,0.4545104936935439,-1.3216004084937067,Nouveaux clients
13598.0,47,1,160.04,0,4,-1.3203309800023724,-0.7727386837624486,Inactifs
13599.0,1,21,5149.92,1,3,3.7065217751688104,-0.6081096594233664,Champions
13600.0,312,1,219.52,0,2,-1.8875340899325532,0.5303748731862595,Inactifs
13601.0,45,2,693.32,2,0,-0.24430963548384688,-0.11241581403663753,Nouveaux clients
13602.0,65,1,428.89,0,4,-0.9764174304248354,-0.21325576015373213,Inactifs
13603.0,26,1,164.34,2,4,-1.0880484679916111,-1.1278854522602886,Nouveaux clients
13606.0,29,3,276.75,2,4,-0.2551413884168182,-0.607032016980718,Nouveaux clients
13607.0,40,1,675.51,2,4,-0.5795641969282641,-0.3499249167413317,Nouveaux clients
13610.0,12,7,1082.33,3,1,1.3368660587014982,-0.37630834590197904,Occasionnels
13611.0,89,3,1154.4,3,0,0.001090393162349416,0.6085838550018243,Occasionnels
13614.0,24,4,1585.46,3,1,0.8426535064363825,-0.00261519042623314,Occasionnels
13615.0,319,1,417.69,0,2,-1.5919818164780886,0.7779029621055626,Inactifs
13617.0,40,3,544.18,3,0,-0.054699952007937945,-0.163389083655975,Occasionnels
13618.0,174,1,177.34,0,2,-1.7660954651231477,0.08447431491795356,Inactifs
13621.0,117,1,213.85,0,2,-1.5272388844023652,-0.09752825373922912,Inactifs
13623.0,31,5,727.74,3,0,0.5444629270882825,-0.059710456354832006,Occasionnels
13626.0,253,1,257.23,0,2,-1.7328953068899047,0.45545948301137734,Inactifs
13627.0,59,5,1638.47,3,0,0.6887863513876978,0.634088090175617,Occasionnels
13629.0,23,11,7792.36,1,3,2.4051700556966153,0.8861187466330499,Champions
13630.0,5,7,2031.78,1,1,1.93063981508373,-0.6372438405439793,Champions
13631.0,100,11,3070.42,3,0,1.414711993259527,1.4580045811407196,Occasionnels
13632.0,25,5,2118.93,3,0,1.13009417057367,0.19756462090479335,Occasionnels
13634.0,33,5,1547.36,3,1,0.8786444632657391,0.253198619326533,Occasionnels
13635.0,68,1,1071.03,0,0,-0.5601240652869304,0.14772640116267896,Inactifs
13636.0,37,5,949.12,3,0,0.6045963227400538,0.14584452929803599,Occasionnels
13637.0,52,3,804.3,3,0,0.03220112382157224,0.14143052493087233,Occasionnels
13638.0,16,1,122.64,2,4,-1.0491309619757174,-1.5270077450242538,Nouveaux clients
13639.0,74,1,1033.34,0,0,-0.6089459403586892,0.1875499396629194,Inactifs
13642.0,216,1,312.28,0,2,-1.581125723959652,0.4260358521243882,Inactifs
13643.0,31,3,519.44,2,0,0.017952515993045075,-0.3374154831657301,Nouveaux clients
13644.0,16,4,2624.26,3,0,1.2287960195243526,-0.06365994235437626,Occasionnels
13645.0,120,1,252.1,0,2,-1.4591414884842855,-0.021939816727870588,Inactifs
13647.0,10,4,1648.12,3,1,1.1746336561462514,-0.5089561567314543,Occasionnels
13649.0,257,2,346.6,0,2,-1.2310547513623553,0.7287054961074388,Inactifs
13650.0,17,6,1836.34,3,1,1.3422145487342783,-0.028688229945793165,Occasionnels
13651.0,35,2,94.2,2,4,-1.0927981598122065,-0.991464569849504,Nouveaux clients
13652.0,46,3,1095.08,3,0,0.22426896109854874,0.17754384658144237,Occasionnels
13654.0,43,6,2707.33,3,0,1.1847565850582462,0.6792511262208321,Occasionnels
13655.0,114,2,932.97,3,0,-0.4537383514337906,0.5764444820770812,Occasionnels
13656.0,165,2,379.65,0,2,-1.0195378405394326,0.4822375687066364,Inactifs
13657.0,11,2,382.14,2,4,-0.012906531797974205,-1.1807887869870568,Nouveaux clients
13658.0,10,5,2639.17,1,1,1.5627476285398516,-0.2678194700816257,Champions
13659.0,206,2,1563.0,3,0,-0.4338171799819567,1.1368318412180172,Occasionnels
13662.0,86,3,881.26,3,0,-0.11384618923875094,0.4888610500949963,Occasionnels
13663.0,179,1,189.47,0,2,-1.745655891461017,0.12629852995177587,Inactifs
13666.0,60,3,84.65,0,4,-1.0840577395374584,-0.5856115778643236,Inactifs
13667.0,149,1,299.05,0,2,-1.460527328750037,0.17623260830269172,Inactifs
13668.0,3,21,6309.83,1,3,3.538038073595351,-0.09473185379886316,Champions
13669.0,51,2,218.55,2,4,-0.8370638802342671,-0.4540214997459463,Nouveaux clients
13670.0,75,1,349.7,0,4,-1.1268463938120363,-0.1979723154568826,Inactifs
13672.0,301,2,186.39,0,2,-1.584168933078102,0.6035023423579109,Inactifs
13673.0,19,2,387.44,2,4,-0.20152682747362782,-0.85195455732326,Nouveaux clients
13675.0,151,2,486.8200000000001,0,0,-0.8682590879816157,0.5167299750027905,Inactifs
13678.0,152,1,232.6,0,2,-1.5867914627132225,0.09761170879603338,Inactifs
13680.0,1,4,3719.12,1,1,2.211576261834797,-1.2933718156525384,Champions
13681.0,18,4,827.83,3,0,0.6396445510020294,-0.4130484983722418,Occasionnels
13682.0,187,1,59.5,0,2,-2.306053053924572,-0.26382288702567425,Inactifs
13684.0,286,1,65.13,0,2,-2.4254636333886106,0.03676409637662937,Inactifs
13685.0,3,7,3119.44,1,1,2.2887353837246813,-0.7381957951493158,Champions
13686.0,183,1,72.0,0,2,-2.2087836899481053,-0.2090530195456486,Inactifs
13689.0,63,1,910.0,0,0,-0.6085654757428061,0.040759341091513086,Inactifs
13690.0,59,1,172.25,0,4,-1.3709187281650006,-0.6046628872534123,Inactifs
13692.0,25,3,1488.32,3,0,0.5957976408446297,-0.08612101257771214,Occasionnels
13694.0,4,50,65039.62,1,3,5.319673458210553,1.2179387155631993,Champions
13695.0,31,15,2504.13,1,3,2.0174542908031103,0.7651878934444021,Champions
13697.0,39,1,151.29999999999998,2,4,-1.2771426368608645,-0.9086416519992238,Nouveaux clients
13699.0,155,1,308.58000000000004,0,2,-1.4606839452955354,0.21248375219435167,Inactifs
13700.0,26,10,2248.63,1,3,1.6923026905396585,0.47497591912603965,Champions
13703.0,318,1,99.5,0,2,-2.2673934132093247,0.2562090833029397,Inactifs
13704.0,5,9,2308.06,1,1,2.19297828354987,-0.505474211401252,Champions
13705.0,8,3,711.86,2,1,0.6516955979055289,-1.026987863186498,Nouveaux clients
13706.0,303,1,330.79,0,2,-1.6826900008962018,0.6606619830959384,Inactifs
13707.0,267,2,806.41,0,0,-0.8459726977649744,1.0597562369934606,Inactifs
13708.0,271,1,285.33,0,2,-1.7100722881606718,0.536483917983517,Inactifs
13709.0,4,13,6307.650000000001,1,3,3.0436501755181693,-0.12629221858170703,Champions
13710.0,32,1,180.48,2,4,-1.1205407152796962,-0.9667505632906561,Nouveaux clients
13711.0,219,2,252.06,0,2,-1.320699428311029,0.5120913644934417,Inactifs
13712.0,247,1,228.84,0,2,-1.7789870377816175,0.3978870434025039,Inactifs
13715.0,281,5,1077.39,3,0,-0.10100501615288297,1.4625769287950812,Occasionnels
13716.0,269,1,138.28,0,2,-2.0489574288340022,0.2693384059436129,Inactifs
13717.0,32,6,1445.01,3,1,0.9971064889163208,0.26833213386095633,Occasionnels
13718.0,246,2,306.55,0,2,-1.27245424043667,0.6565001512862992,Inactifs
13719.0,15,5,1041.68,3,1,0.9791017373598091,-0.3686514824199447,Occasionnels
13720.0,117,4,799.9,3,0,-0.07423120348580105,0.7321896102358004,Occasionnels
13721.0,36,1,524.14,2,4,-0.6604457425605462,-0.5072475854073997,Nouveaux clients
13722.0,132,3,2375.41,3,0,0.19383969834239043,1.118804704762071,Occasionnels
13723.0,217,1,199.85,0,2,-1.7936626770019284,0.2670474895554763,Inactifs
13725.0,50,8,1980.56,3,0,1.2076156810843544,0.7551807868636478,Occasionnels
13726.0,39,2,1079.66,3,0,0.018842861675162536,-0.03989402000568081,Occasionnels
13727.0,29,2,333.48,2,4,-0.4273291675626891,-0.649386662543188,Nouveaux clients
13728.0,37,6,1016.14,3,1,0.7764005275530801,0.2296350135646988,Occasionnels
13730.0,136,2,752.6,0,0,-0.622352172497543,0.6092622932582639,Inactifs
13731.0,219,2,610.59,0,0,-0.9022877265600543,0.8334781725632082,Inactifs
13732.0,28,1,491.86,2,4,-0.597462896857134,-0.6847933917226747,Nouveaux clients
13735.0,25,4,2883.54,3,0,1.1111500678509012,0.23999152856298145,Occasionnels
13736.0,5,2,729.8,2,1,0.5580552172165296,-1.3850186064440628,Nouveaux clients
13737.0,200,1,339.6,0,2,-1.5122227484462691,0.40793278683454476,Inactifs
13739.0,18,1,216.9,2,4,-0.822932936027277,-1.2501170397483812,Nouveaux clients
13740.0,241,1,350.75,0,2,-1.567860649604585,0.5373438151716092,Inactifs
13741.0,72,3,668.4300000000001,3,0,-0.17772061998599611,0.27709552681734273,Occasionnels
13742.0,17,12,3107.87,1,3,2.1517365381759452,0.39965626793648884,Champions
13743.0,3,7,1341.6,1,1,1.888848713774685,-1.0453533146619218,Champions
13744.0,95,2,1080.52,3,0,-0.31520725986727005,0.5153867549915502,Occasionnels
13745.0,162,1,300.04,0,2,-1.4907151797691467,0.23012182646344398,Inactifs
13747.0,374,1,79.6,0,2,-2.433802559294871,0.27837367033778027,Inactifs
13748.0,96,5,948.25,3,0,0.24618214284906068,0.7395879398571972,Occasionnels
13750.0,54,5,1647.26,3,0,0.7245599126532833,0.5808759167773212,Occasionnels
13751.0,288,1,296.25,0,2,-1.7154838205288991,0.5885476781878496,Inactifs
13752.0,124,6,1175.38,3,0,0.3905095500569646,1.0374524407647612,Occasionnels
13753.0,288,1,741.26,0,0,-1.2815717166003553,0.9218405222475262,Inactifs
13754.0,152,2,282.6,0,2,-1.1279372955667224,0.32334920172181236,Inactifs
13755.0,4,9,2108.06,1,1,2.2196671306920237,-0.6540506310061446,Champions
13756.0,2,14,5189.52,1,3,3.208711523073592,-0.49478360273873034,Champions
13758.0,12,7,3190.55,1,1,1.8491755220711499,0.017202405559512034,Champions
13759.0,33,2,659.4100000000001,2,0,-0.15258090835895882,-0.32227897987363724,Nouveaux clients
13760.0,54,2,286.79,0,4,-0.7301592443694462,-0.3198920969998811,Inactifs
13761.0,50,2,1070.65,3,0,-0.0779319364829358,0.11106899999665067,Occasionnels
13762.0,219,1,306.72,0,2,-1.594861372073543,0.4282180782814972,Inactifs
13763.0,63,1,1714.96,3,0,-0.30833725382531885,0.27136806816757886,Occasionnels
13764.0,71,3,1519.42,3,0,0.2165054550861039,0.5671138011876475,Occasionnels
13767.0,2,37,17220.36,1,3,4.618474939252795,0.29757852501463466,Champions
13769.0,2,10,2796.51,1,3,2.6349869224197033,-0.8385401797936214,Champions
13771.0,64,4,2634.45,3,0,0.718307140208949,0.7879692733435384,Occasionnels
13772.0,34,3,1122.63,3,0,0.3486523941832348,-0.00029903180909178923,Occasionnels
13774.0,82,1,345.0,0,4,-1.1669006820042387,-0.14703194004032694,Inactifs
13777.0,1,33,25977.16,1,3,4.867646125394944,0.1477201067187397,Champions
13778.0,103,1,178.7,0,2,-1.5637034483460537,-0.2426559567773411,Inactifs
13780.0,7,2,360.01,2,4,0.11377054010928582,-1.4594959326692685,Nouveaux clients
13781.0,251,1,127.84,0,2,-2.0595461063349707,0.19722438098814488,Inactifs
13782.0,13,6,908.86,3,1,1.1049874974341225,-0.443962206933214,Occasionnels
13784.0,10,11,2462.79,1,1,2.1571651453989826,-0.027858974240242574,Champions
13786.0,367,1,230.4,0,2,-1.9265367730259277,0.6505361233130117,Inactifs
13787.0,76,2,309.04,0,4,-0.8233804724142997,-0.07946787624725792,Inactifs
13790.0,4,1,348.8,2,1,-0.08853536284383552,-1.9240350108279582,Nouveaux clients
13791.0,128,2,1516.0,3,0,-0.26763529069744674,0.8259269284243551,Occasionnels
13792.0,66,2,195.55,0,4,-0.9863523995899413,-0.3336551388200962,Inactifs
13798.0,1,57,37153.85,1,3,5.520587448142245,0.4823433943707882,Champions
13799.0,117,2,688.86,0,0,-0.6072238539994802,0.4824321665770417,Inactifs
13800.0,310,1,558.32,0,2,-1.4437729768704453,0.8652882633238538,Inactifs
13801.0,67,1,324.8,0,4,-1.1192787763575542,-0.295304959485331,Inactifs
13802.0,139,3,4599.42,3,0,0.4874523737349342,1.3918989412795468,Occasionnels
13803.0,255,1,277.07,0,2,-1.7007933379739166,0.48739076558715716,Inactifs
13804.0,31,7,2588.39,3,0,1.405938346627314,0.512093900247855,Occasionnels
13805.0,52,2,924.6,3,0,-0.16209575210720825,0.08209362955409419,Occasionnels
13806.0,64,1,256.38,0,4,-1.2138155994479045,-0.40976234068273854,Inactifs
13807.0,367,1,112.6,0,2,-2.263881529827403,0.3914177617715251,Inactifs
13808.0,6,5,1747.66,1,1,1.540056021267786,-0.7043988769526905,Champions
13809.0,305,1,155.05,0,2,-2.0428626718297966,0.39009026446353867,Inactifs
13810.0,29,3,1499.01,3,0,0.5445246288482586,0.0072005863025556656,Occasionnels
13811.0,184,3,814.5,3,0,-0.43935281432110146,0.9384749759647217,Occasionnels
13812.0,42,3,539.0,3,0,-0.07742047583289213,-0.13667296728368622,Occasionnels
13813.0,40,4,1366.86,3,0,0.5833833439071838,0.2569944399767909,Occasionnels
13814.0,92,2,1579.12,3,0,-0.12331114243679338,0.6333421069462408,Occasionnels
13815.0,22,4,4027.36,3,0,1.3163489759583664,0.2839115327465509,Occasionnels
13816.0,24,2,571.6700000000001,2,0,-0.10271382039783167,-0.5691223339543768,Nouveaux clients
13817.0,29,2,382.98,2,4,-0.36188935583404624,-0.5991215955669487,Nouveaux clients
13819.0,302,3,1140.35,3,0,-0.4684270336804702,1.3736773191700775,Occasionnels
13821.0,145,2,385.64,0,2,-0.9630931639915552,0.4065387198834856,Inactifs
13822.0,6,2,632.0,2,1,0.43104831962098816,-1.3396219724318104,Nouveaux clients
13823.0,19,2,957.66,2,0,0.22682424150636046,-0.5229332077370922,Nouveaux clients
13824.0,33,5,1698.94,3,1,0.9229290040679698,0.287214081025391,Occasionnels
13826.0,176,1,189.5,0,2,-1.7391609297841455,0.1157012539746405,Inactifs
13827.0,58,3,409.8,3,4,-0.3279245445223854,-0.03573165933470634,Occasionnels
13828.0,22,1,209.49,2,4,-0.9123205343932224,-1.141601043614525,Nouveaux clients
13831.0,16,6,2198.45,3,1,1.4493440598770269,0.0005931494642844687,Occasionnels
13832.0,19,1,52.2,2,4,-1.5110757054206299,-1.7311203759910534,Nouveaux clients
13833.0,159,1,383.85,0,2,-1.3671614528845693,0.30779799017132825,Inactifs
13835.0,25,4,834.57,3,0,0.5236682037648068,-0.21126000266182965,Occasionnels
13837.0,212,2,266.59000000000003,0,2,-1.2818755838751736,0.5119260932861113,Inactifs
13838.0,6,4,674.82,2,1,0.9243109682148895,-1.1203815971250326,Nouveaux clients
13841.0,253,1,85.0,0,2,-2.2542309391238735,0.05501562812982964,Inactifs
13842.0,59,9,3385.62,3,0,1.494993095445041,1.0937044002958423,Occasionnels
13844.0,11,1,361.62,2,4,-0.40589596834244773,-1.3559348278956571,Nouveaux clients
13845.0,65,1,312.98,0,4,-1.1253971413494628,-0.32768877806612123,Inactifs
13846.0,25,3,865.0600000000001,3,0,0.338748083750511,-0.28356371392786284,Occasionnels
13848.0,92,3,1255.0,3,0,0.028149843020621162,0.6597762654927473,Occasionnels
13849.0,52,2,1537.95,3,0,0.07897132033111735,0.26726000185547827,Occasionnels
13850.0,129,1,1595.48,0,0,-0.6132611715921141,0.6943224376839171,Inactifs
13851.0,96,3,2651.46,3,0,0.3665209086954818,0.9587351554904266,Occasionnels
13853.0,57,1,1090.14,2,0,-0.48540711519057245,0.044069995874660935,Nouveaux clients
13854.0,9,25,8109.519999999999,1,3,3.4581407157227533,0.6414161718525878,Champions
13856.0,169,3,388.5,0,0,-0.757423411163633,0.6157467762194239,Inactifs
13858.0,57,1,216.17,0,4,-1.2508354112511852,-0.5438642226181363,Inactifs
13859.0,326,1,201.16,0,2,-1.9454670047287654,0.5264541029877257,Inactifs
13860.0,1,5,1245.9,1,1,1.8582546322702407,-1.6217402850617513,Champions
13862.0,18,8,2209.36,1,1,1.6366068556700035,0.16903791297844056,Champions
13863.0,248,1,305.78,0,2,-1.6436130401597333,0.505601165023901,Inactifs
13865.0,58,4,501.56,3,0,-0.030416840786018796,0.12305186119406976,Occasionnels
13866.0,74,1,145.67000000000002,0,4,-1.535129951624753,-0.523862580159991,Inactifs
13867.0,31,3,1005.09,3,0,0.33049319682970574,-0.09734941573574092,Occasionnels
13868.0,7,2,3192.54,3,1,1.1474200044470417,-0.6655379706516312,Occasionnels
13869.0,123,4,3083.65,3,0,0.5462014278136763,1.2547448703545654,Occasionnels
13870.0,2,8,2770.94,1,1,2.4490540082315486,-0.918644918118113,Champions
13871.0,23,13,6403.25,1,3,2.45157338652921,0.8735873870098959,Champions
13873.0,120,3,389.6,0,0,-0.6262038844021836,0.40123068297410436,Inactifs
13874.0,358,1,540.45,0,2,-1.513997271485843,0.9444506592805366,Inactifs
13875.0,54,5,1786.79,3,0,0.7630898095622525,0.6104711707604442,Occasionnels
13876.0,64,1,122.7,0,4,-1.5612266807531083,-0.676612761073701,Inactifs
13877.0,86,1,117.24,0,4,-1.6939917828470683,-0.5082484425010716,Inactifs
13878.0,55,1,1271.57,3,0,-0.39906984736904033,0.07784459973158907,Occasionnels
13880.0,21,13,3219.77,1,3,2.158904826825972,0.5680950683573007,Champions
13881.0,4,20,17159.52,1,3,3.8850222963847028,0.393261684499417,Champions
13882.0,3,5,1191.13,1,1,1.572175272198364,-1.1986890481481831,Champions
13883.0,11,5,2674.48,1,1,1.5358088473668772,-0.2078212011652542,Champions
13884.0,7,5,787.6,2,1,1.1114554901565665,-0.9097811144500566,Nouveaux clients
13885.0,189,2,506.8,0,0,-0.9344663134300337,0.6728082725709733,Inactifs
13886.0,71,1,243.56,0,4,-1.2771119049633624,-0.36353236670928124,Inactifs
13887.0,204,1,349.55,0,2,-1.5060969353961597,0.4309116490152295,Inactifs
13888.0,120,2,595.67,0,0,-0.6856258454619738,0.44549275052553106,Inactifs
13889.0,93,1,416.9,0,4,-1.124919749108386,0.0006270361569720256,Inactifs
13890.0,1,10,1883.81,1,1,2.6026284660403505,-1.2394043315820917,Champions
13892.0,27,4,632.97,3,0,0.36443883345976236,-0.26484165669836607,Occasionnels
13893.0,298,1,821.1,0,0,-1.2461252023920293,0.9806130526302973,Inactifs
13894.0,24,3,564.62,2,0,0.1517250116407605,-0.46358971502513396,Nouveaux clients
13895.0,28,4,2593.07,3,0,1.0191105319669582,0.2705611918028784,Occasionnels
13897.0,50,1,311.16,0,4,-1.0296633984935069,-0.49325317376748135,Inactifs
13898.0,326,1,155.93,0,2,-2.065551459981079,0.4342158610579926,Inactifs
13899.0,16,2,388.52,2,4,-0.1381284308509882,-0.9539699283627477,Nouveaux clients
13900.0,183,3,740.95,0,0,-0.4820993373025076,0.9006145679325882,Inactifs
13901.0,72,5,2867.2,3,0,0.8790715808749644,0.9621160543112514,Occasionnels
13904.0,37,2,332.64,2,4,-0.5188214821532418,-0.500447131106412,Nouveaux clients
13908.0,80,4,2369.55,3,0,0.5840157169313777,0.888893528301551,Occasionnels
13911.0,57,9,2580.91,3,0,1.3793036239341467,0.9734032926627407,Occasionnels
13914.0,12,2,626.45,2,1,0.1904009579567739,-0.9503981428625821,Nouveaux clients
13917.0,50,2,272.04,2,4,-0.7262621346270841,-0.3869208317523648,Nouveaux clients
13918.0,50,2,1212.84,3,0,-0.01885719344117461,0.15644498499965384,Occasionnels
13919.0,59,2,384.81,0,0,-0.62441579701383,-0.15797909258271745,Inactifs
13922.0,352,1,172.25,0,2,-2.047866363889148,0.5187497968855429,Inactifs
13923.0,54,1,351.13,0,4,-1.0013787142135169,-0.4015052353801095,Inactifs
13924.0,2,6,1838.85,1,1,2.0273103919095563,-1.1640516611524108,Champions
13925.0,93,4,678.25,3,0,-0.065484371228987,0.5280375179807643,Occasionnels
13926.0,23,1,223.85,2,4,-0.8972861519026598,-1.090585179983926,Nouveaux clients
13927.0,75,1,348.99,0,4,-1.1278073053764028,-0.1987104026069711,Inactifs
13928.0,11,4,464.57,2,1,0.541714528631049,-0.9144183145883562,Nouveaux clients
13929.0,169,2,842.65,0,0,-0.6512732510318621,0.7871866815617422,Inactifs
13930.0,58,2,337.34,0,4,-0.6802491553684511,-0.21645146321768316,Inactifs
13931.0,96,2,1237.53,3,0,-0.2548903709644452,0.5713268072328376,Occasionnels
13932.0,295,1,307.4,0,2,-1.7071657348071316,0.617131015476153,Inactifs
13933.0,109,2,608.7900000000001,0,0,-0.6389044556365995,0.3929938102935531,Inactifs
13934.0,264,1,922.1,0,0,-1.1450697658351976,0.9462906418265158,Inactifs
13936.0,180,1,376.58,0,2,-1.4233133816963282,0.37903119660408535,Inactifs
13937.0,169,1,158.85,0,2,-1.8069214382827214,0.02623374158634185,Inactifs
13938.0,35,1,71.66,2,4,-1.587799277887908,-1.2449669487284603,Nouveaux clients
13939.0,23,3,568.55,2,0,0.17060203286023648,-0.4869464551746141,Nouveaux clients
13940.0,17,4,839.14,3,0,0.6667245779381353,-0.4423874158159655,Occasionnels
13941.0,22,5,5112.96,3,0,1.5944651238116627,0.4405576337466818,Occasionnels
13946.0,79,3,561.5699999999999,3,0,-0.29515998819903433,0.2718041107107592,Occasionnels
13947.0,65,1,90.6,0,4,-1.7095084345157139,-0.7763513352618409,Inactifs
13948.0,361,1,102.0,0,2,-2.304047648449046,0.34532120633064356,Inactifs
13949.0,3,6,2427.32,1,1,2.0490019856827373,-0.8806072903796582,Champions
13950.0,11,4,745.06,2,1,0.7652995310234613,-0.7426801200052238,Nouveaux clients
13951.0,176,3,674.45,0,0,-0.5118076499003892,0.841826940082987,Inactifs
13952.0,218,2,3251.071,3,0,-0.10824050195513281,1.4391700672494103,Occasionnels
13953.0,7,7,3515.68,1,1,2.080636686744009,-0.25524672006065274,Champions
13954.0,2,2,439.92,2,1,0.5832564555781532,-2.008453308927135,Nouveaux clients
13955.0,154,2,322.96,0,2,-1.069809488707851,0.38004154791342476,Inactifs
13956.0,5,5,1019.27,1,1,1.3434745641409105,-0.9983474229157246,Champions
13959.0,79,3,594.04,3,0,-0.2685536691609444,0.2922407283157487,Occasionnels
13960.0,21,2,230.22,2,4,-0.4839123686129927,-0.9804719439538405,Nouveaux clients
13962.0,22,2,169.55,2,4,-0.6451978914269232,-1.0631347247614549,Nouveaux clients
13963.0,308,4,664.54,0,0,-0.5297480277223358,1.2750243908494594,Inactifs
13967.0,146,1,80.7,0,2,-2.069636590201926,-0.31036621352486116,Inactifs
13969.0,7,18,9024.17,1,3,3.3102306917506805,0.4188944339349838,Champions
13971.0,19,8,2758.26,1,1,1.722184003175401,0.282337683918203,Champions
13972.0,71,2,190.25,0,4,-1.0268073546856267,-0.2979842169809737,Inactifs
13973.0,287,1,264.7,0,2,-1.7673626842436438,0.5454845322152344,Inactifs
13974.0,49,1,413.59,2,4,-0.8875457185027706,-0.4024549844454104,Nouveaux clients
13975.0,31,6,2461.24,3,0,1.2612368819703466,0.4426775186997628,Occasionnels
13976.0,207,1,357.98,0,2,-1.5003791272124574,0.44877623927414084,Inactifs
13978.0,15,2,196.79,2,4,-0.4363096020362863,-1.239226712423783,Nouveaux clients
13979.0,73,1,869.87,0,0,-0.6853855093262189,0.11638795639558742,Inactifs
13980.0,60,1,200.14,0,4,-1.3064578006139171,-0.5398212159742285,Inactifs
13982.0,39,4,1871.81,3,0,0.7417919939787629,0.35577116738764536,Occasionnels
13983.0,30,12,2603.43,1,3,1.860129427213835,0.6797928861789293,Champions
13984.0,27,5,920.51,3,0,0.7067543563138972,-0.05888328234342965,Occasionnels
13985.0,4,15,7060.13,1,3,3.2179069727505984,-0.034174048440901654,Champions
13986.0,17,1,320.46,2,4,-0.617910198669807,-1.1427761284916118,Nouveaux clients
13988.0,20,6,4147.96,1,1,1.669547409619889,0.36569196295447515,Champions
13989.0,66,2,1266.08,3,0,-0.10273816360597911,0.34505905028952877,Occasionnels
13990.0,213,1,311.3,0,2,-1.5772933748849176,0.41606952931037794,Inactifs
13991.0,12,6,852.88,3,1,1.1031876822691522,-0.5140689098611395,Occasionnels
13992.0,30,1,76.8,2,4,-1.4982697299599892,-1.314866970238339,Nouveaux clients
13993.0,43,9,3466.36,3,0,1.6246432963595725,0.9056671224734705,Occasionnels
13994.0,4,6,2274.14,1,1,1.9328665330466512,-0.7628794344967259,Champions
13995.0,15,5,1393.69,3,1,1.1170230853249943,-0.2627125194279586,Occasionnels
13999.0,10,12,3901.81,1,1,2.447702322285222,0.17029146157358094,Champions
14000.0,211,1,635.66,0,2,-1.235979023178681,0.6695293789198284,Inactifs
14001.0,46,3,2043.08,3,0,0.5197663241221592,0.40451874689556816,Occasionnels
14002.0,134,2,529.73,0,0,-0.7829773308012434,0.47224648545873565,Inactifs
14004.0,43,7,4582.64,3,0,1.5550662013049898,0.921959706363103,Occasionnels
14005.0,10,5,2874.72,1,1,1.6032688529070611,-0.23669465472881046,Champions
14006.0,116,3,962.19,3,0,-0.18540540048634915,0.7086385720025967,Occasionnels
14009.0,198,2,695.61,0,0,-0.8022468575451999,0.8172861381264717,Inactifs
14012.0,278,1,328.8,0,2,-1.65276092954787,0.6040692011389854,Inactifs
14013.0,110,3,473.02,0,0,-0.5014724490131657,0.4170445413207938,Inactifs
14014.0,77,1,505.18,0,4,-0.9627722943011243,-0.04785668207962284,Inactifs
14015.0,53,1,917.34,2,0,-0.5398593817722208,-0.06402309102866281,Nouveaux clients
14016.0,162,4,4341.21,3,0,0.6038721899846778,1.5526443788707343,Occasionnels
14019.0,47,3,1421.61,3,0,0.33986410144983503,0.28585773493560296,Occasionnels
14020.0,17,2,642.8,2,0,0.07828749125013422,-0.734732364300052,Nouveaux clients
14021.0,155,3,631.9,0,0,-0.4944154382839954,0.7380672416148968,Inactifs
14022.0,225,1,440.0,0,2,-1.4345129078647658,0.576336270491504,Inactifs
14023.0,7,2,584.07,2,1,0.3427050958340467,-1.2836486850580118,Nouveaux clients
14024.0,122,2,327.7,0,2,-0.9745886665845918,0.2387399538544579,Inactifs
14027.0,61,1,104.82,0,4,-1.6172012165951146,-0.763427542232881,Inactifs
14029.0,63,2,467.66,0,0,-0.5568306986587357,-0.04621622044060635,Inactifs
14030.0,18,8,2358.84,1,1,1.6676348471956854,0.19287086773454287,Champions
14031.0,7,19,17286.86,1,3,3.664839025545329,0.6752432594095632,Champions
14032.0,2,11,2975.59,1,3,2.7431408148237706,-0.7826582369939127,Champions
14034.0,22,3,648.89,2,0,0.24942764870270462,-0.4658673818246033,Nouveaux clients
14035.0,29,5,1428.02,3,1,0.8884257438187232,0.14464132662287937,Occasionnels
14036.0,285,1,626.65,0,2,-1.357109514690241,0.854142262664948,Inactifs
14037.0,176,2,147.20000000000002,0,2,-1.4913268612280655,0.17935179846964588,Inactifs
14038.0,78,3,1560.38,3,0,0.19366770080009024,0.6356132726174699,Occasionnels
14039.0,33,1,152.2,2,4,-1.2122670070501944,-1.0095223433510043,Nouveaux clients
14040.0,41,12,3560.32,1,0,1.892494886464995,0.986273938225444,Champions
14041.0,266,1,141.41,0,2,-2.0341516523761722,0.27034929905209504,Inactifs
14044.0,27,4,646.42,3,0,0.3743930651791077,-0.25719569759712835,Occasionnels
14045.0,109,4,1659.75,3,0,0.29838287524811724,0.9532946166266365,Occasionnels
14046.0,284,1,154.99,0,2,-2.0158865158856383,0.34487994747974704,Inactifs
14047.0,9,5,1308.61,3,1,1.2667188614293534,-0.5835887214498645,Occasionnels
14048.0,305,1,409.93,0,2,-1.5837632518125293,0.7427297737520402,Inactifs
14049.0,17,4,5578.72,3,0,1.564455308047988,0.24716981369924473,Occasionnels
14050.0,32,2,746.36,2,0,-0.08253066404312988,-0.29615681949140005,Nouveaux clients
14051.0,1,23,15610.39,1,3,4.311010716792076,-0.17098709516358368,Champions
14052.0,20,1,225.36,2,4,-0.843103837516296,-1.1727978521241347,Nouveaux clients
14053.0,124,2,260.25,0,4,-1.0896482641967769,0.16531899190549976,Inactifs
14054.0,65,1,92.46,0,4,-1.6999768335392476,-0.7690300036623618,Inactifs
14055.0,106,1,725.6400000000001,0,0,-0.9121038590086777,0.2842171340422852,Inactifs
14056.0,1,23,8152.71,1,3,4.003033529344165,-0.4075478911881125,Champions
14057.0,24,17,6211.66,1,3,2.6489826996472283,0.984536784747786,Champions
14059.0,267,1,183.6,0,2,-1.9125452775719483,0.3672232886996127,Inactifs
14060.0,5,19,6140.42,1,3,3.2840064015133086,0.11593856045107499,Champions
14062.0,10,12,10464.85,1,3,2.9154192133945855,0.5295501488543142,Champions
14064.0,29,5,1334.34,3,1,0.856276596472342,0.11994719927276158,Occasionnels
14066.0,267,1,152.55,0,2,-1.9998681717195883,0.30014957612398485,Inactifs
14067.0,64,2,374.7,0,0,-0.6675827103060605,-0.11690825317373067,Inactifs
14068.0,320,1,265.85,0,2,-1.8067542664694831,0.6158272488912899,Inactifs
14071.0,4,8,1437.57,1,1,1.9429220183668665,-0.8336950480293495,Champions
14073.0,32,1,151.04,2,4,-1.2044671077415727,-1.0312153841196547,Nouveaux clients
14075.0,5,3,942.26,2,1,0.9393730013877567,-1.1820288149106617,Nouveaux clients
14076.0,129,1,118.67,0,2,-1.8417121796623097,-0.24926481549655022,Inactifs
14077.0,41,5,499.42,3,0,0.26236428727353867,-0.024215119327284155,Occasionnels
14078.0,102,6,1049.37,3,0,0.4107369766339345,0.8734679759650863,Occasionnels
14079.0,125,1,375.1,0,2,-1.2868101267721241,0.14797965309356367,Inactifs
14080.0,33,1,45.6,2,4,-1.7765802659314398,-1.4429778042387418,Nouveaux clients
14081.0,302,2,921.62,0,0,-0.8296157131553648,1.1861489229097628,Inactifs
14082.0,365,1,182.25,0,2,-2.0350738548975755,0.5621138439031172,Inactifs
14083.0,4,9,1002.9,1,1,1.8676777819666301,-0.9244176709048961,Champions
14085.0,2,18,4421.29,1,3,3.3466620501672715,-0.4626970948302428,Champions
14087.0,3,1,191.47,2,1,-0.28656558576332003,-2.283077111148491,Nouveaux clients
14088.0,10,13,50491.81,1,3,3.7286615677682975,1.1310510924807393,Champions
14089.0,57,1,158.75,0,4,-1.3964345311718322,-0.6557005699603382,Inactifs
14090.0,325,1,76.32000000000001,0,2,-2.400011161279033,0.17447325679465686,Inactifs
14092.0,8,14,4076.91,1,3,2.674654134527868,0.11380212937045366,Champions
14093.0,12,1,433.86,2,4,-0.350332905374635,-1.2390283658254668,Nouveaux clients
14096.0,4,17,65164.79,1,3,4.378214148328862,0.8202622683739915,Champions
14098.0,37,1,147.35,2,4,-1.2700085194493422,-0.9507288412184751,Nouveaux clients
14099.0,16,11,3104.17,1,3,2.100578768752926,0.33236986772549587,Champions
14100.0,138,1,191.95,0,2,-1.6407820737179024,-0.032851580993928146,Inactifs
14101.0,74,6,5976.79,3,0,1.356435465774625,1.3056755378309737,Occasionnels
14102.0,5,5,1105.88,1,1,1.3821077864029607,-0.9686728035485064,Champions
14104.0,155,2,216.21,0,2,-1.2618123323853807,0.23852567515833922,Inactifs
14105.0,239,1,1266.23,0,0,-0.9569805171358232,0.9988719046250976,Inactifs
14107.0,52,7,2703.23,3,0,1.2337748851077557,0.8477546682979973,Occasionnels
14108.0,31,2,597.91,2,0,-0.17577090117394387,-0.3963118983163565,Nouveaux clients
14109.0,73,1,144.2,0,4,-1.5347785834198258,-0.5360405673219022,Inactifs
14110.0,4,12,5683.15,1,3,2.927166739017404,-0.19260467758346844,Champions
14111.0,14,4,692.85,2,1,0.6456590465998195,-0.627644519079959,Nouveaux clients
14112.0,23,7,2915.15,1,1,1.572181883787373,0.37300465052464565,Champions
14113.0,4,4,1840.42,1,1,1.5281198756912882,-0.9686175883287641,Champions
14114.0,274,2,386.53,0,2,-1.203870532965882,0.8087617974563626,Inactifs
14116.0,20,5,1382.74,3,1,1.009407564869008,-0.09319470511763585,Occasionnels
14117.0,144,1,90.0,0,2,-2.013287079708959,-0.2797871740857465,Inactifs
14121.0,4,4,2780.15,1,1,1.7236272509989043,-0.818446139869588,Champions
14124.0,84,1,419.58,0,4,-1.0834430641449515,-0.060846315756427675,Inactifs
14125.0,11,3,2720.63,3,0,1.177028390478244,-0.35669093399522106,Occasionnels
14126.0,8,3,706.1300000000001,2,1,0.6478689144794264,-1.0299271824422978,Nouveaux clients
14127.0,123,3,709.71,3,0,-0.35173915641936,0.6347619949429983,Occasionnels
14128.0,61,2,637.5,3,0,-0.39807294236550894,0.046285177750375814,Occasionnels
14129.0,2,5,1123.86,1,1,1.6545288532038134,-1.4022151315565283,Champions
14130.0,319,1,480.91,0,2,-1.5253029393171882,0.8291197693954603,Inactifs
14132.0,2,11,3586.03,1,3,2.8315927382493933,-0.7147173041317829,Champions
14133.0,130,3,605.64,0,0,-0.4477894112674823,0.6119109850475027,Inactifs
14135.0,2,15,4690.31,1,3,3.2191623408350196,-0.5069254194532162,Champions
14138.0,2,2,965.88,2,1,0.9555685874380072,-1.72247610713438,Nouveaux clients
14139.0,46,1,415.82,2,4,-0.8613658806924545,-0.4397262882297978,Nouveaux clients
14140.0,4,2,935.05,2,1,0.7450689719972319,-1.4104476329325457,Nouveaux clients
14141.0,3,4,915.13,2,1,1.2823361420657733,-1.3643397057609374,Nouveaux clients
14142.0,373,1,311.81,0,2,-1.7897814508967813,0.7705773967784506,Inactifs
14143.0,134,1,115.8,0,2,-1.8676389808576876,-0.23418088434411466,Inactifs
14145.0,47,4,3742.2,3,0,1.0004986669865703,0.7235631463914887,Occasionnels
14146.0,9,5,4191.0,1,1,1.8183744655374148,-0.15985574979504968,Champions
14147.0,78,2,483.4,0,0,-0.6216030246338314,0.0992992694015035,Inactifs
14148.0,234,1,157.2,0,2,-1.935527207882986,0.22771507201300722,Inactifs
14149.0,221,1,446.62,0,2,-1.420626518868303,0.5704422508863756,Inactifs
14150.0,36,2,658.64,2,0,-0.18543482230411026,-0.269099905842376,Nouveaux clients
14152.0,75,2,621.29,0,0,-0.48804046184376637,0.16598818380587255,Inactifs
14154.0,239,2,1345.62,0,0,-0.5612792286876205,1.1761009499612756,Inactifs
14155.0,266,1,118.75,0,2,-2.11632470021034,0.20723124226193046,Inactifs
14156.0,10,55,117210.08,1,3,5.382373149694025,1.9680490716130807,Champions
14157.0,20,2,424.89,2,4,-0.17652216697625345,-0.7875024907530649,Nouveaux clients
14158.0,40,1,507.66,2,4,-0.7147779107919474,-0.4537841150478157,Nouveaux clients
14159.0,20,11,4630.35,1,3,2.2094169969150865,0.6119278590891941,Champions
14161.0,216,3,1097.62,3,0,-0.3589948761225419,1.1481501285163977,Occasionnels
14162.0,174,2,289.36,0,2,-1.168088425158733,0.4170967191440979,Inactifs
14163.0,87,4,2445.91,3,0,0.5673854282107816,0.9529857268654491,Occasionnels
14164.0,71,2,1631.77,3,0,-0.010003629447566739,0.48303434038767623,Occasionnels
14165.0,276,1,120.44,0,2,-2.123725473949924,0.2356443217495453,Inactifs
14167.0,39,4,562.59,3,0,0.1723936524791822,-0.08159020355145698,Occasionnels
14171.0,98,1,363.79,0,4,-1.2091641986741999,-0.016021959977060896,Inactifs
14173.0,11,4,450.84,2,1,0.527521001326225,-0.925320525058711,Nouveaux clients
14174.0,33,1,134.46,2,4,-1.2706203186566116,-1.0543441886268534,Nouveaux clients
14175.0,60,3,3222.3,3,0,0.6361272929803675,0.735682197086854,Occasionnels
14176.0,297,4,576.9000000000001,0,0,-0.5828512123712195,1.2006207338198844,Inactifs
14177.0,86,4,549.46,3,0,-0.13560689334027948,0.40241085922626707,Occasionnels
14178.0,9,7,1600.26,1,1,1.622365531941872,-0.4003172055857203,Champions
14179.0,41,2,701.57,2,0,-0.20395782927001246,-0.16578407481842836,Nouveaux clients
14180.0,11,25,4748.52,1,3,3.1347648696982633,0.5621039182498114,Champions
14184.0,67,1,452.89,0,4,-0.9620624573607076,-0.1745453088172745,Inactifs
14185.0,331,1,197.65,0,2,-1.959568572784286,0.5296949207139972,Inactifs
14188.0,31,6,2054.36,3,0,1.1755946727584072,0.37689475942347017,Occasionnels
14189.0,2,15,4654.08,1,3,3.2154863243319705,-0.5097490097241925,Champions
14191.0,2,13,4684.76,1,3,3.097773722007133,-0.5584349377929505,Champions
14193.0,68,2,853.39,3,0,-0.3008306433969059,0.2201790058656751,Occasionnels
14194.0,5,21,11349.52,1,3,3.6614787957616732,0.37609362686864,Champions
14195.0,202,2,1012.0,0,0,-0.6323035054590779,0.9662769618631409,Inactifs
14196.0,107,1,335.52,0,4,-1.28064977954451,0.009759403187065039,Inactifs
14198.0,18,4,701.4,3,0,0.561166104079245,-0.4733286899950792,Occasionnels
14199.0,218,1,185.4,0,2,-1.8308130485838718,0.24275605026547337,Inactifs
14201.0,60,7,747.44,3,0,0.5709814242629186,0.4690245215839126,Occasionnels
14204.0,2,1,150.61,2,1,-0.2898188106975579,-2.5523587601752635,Nouveaux clients
14205.0,17,2,466.7,2,4,-0.07323415896605252,-0.8511178748215211,Nouveaux clients
14206.0,239,1,328.16,0,2,-1.5961634243504297,0.5079082115381426,Inactifs
14208.0,95,1,151.74,0,2,-1.6102020691203933,-0.35259991724611367,Inactifs
14209.0,11,6,2073.43,1,1,1.554648505739898,-0.24152453249328965,Champions
14210.0,106,6,1905.84,3,0,0.6789242129010876,1.1147976595632396,Occasionnels
14211.0,53,9,2241.1,3,0,1.3396896285386897,0.8767076513706343,Occasionnels
14212.0,90,1,1070.48,0,0,-0.6660864850193859,0.32298316037036034,Inactifs
14214.0,31,5,1004.38,3,0,0.6970480081307048,0.057491887532952236,Occasionnels
14215.0,12,6,1789.72,1,1,1.454338936400175,-0.24434561999475618,Champions
14216.0,3,4,1839.3,1,1,1.6130717850324816,-1.1102978800587608,Champions
14217.0,2,17,2004.98,1,3,2.9229069373664975,-0.7712914594431609,Champions
14218.0,43,1,169.48000000000002,0,4,-1.2600824384652474,-0.8071513452108564,Inactifs
14219.0,4,1,89.94,2,4,-0.7272995309102667,-2.414677065591504,Nouveaux clients
14220.0,247,2,632.4,0,0,-0.9314371297485667,0.922186175381559,Inactifs
14221.0,42,9,3432.8,3,0,1.628813619957871,0.8875509988266183,Occasionnels
14222.0,177,1,683.17,0,2,-1.1350794413378926,0.5849276836146007,Inactifs
14223.0,92,3,991.13,3,0,-0.08367177969864285,0.5738847996266346,Occasionnels
14224.0,110,4,1009.73,3,0,0.05946188151725854,0.7781690632881861,Occasionnels
14226.0,29,5,2214.79,3,0,1.0963999045533672,0.3043886553896952,Occasionnels
14227.0,26,10,3350.96,1,3,1.8813862030208377,0.6202131251617202,Champions
14229.0,52,3,1547.2,3,0,0.3421250177602314,0.37948660845021065,Occasionnels
14231.0,184,3,925.71,3,0,-0.3787371197580843,0.985034583435104,Occasionnels
14232.0,43,5,2048.07,3,0,0.9130077742863663,0.5186920483453225,Occasionnels
14233.0,49,4,1462.72,3,0,0.539691775741,0.407468504746429,Occasionnels
14234.0,22,4,754.12,3,0,0.5224997464150241,-0.3258531294364035,Occasionnels
14235.0,75,5,3144.86,3,0,0.9075002607480532,1.0213005660394912,Occasionnels
14236.0,81,2,490.86,0,0,-0.628594050745829,0.12849311915990969,Inactifs
14237.0,373,1,161.0,0,2,-2.101775638999539,0.530931096660531,Inactifs
14238.0,326,1,146.85,0,2,-2.0938118898212386,0.41250870204929413,Inactifs
14239.0,43,11,2380.85,1,3,1.6115659538345828,0.8386441769059916,Champions
14240.0,30,2,890.34,2,0,0.024888216737215998,-0.2716255855835263,Nouveaux clients
14241.0,184,1,213.7,0,2,-1.6993435377331065,0.18728009663064676,Inactifs
14242.0,235,2,280.55,0,2,-1.296932770248964,0.5954509303076697,Inactifs
14243.0,9,10,2588.77,1,1,2.1384855564716934,-0.10340085588500157,Champions
14245.0,220,2,1693.45,3,0,-0.420831279647191,1.2074960590011656,Occasionnels
14246.0,111,3,1474.06,3,0,0.03336502838768266,0.8361764400137082,Occasionnels
14247.0,278,1,136.76999999999998,0,2,-2.066651687709849,0.2861549814873976,Inactifs
14248.0,318,1,302.58,0,2,-1.7432203984122754,0.6588323641455808,Inactifs
14250.0,7,3,1904.05,3,1,1.162773195793218,-0.7436497636637702,Occasionnels
14251.0,2,5,2879.7000000000003,1,1,2.1004127620341806,-1.0597266073853022,Champions
14256.0,260,2,969.06,0,0,-0.7488424893961166,1.1098192057451473,Inactifs
14257.0,64,5,3099.7200000000003,3,0,0.9603711960098658,0.9169233505774512,Occasionnels
14258.0,9,9,12669.98,1,3,2.8050813430144963,0.4384047748468398,Champions
14259.0,142,1,120.0,0,2,-1.8728798305277001,-0.1848188706827676,Inactifs
14261.0,51,2,1163.45,3,0,-0.0459712928155731,0.15362575412905743,Occasionnels
14262.0,8,8,2618.23,1,1,2.002517309135812,-0.24283354460194523,Champions
14264.0,155,2,333.97,0,2,-1.0564193589804425,0.39629036444960325,Inactifs
14265.0,109,2,530.18,0,0,-0.7043444133575945,0.3427286311789204,Inactifs
14267.0,163,3,1516.24,3,0,-0.09894816665390917,1.0882074803183046,Occasionnels
14270.0,332,1,492.65,0,2,-1.52910203576722,0.8631302189059116,Inactifs
14271.0,226,1,112.32,0,2,-2.080495854970773,0.08424366910607296,Inactifs
14272.0,74,2,437.96,0,0,-0.6484601198792737,0.030485012130418165,Inactifs
14273.0,51,4,559.97,3,0,0.06996164810808611,0.0830348703421006,Occasionnels
14276.0,99,3,1119.74,3,0,-0.05359866979434357,0.6642829427747495,Occasionnels
14277.0,15,3,4188.0,3,0,1.2716050254073024,-0.017262730468520882,Occasionnels
14280.0,197,1,134.04,0,2,-1.9451375102281159,0.06146059319361775,Inactifs
14282.0,3,15,3701.44,1,3,2.9970263549355804,-0.41076779812467334,Champions
14284.0,31,2,595.25,2,0,-0.1778815070662795,-0.3979330788139198,Nouveaux clients
14285.0,21,4,1910.01,3,0,0.9797386460193155,-0.015865178930899882,Occasionnels
14286.0,24,3,4628.75,3,0,1.148559158702624,0.30208998121298464,Occasionnels
14287.0,8,3,176.63,2,4,-0.007182580070531759,-1.53307971874502,Nouveaux clients
14288.0,213,1,426.6,0,2,-1.4283023589225556,0.5305112307514003,Inactifs
14289.0,9,6,911.26,3,1,1.234768285749203,-0.6563046117841491,Occasionnels
14290.0,11,5,2314.65,1,1,1.4673225876006597,-0.26042627968191945,Champions
14291.0,2,11,3883.25,1,3,2.869338058861797,-0.6857246921650884,Champions
14292.0,8,9,4871.93,1,1,2.392216816761462,0.02357243384786013,Champions
14293.0,3,4,1046.56,2,1,1.3459017460969556,-1.315514239128154,Nouveaux clients
14295.0,40,1,166.20000000000002,2,4,-1.2423182250168718,-0.858993857049194,Nouveaux clients
14297.0,18,4,1305.33,3,1,0.8553672602659,-0.2473494209603464,Occasionnels
14298.0,8,44,51527.3,1,3,4.871463147522341,1.4578642043578565,Champions
14299.0,8,9,3965.62,1,1,2.2946445869425305,-0.05137391054577622,Champions
14300.0,19,1,43.2,2,4,-1.5989526655506832,-1.7986196729774484,Nouveaux clients
14301.0,117,1,640.14,0,0,-1.008840945911723,0.30065912501771924,Inactifs
14304.0,223,1,383.45,0,2,-1.4961862527258212,0.5207210784054597,Inactifs
14305.0,71,3,1858.96,3,0,0.3120802180428045,0.6405258684652497,Occasionnels
14306.0,51,2,2093.32,3,0,0.23234855885201058,0.3674064117339262,Occasionnels
14307.0,89,6,2995.72,3,0,0.9593691351332728,1.1697607811504447,Occasionnels
14309.0,8,9,2352.53,1,1,2.047136325023609,-0.2414878340716557,Champions
14311.0,243,1,310.26,0,2,-1.6289901724443874,0.4980221077354151,Inactifs
14312.0,47,6,1611.59,3,0,0.9056731999557612,0.5455742443472029,Occasionnels
14314.0,107,1,120.0,0,4,-1.7656478711660013,-0.36277317162827627,Inactifs
14315.0,45,6,2481.13,3,0,1.1264225541214083,0.6756665624466698,Occasionnels
14317.0,65,1,508.58,0,4,-0.8957837238370827,-0.15132008896044533,Inactifs
14320.0,207,2,477.79,0,0,-0.9969349599395398,0.7087638206952673,Inactifs
14321.0,11,5,1530.75,3,1,1.2713637901576684,-0.4109444706403446,Occasionnels
14323.0,115,2,605.0600000000001,0,0,-0.6621015527982299,0.42442740652055855,Inactifs
14326.0,242,1,183.85,0,2,-1.874496213209688,0.30563767691735894,Inactifs
14327.0,163,1,311.65,0,2,-1.4751089472758492,0.2477810529091135,Inactifs
14329.0,17,7,4975.24,1,3,1.9354694908465537,0.3852672019316188,Champions
14331.0,124,2,462.66,0,2,-0.8176376800606218,0.374253429042111,Inactifs
14332.0,23,3,840.21,3,0,0.35552021443939685,-0.3449086873897092,Occasionnels
14333.0,68,1,415.2,0,4,-1.0087432237450993,-0.1968630994952811,Inactifs
14334.0,17,8,2552.21,1,1,1.7256317577921856,0.18727956182629224,Champions
14335.0,16,2,454.86,2,4,-0.06355773340283465,-0.896691323753687,Nouveaux clients
14336.0,17,4,1614.91,3,1,0.9768626165892118,-0.20416684529662016,Occasionnels
14338.0,161,2,588.22,0,0,-0.8030526342646217,0.6259028435167273,Inactifs
14339.0,243,1,309.52,0,2,-1.630118787965076,0.4971552052606176,Inactifs
14340.0,219,1,134.7,0,2,-1.9830732542914922,0.1300280965991979,Inactifs
14341.0,45,8,2166.98,3,0,1.2896638647781,0.7225147313570242,Occasionnels
14342.0,21,4,668.5600000000001,3,0,0.4824602289922775,-0.39783041198125324,Occasionnels
14344.0,127,8,889.9300000000001,3,0,0.47707180406180666,1.047396140475808,Occasionnels
14345.0,39,1,108.98,0,4,-1.4315057470931551,-1.0272097204200343,Inactifs
14346.0,121,2,1021.58,3,0,-0.4333328312896747,0.6469144743220485,Occasionnels
14348.0,260,1,409.57,0,2,-1.5234164276903777,0.6415737498033467,Inactifs
14349.0,10,1,133.5,2,4,-0.8429211328882817,-1.7723091038644532,Nouveaux clients
14350.0,274,1,282.93,0,2,-1.7182535282305396,0.5403719772890982,Inactifs
14351.0,165,1,51.0,0,2,-2.330298791811647,-0.3978592573290345,Inactifs
14352.0,157,4,1078.96,3,0,-0.043994822623410694,1.0261184894238171,Occasionnels
14353.0,215,1,90.6,0,2,-2.162414306889132,-0.024741942016763153,Inactifs
14354.0,6,2,163.62,2,4,-0.20755891263393858,-1.830143483005698,Nouveaux clients
14355.0,366,1,174.4,0,2,-2.0568757443976695,0.5478978595419686,Inactifs
14356.0,80,2,701.23,0,0,-0.45507581767840566,0.250395750071261,Inactifs
14357.0,43,1,225.12,2,4,-1.126158223133223,-0.7042826254578309,Nouveaux clients
14359.0,19,3,912.18,3,0,0.4640909123014755,-0.4305907220345371,Occasionnels
14360.0,32,4,2118.03,3,0,0.8738446372141002,0.2788056749466767,Occasionnels
14362.0,22,1,151.5,2,4,-1.065128329607156,-1.2589744568017442,Nouveaux clients
14364.0,109,8,3717.35,3,0,1.212422534564336,1.4716871967704581,Occasionnels
14367.0,8,16,9227.82,1,3,3.175174312485779,0.4591421269844117,Champions
14368.0,320,1,155.0,0,2,-2.0612955249285063,0.4203112003776771,Inactifs
14371.0,295,1,100.5,0,2,-2.2341132251045854,0.21237662830591342,Inactifs
14373.0,358,1,76.55,0,2,-2.4354369678507375,0.2366823019324895,Inactifs
14375.0,185,1,235.56,0,2,-1.6554286272377154,0.22601086028854256,Inactifs
14377.0,191,2,617.05,0,0,-0.8453034430319656,0.7510058824279287,Inactifs
14379.0,44,2,348.1,2,4,-0.5619310250291434,-0.37676663518211434,Nouveaux clients
14381.0,52,1,202.68,0,4,-1.2468056209939946,-0.624370777683196,Inactifs
14382.0,26,1,615.49,2,4,-0.4640416672515233,-0.6485786999289611,Nouveaux clients
14383.0,38,3,1247.69,3,0,0.35735288753735506,0.10673610018193026,Occasionnels
14385.0,9,3,202.11,2,4,0.016128080558676077,-1.4174681522132755,Nouveaux clients
14386.0,297,1,142.4,0,2,-2.0728273465789995,0.3425069785425334,Inactifs
14387.0,33,3,1727.6,3,0,0.563966809987693,0.1382047537823486,Occasionnels
14388.0,10,8,3212.84,1,1,2.022867141978317,-0.04111005021361313,Champions
14389.0,65,2,1043.46,3,0,-0.18860770747368222,0.2651562531892502,Occasionnels
14390.0,10,9,4642.57,1,1,2.292701056340394,0.13322579670030088,Champions
14393.0,218,1,67.95,0,2,-2.3023670572087584,-0.11944997081434293,Inactifs
14395.0,2,9,3479.91,1,3,2.6523778068954047,-0.7953962508866743,Champions
14396.0,65,2,487.99,0,0,-0.5484506413206727,-0.011243215161123274,Inactifs
14397.0,3,19,2612.96,1,3,3.0338744812797693,-0.45219987677802753,Champions
14400.0,149,1,574.7,0,2,-1.1515497552926846,0.413561812249529,Inactifs
14401.0,4,13,4051.48,1,3,2.8337924015959954,-0.2874863721563494,Champions
14403.0,130,4,1475.81,3,0,0.17598261921504926,1.0213018622089307,Occasionnels
14404.0,34,6,1449.32,3,1,0.9760407088507214,0.30671717702004697,Occasionnels
14406.0,119,1,156.75,0,2,-1.6801393871893773,-0.19938674643254017,Inactifs
14407.0,107,6,2157.73,3,0,0.7342004608852244,1.1658825781124755,Occasionnels
14408.0,11,7,2599.03,1,1,1.7825575115446217,-0.10819548802276573,Champions
14409.0,71,6,2059.4500000000003,3,0,0.8669937215760364,0.8918733469065367,Occasionnels
14410.0,92,9,1100.27,3,0,0.7949292560876281,0.9623943574287166,Occasionnels
14411.0,311,1,1063.0,0,0,-1.1400845974637739,1.1015318353746277,Inactifs
14412.0,43,2,770.03,2,0,-0.17764033496698267,-0.1024288344755474,Nouveaux clients
14413.0,362,1,121.05,0,2,-2.224636380808503,0.40887612477618973,Inactifs
14414.0,92,7,1496.98,3,0,0.7388909758998905,0.9890862596856266,Occasionnels
14415.0,1,13,5855.57,1,3,3.358414335918504,-0.7342431564560383,Champions
14416.0,22,2,490.22,2,4,-0.14360599266246915,-0.677856257111175,Nouveaux clients
14418.0,4,3,1937.25,2,1,1.3505057472145852,-1.0353094840307833,Nouveaux clients
14419.0,11,6,1051.79,3,1,1.233055990523225,-0.4885434173191456,Occasionnels
14420.0,99,1,387.52,0,4,-1.1831207945242734,0.013302484567747694,Inactifs
14421.0,57,2,813.11,3,0,-0.2573895847313611,0.09249923107240358,Occasionnels
14422.0,1,6,4263.64,1,1,2.580807372306157,-1.1149135591133703,Champions
14423.0,218,1,265.2,0,2,-1.661846290954166,0.3725413470849894,Inactifs
14424.0,18,1,322.08,2,4,-0.6361802596622688,-1.1066701755611121,Nouveaux clients
14426.0,24,10,4481.67,1,3,2.0486096710780837,0.6772893351561623,Champions
14427.0,50,2,363.34,2,4,-0.5894828632007252,-0.2818591107969869,Nouveaux clients
14428.0,7,5,1224.06,3,1,1.3203143187290245,-0.7493542622105293,Occasionnels
14431.0,303,1,470.36,0,2,-1.516204551036298,0.7885413590708934,Inactifs
14432.0,10,6,2248.5,1,1,1.6263034973118096,-0.2671757693621595,Champions
14434.0,22,6,1372.8,3,1,1.1107231015805759,0.020815572030014728,Occasionnels
14436.0,99,1,89.06,0,4,-1.8762738860999748,-0.5191163236848739,Inactifs
14437.0,366,1,63.0,0,2,-2.5349127390525195,0.18071218283060175,Inactifs
14438.0,306,1,131.9,0,2,-2.1202486599334507,0.3336748268948734,Inactifs
14439.0,320,1,2661.24,0,0,-0.7160843670347923,1.4535832585109996,Inactifs
14440.0,8,5,2357.6800000000003,1,1,1.5859465816723246,-0.4360926444592106,Champions
14441.0,1,4,1712.89,1,1,1.844110310093969,-1.5756266111328814,Champions
14442.0,205,2,1589.82,3,0,-0.42390525699731907,1.1399544805508923,Occasionnels
14443.0,54,4,1420.2,3,0,0.4893055824118977,0.4571524675403074,Occasionnels
14446.0,1,4,1010.35,2,1,1.5940029403861093,-1.7677369390437734,Nouveaux clients
14447.0,19,5,1163.23,3,1,0.9461443948580414,-0.18703356991222253,Occasionnels
14448.0,9,2,375.35,2,4,0.048261612457557314,-1.3028812645860612,Nouveaux clients
14449.0,19,4,885.8,3,0,0.6521056217847917,-0.3559100212446145,Occasionnels
14450.0,181,3,483.25,0,0,-0.6802374103324694,0.7382873450336912,Inactifs
14451.0,60,2,643.9,3,0,-0.38713242246950086,0.03960947456369294,Occasionnels
14452.0,11,2,259.05,2,4,-0.19665439372518842,-1.3219276188775153,Nouveaux clients
14453.0,190,1,119.93,0,2,-1.9837154374836212,-0.0015503259479676583,Inactifs
14456.0,5,9,3017.28,1,1,2.319979246117923,-0.4079233211877964,Champions
14457.0,311,1,113.64,0,2,-2.196500283825115,0.29008687813829026,Inactifs
14459.0,155,1,1837.92,0,0,-0.6158728392972952,0.8613928138731726,Inactifs
14460.0,110,3,434.34,0,0,-0.5418336038013247,0.3860426772402895,Inactifs
14461.0,148,3,2103.06,3,0,0.09273057687269702,1.1464863079003649,Occasionnels
14462.0,66,11,1980.57,3,3,1.3636957027619006,1.0382068766325092,Occasionnels
14463.0,98,3,529.62,3,0,-0.4042847793113993,0.3855967275040048,Occasionnels
14465.0,247,3,1038.44,3,0,-0.4362588939736297,1.212633480538892,Occasionnels
14466.0,29,7,2272.4,3,0,1.3688825695169835,0.42378094852223985,Occasionnels
14467.0,18,4,596.26,2,0,0.48428153703843335,-0.5323846042720151,Nouveaux clients
14470.0,12,2,461.19,2,4,0.0454573292248722,-1.061730999934347,Nouveaux clients
14472.0,104,8,1852.67,3,0,0.9001274459354665,1.1886692992044912,Occasionnels
14473.0,74,2,234.34000000000003,0,4,-0.9440377971537276,-0.19655157847729438,Inactifs
14474.0,46,1,547.66,2,4,-0.731056331526418,-0.33963403485298316,Nouveaux clients
14475.0,72,3,925.85,3,0,-0.023446932017838113,0.395594908975509,Occasionnels
14476.0,257,1,193.0,0,2,-1.8744690815519582,0.3612052335243214,Inactifs
14477.0,20,4,1309.6,3,1,0.8186829234148887,-0.1827143916879038,Occasionnels
14479.0,254,2,316.25,0,2,-1.2699068236879105,0.6880164188847437,Inactifs
14480.0,11,1,279.05,2,4,-0.5284117407707479,-1.4500405923237467,Nouveaux clients
14481.0,165,2,636.51,0,0,-0.7750207285050466,0.6700539558351682,Inactifs
14482.0,18,6,2022.81,3,1,1.367394276986685,0.04079200247611354,Occasionnels
14483.0,282,1,137.1,0,2,-2.0709550884215457,0.2960504664560101,Inactifs
14484.0,50,1,321.92,0,4,-1.01359486515264,-0.4809107497406855,Inactifs
14485.0,39,1,162.8,2,4,-1.2426269990626169,-0.8821297962981299,Nouveaux clients
14487.0,27,6,1165.48,3,1,0.9580130751402595,0.08593712182895948,Occasionnels
14488.0,68,1,1064.28,0,0,-0.5631190081480881,0.14542595133665642,Inactifs
14489.0,207,1,463.38,0,2,-1.3783141768623448,0.542535722113762,Inactifs
14491.0,175,2,340.93,0,2,-1.0927479708509682,0.48025065930706917,Inactifs
14493.0,7,5,2383.24,1,1,1.636050044947622,-0.5068340439223266,Champions
14494.0,26,1,139.56,2,4,-1.1650368765686614,-1.1870211284074998,Nouveaux clients
14495.0,51,2,123.8,0,4,-1.104898964860265,-0.6597486880077041,Inactifs
14496.0,312,2,538.8100000000001,0,0,-1.0961668206627764,1.0115194784981523,Inactifs
14497.0,309,1,475.37,0,2,-1.5186574290323889,0.8047820136899594,Inactifs
14498.0,43,5,1957.32,3,0,0.8915289689787993,0.5021939326137042,Occasionnels
14499.0,26,3,808.44,3,0,0.29227296645059836,-0.28426317912024474,Occasionnels
14500.0,88,3,356.85,0,0,-0.5503934591316086,0.1746212149468635,Inactifs
14501.0,184,2,251.21,0,2,-1.2561052926322478,0.40102282143614515,Inactifs
14502.0,20,11,2429.83,1,3,1.9037689081324531,0.3771560703571971,Champions
14503.0,3,6,3543.26,1,1,2.2282943006797424,-0.7428908149866695,Champions
14504.0,47,4,673.26,3,0,0.18775794241187457,0.09928771105762926,Occasionnels
14505.0,17,8,5859.43,1,3,2.1195941402789336,0.4898865684590401,Champions
14506.0,17,5,1960.65,3,1,1.2337711994779317,-0.0638105172219942,Occasionnels
14507.0,24,6,1367.88,3,1,1.0771703487365465,0.07236749774854091,Occasionnels
14508.0,22,2,268.05,2,4,-0.4290452003702826,-0.8971053734224006,Nouveaux clients
14511.0,11,5,1314.81,3,1,1.1993118572574823,-0.46628838342562773,Occasionnels
14512.0,188,2,275.28,0,2,-1.2210560916886264,0.44778169556643344,Inactifs
14513.0,101,3,455.59,0,0,-0.4869353087625707,0.34979614416306415,Inactifs
14514.0,61,3,990.2,3,0,0.07077041077536668,0.31650435870555577,Occasionnels
14515.0,18,6,2076.89,3,1,1.379898272233716,0.0503964640715845,Occasionnels
14517.0,33,2,330.45,2,4,-0.47945610990459603,-0.5733555564184261,Nouveaux clients
14518.0,64,1,174.37,0,4,-1.3957280179930134,-0.5494913475432112,Inactifs
14520.0,2,2,270.6,2,1,0.3535124129495446,-2.184922332676853,Nouveaux clients
14522.0,24,4,974.54,3,1,0.6120862459615385,-0.1797165372081242,Occasionnels
14523.0,108,1,241.09,0,2,-1.440332720167526,-0.10434779571083468,Inactifs
14524.0,32,9,1843.83,3,3,1.4353420977597775,0.4934798994534334,Occasionnels
14525.0,20,9,4215.9,1,1,1.9999901378589022,0.5080427855237717,Champions
14527.0,3,55,8507.13,1,3,4.525114346426198,0.37146773259591204,Champions
14528.0,37,1,364.22,2,4,-0.8428296546758319,-0.6226078750746187,Nouveaux clients
14529.0,60,3,578.61,3,0,-0.1774314203645399,0.11077845523385291,Occasionnels
14530.0,26,6,2862.11,3,0,1.3976581491828157,0.38990788472798243,Occasionnels
14532.0,236,4,932.85,3,0,-0.267806575153288,1.230215377248664,Occasionnels
14533.0,25,7,1949.72,3,1,1.350964034114926,0.2773125316377668,Occasionnels
14534.0,3,18,4397.3,1,3,3.2341888759828805,-0.28230621503028286,Champions
14535.0,60,3,2854.84,3,0,0.578735665829607,0.6915990326277229,Occasionnels
14536.0,260,1,170.95,0,2,-1.9360942576016542,0.32459119419767213,Inactifs
14537.0,58,1,355.56,0,4,-1.0222686591621208,-0.35244691649749665,Inactifs
14538.0,65,2,388.25,0,0,-0.6566151158281419,-0.09432558370632417,Inactifs
14539.0,16,2,537.48,2,4,0.015419802753270465,-0.8360277759891172,Nouveaux clients
14540.0,10,3,952.66,2,1,0.7130295708249028,-0.7937839826003903,Nouveaux clients
14541.0,59,8,1453.35,3,0,0.9988654414043605,0.7455497467445309,Occasionnels
14542.0,186,1,103.25,0,2,-2.046004692352952,-0.06902266365908437,Inactifs
14543.0,29,16,3599.73,1,3,2.2689864572176703,0.8795965781686557,Champions
14544.0,24,2,2004.3,3,0,0.4915165697310576,-0.11268718278061805,Occasionnels
14546.0,5,5,2573.93,1,1,1.7824264677883284,-0.6611834511170732,Champions
14547.0,4,8,3974.75,1,1,2.4249314163880076,-0.4634581229114122,Champions
14548.0,151,2,652.8,0,0,-0.7294002575497001,0.623389028987316,Inactifs
14549.0,311,1,289.24,0,2,-1.7560517876830082,0.6284003997292545,Inactifs
14550.0,11,2,757.37,2,1,0.3108331027339633,-0.9321206752863548,Nouveaux clients
14551.0,18,2,186.23,2,4,-0.5279720498593994,-1.1502678482667865,Nouveaux clients
14552.0,152,1,164.22,0,2,-1.7510068630627407,-0.02852401621684263,Inactifs
14553.0,19,5,859.27,3,1,0.8026796643292106,-0.29723046837920647,Occasionnels
14554.0,10,4,2279.49,3,1,1.328330478733528,-0.3908998714624801,Occasionnels
14555.0,57,2,312.54,0,4,-0.7098139060408455,-0.2550130586420103,Inactifs
14557.0,85,1,788.38,0,0,-0.7893763689953253,0.17587602884121903,Inactifs
14560.0,7,22,2237.77,1,3,2.822093243916691,-0.015757005304183325,Champions
14561.0,76,3,1080.76,3,0,0.029457118587944125,0.48570166557736527,Occasionnels
14562.0,4,18,5006.77,1,3,3.2104808864235155,-0.0935837688624611,Champions
14565.0,96,4,3099.12,3,0,0.64238092251845,1.1008908380924998,Occasionnels
14566.0,111,1,1432.0,0,0,-0.6075534041378521,0.5604980596203257,Inactifs
14567.0,57,2,1530.36,3,0,0.04218949164813838,0.32260934204487196,Occasionnels
14569.0,1,1,227.39,2,1,0.05935009520019494,-2.6601673864122644,Nouveaux clients
14570.0,281,2,218.06,0,2,-1.4839533252611632,0.6169369232144897,Inactifs
14572.0,3,7,2804.54,1,1,2.2382956714098463,-0.7769391144039726,Champions
14573.0,180,9,1639.82,3,0,0.7296187480568511,1.5297506361885271,Occasionnels
14576.0,372,1,35.400000000000006,0,2,-2.8086802034414706,-0.014533249090517888,Inactifs
14577.0,13,4,859.71,3,1,0.7741955769370226,-0.5928948825220491,Occasionnels
14578.0,3,1,168.63,2,1,-0.3464612492532091,-2.3290836545259346,Nouveaux clients
14581.0,17,1,138.6,2,4,-1.0133995233268673,-1.446555996849235,Nouveaux clients
14582.0,41,1,114.11,0,4,-1.4285269007709689,-0.9796759333417321,Inactifs
14583.0,6,5,986.96,2,1,1.269330812872543,-0.9123460022985147,Nouveaux clients
14584.0,169,4,1033.06,3,0,-0.09255152258385861,1.0567069239120446,Occasionnels
14585.0,50,1,157.05,0,4,-1.3523757762654334,-0.7411322378153897,Inactifs
14586.0,277,1,237.36,0,2,-1.8053496381168281,0.4835342543324686,Inactifs
14587.0,19,9,1580.29,1,1,1.5535479976747826,0.11987977628471604,Champions
14589.0,372,1,39.75,0,2,-2.7551541740259973,0.026580705587370145,Inactifs
14591.0,15,4,1320.21,3,1,0.9263841454392892,-0.35216637764446884,Occasionnels
14592.0,35,3,557.94,2,0,0.006798940418866926,-0.2367562299940466,Nouveaux clients
14593.0,22,3,617.15,2,0,0.22568574514512793,-0.4841038091757942,Nouveaux clients
14594.0,7,2,363.33,2,4,0.11811114575341868,-1.4561618638867282,Nouveaux clients
14595.0,20,6,1740.6,3,1,1.257955031663429,0.04954315539554933,Occasionnels
14597.0,11,2,866.24,2,1,0.37443839761382325,-0.883264721659272,Nouveaux clients
14598.0,44,1,221.97,2,4,-1.1413945471695055,-0.695145551525589,Nouveaux clients
14600.0,306,1,393.33,0,2,-1.6045612673128733,0.7297802044036219,Inactifs
14601.0,11,1,213.96,2,4,-0.6538335647328812,-1.5463785281338422,Nouveaux clients
14603.0,275,1,660.0,0,0,-1.3189662644799225,0.8504351620513019,Inactifs
14606.0,1,93,12076.15,1,3,5.424655063744569,0.2577585619718725,Champions
14607.0,16,14,16209.5,1,3,3.086077728721053,1.0196073318101642,Champions
14608.0,4,4,1785.15,1,1,1.513670199531238,-0.9797165496610747,Champions
14609.0,72,4,601.56,3,0,-0.02570656148857774,0.3241237163118771,Occasionnels
14616.0,243,3,406.08,0,0,-0.8745339431502301,0.8609101668878751,Inactifs
14618.0,9,3,553.44,2,1,0.4922802568736335,-1.0517302260010328,Nouveaux clients
14619.0,246,1,394.44,0,2,-1.5201593805773321,0.5929486381800608,Inactifs
14620.0,206,2,412.78,0,0,-1.0642864115752364,0.6525612219212407,Inactifs
14621.0,1,5,1788.36,1,1,2.029518455134453,-1.4901905861938298,Champions
14622.0,185,1,320.58000000000004,0,2,-1.5098417846001515,0.3378377773093524,Inactifs
14623.0,32,5,886.7,3,0,0.6262670879851222,0.03166044166853931,Occasionnels
14624.0,57,2,225.85,0,4,-0.8632686331828524,-0.3728833876337632,Inactifs
14625.0,196,2,899.63,0,0,-0.676592487180328,0.9044354146314123,Inactifs
14626.0,24,4,2791.27,3,0,1.1107172407420896,0.203287626266614,Occasionnels
14628.0,91,2,671.96,0,0,-0.523906439806127,0.315614748005216,Inactifs
14629.0,4,2,955.26,2,1,0.755197384588943,-1.4026678835133934,Nouveaux clients
14631.0,51,3,1006.98,3,0,0.14592007471518983,0.21111495102467787,Occasionnels
14632.0,263,1,114.56,0,2,-2.1288959880800027,0.18709641687993206,Inactifs
14633.0,266,1,344.90000000000003,0,2,-1.613367282795765,0.5935585803871167,Inactifs
14636.0,36,2,609.85,2,0,-0.2218702639418806,-0.29708638480453614,Nouveaux clients
14638.0,51,1,443.6,0,4,-0.8693916286082273,-0.35213917775478765,Inactifs
14639.0,52,6,2984.49,3,0,1.1598636579838284,0.8327130769100166,Occasionnels
14640.0,24,6,2107.38,3,0,1.2819709334216036,0.22967716649658787,Occasionnels
14641.0,22,1,110.46,2,4,-1.2137755349205905,-1.3731520733556166,Nouveaux clients
14642.0,59,1,96.12,0,4,-1.6453544231215977,-0.8154600797157846,Inactifs
14643.0,170,2,693.8100000000001,0,0,-0.7455469721570829,0.7202129950257418,Inactifs
14644.0,68,2,830.76,3,0,-0.31355879288115146,0.21040236883985128,Occasionnels
14645.0,157,2,597.09,0,0,-0.7864175364907598,0.6154954215642693,Inactifs
14646.0,2,73,280206.02,1,3,6.544144884421397,1.568423427267942,Champions
14647.0,201,1,236.04,0,2,-1.6859903670149765,0.2790621510680475,Inactifs
14649.0,5,4,1402.59,2,1,1.3297383819269253,-0.9519202520192125,Nouveaux clients
14651.0,67,2,653.75,3,0,-0.42144297974158473,0.11399705317325567,Occasionnels
14652.0,77,1,114.18,0,4,-1.664710389060738,-0.5870233516380944,Inactifs
14653.0,1,7,1926.65,1,1,2.3251285891054345,-1.3530338199074408,Champions
14655.0,8,4,1932.23,3,1,1.3266566610745507,-0.5782781052326741,Occasionnels
14656.0,169,2,291.05,0,2,-1.1542634878374893,0.4008341344873582,Inactifs
14657.0,18,4,848.22,3,0,0.6511680547191155,-0.4041971635221027,Occasionnels
14658.0,5,2,247.15,2,1,0.04591675282853012,-1.7783980116342464,Nouveaux clients
14659.0,9,9,2529.93,1,1,2.041345937815861,-0.1482291148352079,Champions
14660.0,87,2,285.74,0,4,-0.9114328091835942,-0.023271155232097485,Inactifs
14661.0,27,1,107.95,2,4,-1.2997181832129152,-1.25674573764755,Nouveaux clients
14662.0,29,4,741.37,3,0,0.4129273173955355,-0.16361635745116362,Occasionnels
14664.0,20,2,636.24,2,0,0.014546048117540298,-0.6407408119672996,Nouveaux clients
14665.0,61,5,1835.7,3,0,0.7301235737182241,0.6962474208124189,Occasionnels
14666.0,24,1,195.25,2,4,-0.9773861653626548,-1.114254519588714,Nouveaux clients
14667.0,11,25,9175.04,1,3,3.4470210460394846,0.801951454526661,Champions
14669.0,242,3,1259.24,3,0,-0.33714674688207563,1.2698749752441585,Occasionnels
14670.0,280,2,392.86,0,2,-1.2044330268335897,0.8283453276904487,Inactifs
14672.0,235,2,765.55,0,0,-0.8220233628068845,0.960234271551205,Inactifs
14673.0,3,5,1736.4,1,1,1.7507650719140104,-1.0615121827683736,Champions
14675.0,16,1,596.36,2,4,-0.3022668109010852,-0.9533328583728489,Nouveaux clients
14676.0,31,6,2548.24,3,0,1.2777013509195718,0.4553240653905257,Occasionnels
14680.0,25,16,28754.11,1,3,3.3087936879376727,1.5455794057511405,Champions
14681.0,71,3,498.95,3,0,-0.31086638302008474,0.16203346761774923,Occasionnels
14682.0,188,2,52.0,0,2,-2.003945207646668,-0.15356437816280166,Inactifs
14684.0,26,5,1201.51,3,1,0.8468445007670364,0.014995917008441226,Occasionnels
14687.0,107,1,628.38,0,0,-0.9837915932950578,0.2377795673670681,Inactifs
14688.0,8,21,5579.1,1,3,3.169914526742265,0.37452674796061114,Champions
14689.0,209,1,112.8,0,2,-2.048755997619178,0.03643595877003259,Inactifs
14690.0,44,2,355.05,2,4,-0.5525841120406751,-0.3695871645361009,Nouveaux clients
14691.0,31,5,2114.33,3,0,1.0497463679784245,0.32840352697453845,Occasionnels
14692.0,137,4,591.55,3,0,-0.27690373905889476,0.7217092958647799,Occasionnels
14693.0,265,1,172.9,0,2,-1.9379961114278685,0.34072771616595454,Inactifs
14696.0,4,7,2078.95,1,1,2.0111631963588157,-0.7444693394731319,Champions
14697.0,218,2,188.61,0,2,-1.4558275711755753,0.4040730444835058,Inactifs
14698.0,2,5,1217.27,1,1,1.692353776564189,-1.3731613758097307,Champions
14699.0,214,1,109.13,0,2,-2.07328791085036,0.03941379143519886,Inactifs
14700.0,32,3,2195.1,3,0,0.6888697804966284,0.20645991979361938,Occasionnels
14701.0,11,9,2526.09,1,1,1.9709795184575845,-0.03320193742414695,Champions
14702.0,1,17,3251.79,1,3,3.306991288461627,-0.8522811333483785,Champions
14703.0,15,1,318.17,2,4,-0.5763071675673013,-1.2200468070159833,Nouveaux clients
14704.0,11,9,1493.96,1,1,1.7220625524308957,-0.224397902668304,Champions
14705.0,199,1,179.0,0,2,-1.8127111343375375,0.1724990136564627,Inactifs
14708.0,3,3,1126.37,2,1,1.1788021807215552,-1.3741297787932023,Nouveaux clients
14709.0,15,13,4921.04,1,3,2.4816441296323974,0.5206758165380587,Champions
14710.0,14,4,599.48,2,1,0.5771310205601863,-0.6802816787483748,Nouveaux clients
14711.0,10,11,2839.62,1,1,2.2246476868850626,0.02397513679892428,Champions
14712.0,29,3,917.07,3,0,0.31173633878567186,-0.17160675867882644,Occasionnels
14713.0,9,11,2662.2,1,1,2.2304758293556293,-0.05993437389265032,Champions
14714.0,24,1,160.19,2,4,-1.0707026171963774,-1.1859319522937048,Nouveaux clients
14715.0,25,4,867.38,3,0,0.5419304379661817,-0.19723257194313626,Occasionnels
14716.0,43,2,307.51,2,4,-0.6119540368233862,-0.4360301504914866,Nouveaux clients
14719.0,2,5,1581.84,1,1,1.8164824303491425,-1.2778167387859638,Champions
14720.0,6,3,663.81,2,1,0.7146088488443506,-1.2117206452073153,Nouveaux clients
14722.0,147,1,180.42,0,2,-1.693963707028176,-0.015520417735009664,Inactifs
14723.0,10,6,1122.36,3,1,1.2970575703990102,-0.5200733271447431,Occasionnels
14725.0,25,1,655.58,2,4,-0.4197519788670458,-0.649557887652967,Nouveaux clients
14727.0,274,1,268.58,0,2,-1.7428444382551926,0.5214834183714563,Inactifs
14729.0,374,1,313.49,0,2,-1.7882617526636928,0.7742209385995442,Inactifs
14730.0,1,8,1897.57,1,1,2.4244983746976305,-1.3135156325391917,Champions
14731.0,47,3,380.02,2,4,-0.2847868312823155,-0.19394378253742178,Nouveaux clients
14732.0,8,8,2702.49,1,1,2.0175305674712973,-0.23130168936229395,Champions
14733.0,16,12,9585.91,1,3,2.7075361521142924,0.7735662789320967,Champions
14735.0,4,32,6065.69,1,3,3.800979865905652,0.18745592969265323,Champions
14737.0,4,3,1164.55,2,1,1.1093538214631662,-1.2205410331313227,Nouveaux clients
14738.0,43,7,1314.45,3,0,0.9631708803243488,0.46731814847805264,Occasionnels
14739.0,4,7,3902.28,1,1,2.309631494072328,-0.5152124302835955,Champions
14740.0,197,3,1448.21,3,0,-0.19266838189365768,1.1909337614449516,Occasionnels
14741.0,12,6,1400.34,3,1,1.3380812792955918,-0.3336444545496967,Occasionnels
14744.0,16,7,1099.98,3,1,1.2420526087543171,-0.20036024878152028,Occasionnels
14745.0,113,5,1220.26,3,0,0.30396542271297633,0.9337278139135121,Occasionnels
14747.0,249,1,328.2,0,2,-1.6116997281585674,0.5338309948957836,Inactifs
14748.0,29,5,1415.75,3,1,0.8843369209271164,0.14150065504893228,Occasionnels
14752.0,44,1,389.64,2,4,-0.8755122032616258,-0.490918285717619,Nouveaux clients
14753.0,87,1,563.15,0,4,-0.9574402833882564,0.06810361307067123,Inactifs
14754.0,45,2,638.05,2,0,-0.28364095799072925,-0.1426266521770411,Nouveaux clients
14755.0,10,11,5010.28,1,1,2.4938111146148243,0.23072264057373676,Champions
14756.0,15,1,738.96,2,4,-0.17760291380091095,-0.9137975148819832,Nouveaux clients
14757.0,75,1,420.5,0,4,-1.039654582285438,-0.13099928893997104,Inactifs
14758.0,145,4,1484.06,3,0,0.13721191865499555,1.0920553236672514,Occasionnels
14759.0,5,3,1625.97,2,1,1.1978507051014569,-0.9834891378267969,Nouveaux clients
14760.0,297,1,89.2,0,2,-2.292649894514563,0.17365876821016224,Inactifs
14761.0,59,2,255.9,0,4,-0.8172350033638395,-0.30608572775578796,Inactifs
14762.0,264,1,300.52,0,2,-1.6756030000931426,0.5387820037565159,Inactifs
14764.0,47,1,278.3,0,4,-1.059244954218573,-0.5721955246989472,Inactifs
14765.0,29,3,254.11,2,4,-0.295457225273272,-0.6379990718401652,Nouveaux clients
14766.0,8,6,2473.37,1,1,1.7481358238788312,-0.3596875228123979,Champions
14768.0,17,2,192.6,2,4,-0.49145495681528184,-1.172358047423462,Nouveaux clients
14769.0,3,8,10416.98,1,1,2.9669352217715756,-0.2540716319090316,Champions
14770.0,232,2,876.42,0,0,-0.7530846188671305,1.0013229565036117,Inactifs
14772.0,112,1,139.26,0,2,-1.7128995625656243,-0.2802877608551456,Inactifs
14775.0,58,3,1011.9,3,0,0.09998487051681774,0.2929504508140692,Occasionnels
14776.0,51,11,2538.3,3,3,1.5781027776707413,0.9678588221444697,Occasionnels
14778.0,127,2,730.86,0,0,-0.610274866569763,0.5555247652070223,Inactifs
14779.0,281,3,386.15,0,0,-0.9536253222315867,0.9343831661526956,Inactifs
14780.0,55,2,447.68,2,0,-0.5264798026074036,-0.14673407725518933,Nouveaux clients
14782.0,320,1,200.1,0,2,-1.9408854800933069,0.5127995313855753,Inactifs
14784.0,26,2,289.99,2,4,-0.45312592807989155,-0.7669078308002222,Nouveaux clients
14785.0,10,2,77.4,2,4,-0.7319524409744567,-1.8137864187248258,Nouveaux clients
14788.0,7,2,679.4399999999999,2,1,0.4143064493774047,-1.2286508674241479,Nouveaux clients
14789.0,29,1,197.64,2,4,-1.041293085051012,-0.9942657266875607,Nouveaux clients
14790.0,17,4,745.06,3,0,0.6104126695143036,-0.4856412359861853,Occasionnels
14792.0,64,1,6.2,0,2,-2.9096199477916658,-1.7123290335937413,Inactifs
14793.0,21,1,228.99,2,4,-0.8533309656582373,-1.137512953768711,Nouveaux clients
14794.0,3,7,1319.91,1,1,1.8811260760389878,-1.0512851609304854,Champions
14795.0,166,1,131.45000000000002,0,2,-1.8892758898086177,-0.053534824087143044,Inactifs
14796.0,1,17,7975.49,1,3,3.732301890464406,-0.5255952011818424,Champions
14798.0,53,3,173.74,2,4,-0.6994089676479723,-0.40319334015337494,Nouveaux clients
14799.0,51,1,157.7,0,4,-1.3578474223136472,-0.727327653041745,Inactifs
14800.0,48,12,4331.79,1,0,1.9265822527611494,1.1554089166813102,Champions
14801.0,61,1,189.34,0,4,-1.3388375703274609,-0.5496132454953868,Inactifs
14803.0,162,3,845.55,3,0,-0.37327154750501274,0.8718246566222053,Occasionnels
14804.0,9,1,353.27,2,4,-0.3472954824404019,-1.479999553209023,Nouveaux clients
14805.0,15,4,546.4,2,1,0.508594556097228,-0.6730753340659077,Nouveaux clients
14806.0,75,1,193.39,0,4,-1.4066288546223786,-0.4128764198532195,Inactifs
14808.0,40,8,2718.6,3,0,1.4411059457749762,0.732129244925779,Occasionnels
14810.0,41,11,2085.33,3,3,1.5665246671558106,0.7609069777378235,Occasionnels
14813.0,370,2,152.88,0,2,-1.7561922096342666,0.6621953873997173,Inactifs
14815.0,37,2,778.5,2,0,-0.11645775901799069,-0.1913869587442408,Nouveaux clients
14816.0,197,1,271.85,0,2,-1.6116396465545142,0.3176241121764979,Inactifs
14817.0,200,2,1110.34,0,0,-0.5845906759570305,0.9937439441947887,Inactifs
14818.0,74,3,657.8,3,0,-0.19563513993914936,0.28840029763545666,Occasionnels
14819.0,64,2,272.07,0,4,-0.8188681010751724,-0.2331122901148627,Inactifs
14820.0,21,4,507.29,2,0,0.3517978315132072,-0.4981936921782648,Nouveaux clients
14821.0,367,1,48.8,0,2,-2.65490269388229,0.09106993861690672,Inactifs
14823.0,180,3,321.43,0,0,-0.8709790265776786,0.5866671351525975,Inactifs
14824.0,10,4,1127.71,3,1,0.9948497881768477,-0.6470501995780664,Occasionnels
14825.0,4,12,2221.01,1,1,2.481806927890201,-0.5346906363215772,Champions
14828.0,197,3,2139.76,3,0,-0.007680229364447473,1.3330252747159412,Occasionnels
14829.0,29,4,697.55,3,0,0.38407921283800955,-0.1857749161238945,Occasionnels
14830.0,53,1,188.88,0,4,-1.287211708841382,-0.638072951238411,Inactifs
14834.0,18,6,1720.3,3,1,1.2906275179922027,-0.018173422094591985,Occasionnels
14836.0,10,3,102.45,2,4,-0.34017367522017283,-1.6027614277307365,Nouveaux clients
14837.0,90,4,1649.5,3,0,0.36788215100380295,0.830832346841148,Occasionnels
14840.0,268,1,62.85,0,2,-2.4173574869662007,-0.017074903963809496,Inactifs
14841.0,53,6,3295.76,3,0,1.1997482852191845,0.8806831188547399,Occasionnels
14842.0,44,4,2824.69,3,0,0.8918252680588856,0.5802398811849039,Occasionnels
14844.0,64,4,3189.81,3,0,0.8089755728403687,0.8576127322481452,Occasionnels
14847.0,149,1,309.4,0,2,-1.4444474520806965,0.18858374526967503,Inactifs
14849.0,22,25,7930.54,1,3,3.129390422748028,1.1613000230320543,Champions
14850.0,312,1,325.75,0,2,-1.7010928246383996,0.6735825389724303,Inactifs
14851.0,23,2,511.35,2,4,-0.13989419576403797,-0.635537400823639,Nouveaux clients
14852.0,58,6,2836.69,3,0,1.0948215202334117,0.8822079235413864,Occasionnels
14853.0,24,2,475.8,2,4,-0.1895850546559655,-0.6358491214090911,Nouveaux clients
14854.0,78,7,2740.03,3,0,1.0877070602077346,1.1057167286143035,Occasionnels
14855.0,119,2,645.65,0,0,-0.6443141753128889,0.4695287972945329,Inactifs
14856.0,36,3,1290.53,3,0,0.3934571695753219,0.08564889172868333,Occasionnels
14857.0,60,2,1173.12,3,0,-0.10302839550801997,0.2578330232904932,Occasionnels
14859.0,13,4,1353.74,3,1,0.989275953758026,-0.42768918799755584,Occasionnels
14860.0,19,1,170.32,2,4,-0.9565627487129595,-1.3051926391619493,Nouveaux clients
14861.0,52,1,125.79,0,4,-1.4715638718609576,-0.7970101578228763,Inactifs
14862.0,26,2,841.1999999999999,2,0,0.05077275154013384,-0.3798574984220058,Nouveaux clients
14863.0,29,1,266.76,2,4,-0.8997116976082393,-0.8855154455603775,Nouveaux clients
14865.0,7,2,52.2,2,4,-0.7941649337645338,-2.1568915424490513,Nouveaux clients
14866.0,11,12,14389.9,1,3,3.0331893859896004,0.7007010183217315,Champions
14867.0,186,3,710.28,0,0,-0.5082941420965514,0.8954919873584565,Inactifs
14868.0,3,8,2953.59,1,1,2.3694170624510487,-0.7130321561585165,Champions
14869.0,9,2,721.45,2,1,0.3574720378838459,-1.0653732043817723,Nouveaux clients
14870.0,262,1,327.25,0,2,-1.6324346851057738,0.5649146451489959,Inactifs
14871.0,3,4,501.28,2,1,0.9973683937735521,-1.5832266887090722,Nouveaux clients
14873.0,210,1,519.68,0,2,-1.329525618449608,0.5932905148694559,Inactifs
14875.0,108,2,1465.3200000000002,3,0,-0.21939343541800313,0.7067559821418394,Occasionnels
14878.0,13,9,1476.09,1,1,1.6574753360021401,-0.13105599846648763,Champions
14880.0,77,3,690.59,3,0,-0.18758607563808627,0.3309543187274423,Occasionnels
14881.0,20,1,255.4,2,4,-0.7840183305087635,-1.1274135991960543,Nouveaux clients
14882.0,27,2,589.7,2,0,-0.13130697450040932,-0.48598937508210494,Nouveaux clients
14883.0,19,6,761.59,3,1,0.8850166359109555,-0.2821607880353461,Occasionnels
14885.0,132,1,765.3199999999999,0,0,-0.9699859573635738,0.4414753125272354,Inactifs
14886.0,253,1,364.8,0,2,-1.5677772359899231,0.5822885595862148,Inactifs
14887.0,79,1,1862.0,3,0,-0.3545947554314506,0.4427699765255995,Occasionnels
14888.0,207,1,369.2,0,2,-1.4857861726765995,0.4599852543637282,Inactifs
14889.0,336,1,135.9,0,2,-2.1418038152788554,0.4035799847688365,Inactifs
14890.0,254,1,125.65,0,2,-2.0721957437730225,0.19848276881214277,Inactifs
14891.0,148,2,554.38,0,0,-0.7991433994239011,0.5513324725776576,Inactifs
14893.0,10,2,1237.85,2,1,0.5767713732473583,-0.8085407060990091,Nouveaux clients
14894.0,85,1,655.75,0,0,-0.8765946281358664,0.10888268760989929,Inactifs
14895.0,8,20,11138.71,1,3,3.455608625739724,0.6085098182035471,Champions
14896.0,205,2,468.77,0,0,-1.0022620344270685,0.6957120326322365,Inactifs
14897.0,8,4,1366.38,3,1,1.1624586398217664,-0.7044004811628093,Occasionnels
14898.0,23,6,1269.31,3,1,1.0573297128400014,0.019271282855919957,Occasionnels
14901.0,11,9,1421.29,1,1,1.6984348110314313,-0.24254664076165516,Champions
14902.0,26,1,332.66,2,4,-0.7551350542358465,-0.8721708559360821,Nouveaux clients
14903.0,21,5,2795.33,3,0,1.3252139182054707,0.19252023498308551,Occasionnels
14904.0,2,2,1025.44,2,1,0.9839123697182904,-1.7007049241642005,Nouveaux clients
14905.0,158,2,616.15,0,0,-0.7739529579696423,0.6309204331935641,Inactifs
14907.0,3,7,3501.1,1,1,2.3434476109485796,-0.696170708383598,Champions
14908.0,74,1,277.8,0,4,-1.2305753252216218,-0.2899306923734551,Inactifs
14910.0,3,4,434.35,2,1,0.9295606269002779,-1.6353106090835332,Nouveaux clients
14911.0,1,201,143711.17,1,3,7.29109411485296,1.45232676244335,Champions
14912.0,17,2,867.85,2,0,0.22043097284887528,-0.6255503322302796,Nouveaux clients
14913.0,36,4,1227.43,3,0,0.5716203039089488,0.15276248510127438,Occasionnels
14915.0,91,2,307.48,0,4,-0.893761469856902,0.031524874182060465,Inactifs
14916.0,71,4,1268.98,3,0,0.33307823400257897,0.5869191389532245,Occasionnels
14918.0,116,2,1610.15,3,0,-0.20178702014198072,0.7859604174814301,Occasionnels
14920.0,213,2,977.77,0,0,-0.6687605671872193,0.9872103231933458,Inactifs
14921.0,30,2,1316.07,3,0,0.2100169930109874,-0.12942605760784695,Occasionnels
14923.0,51,1,749.1,2,4,-0.6213933214561717,-0.16164884488703823,Nouveaux clients
14924.0,246,1,310.05,0,2,-1.6339782404386065,0.5055230716486394,Inactifs
14929.0,32,1,223.88,2,4,-1.0188715824829573,-0.8886573409165546,Nouveaux clients
14930.0,109,3,2362.96,3,0,0.2638785579003364,0.9965270017459154,Occasionnels
14931.0,5,5,1257.68,1,1,1.4430454556157364,-0.9218658836713913,Champions
14932.0,366,1,363.53,0,2,-1.7100120946592434,0.8143277914926053,Inactifs
14934.0,82,2,1890.94,3,0,0.005540872028774606,0.626820176808653,Occasionnels
14935.0,297,1,1784.71,0,0,-0.8770385840205408,1.2610059878104158,Inactifs
14936.0,34,8,8137.02,1,3,2.021251135695381,1.031015899730798,Champions
14937.0,57,3,1621.88,3,0,0.3300246545134029,0.4537940642033267,Occasionnels
14944.0,30,12,5900.25,1,3,2.2479651333047292,0.9776939226805841,Champions
14946.0,14,1,100.9,2,4,-1.0930121255691139,-1.676783774119013,Nouveaux clients
14947.0,72,2,290.82,0,4,-0.8317192415687842,-0.13534353105051355,Inactifs
14948.0,23,6,1101.97,3,1,0.9903531425702526,-0.03217418591174428,Occasionnels
14950.0,19,1,371.2,2,4,-0.5886663081127821,-1.022607180270815,Nouveaux clients
14951.0,79,1,311.69,0,4,-1.2008349210369376,-0.20723676216319142,Inactifs
14952.0,60,11,8099.49,1,0,2.067161946731708,1.491544238497524,Champions
14953.0,25,1,285.67,2,4,-0.8126907673957549,-0.9513786600729597,Nouveaux clients
14954.0,12,1,294.85,2,4,-0.5329641469237854,-1.3793095088472112,Nouveaux clients
14957.0,253,1,58.49,0,2,-2.4289757854806773,-0.07920788465012606,Inactifs
14958.0,147,3,483.73,0,0,-0.6007725960818902,0.6075537737375749,Inactifs
14959.0,64,4,695.42,3,0,0.08727422855893542,0.3032656849556774,Occasionnels
14960.0,8,2,221.27,2,4,-0.16119385937131095,-1.561472787127291,Nouveaux clients
14961.0,11,9,7044.68,1,3,2.457153128402723,0.3402335664447645,Champions
14962.0,271,1,126.7,0,2,-2.092934518354084,0.24240306513593923,Inactifs
14963.0,10,5,1472.34,3,1,1.286167296711639,-0.4802639826255176,Occasionnels
14964.0,247,1,206.21,0,2,-1.8281335662943075,0.36013703339966724,Inactifs
14965.0,96,2,596.09,0,0,-0.6008402485157993,0.30559875413806714,Inactifs
14966.0,15,1,183.02,2,4,-0.8374148799094318,-1.4206066237726873,Nouveaux clients
14967.0,50,1,463.8,2,4,-0.8409061820691385,-0.34826659946065863,Nouveaux clients
14968.0,30,1,147.59,2,4,-1.1914676581486032,-1.079208793958801,Nouveaux clients
14970.0,68,4,1592.06,3,0,0.4568059072254792,0.6424879955403485,Occasionnels
14971.0,35,3,1097.98,3,0,0.32737343839708777,0.009480704161077639,Occasionnels
14972.0,128,1,114.77,0,2,-1.8544723279639463,-0.26622709316964055,Inactifs
14973.0,107,3,1314.45,3,0,-0.00704282979215239,0.7714130615255711,Occasionnels
14974.0,37,1,89.94,2,4,-1.5020481107920183,-1.1289611021599248,Nouveaux clients
14975.0,57,1,279.94,0,4,-1.1287590050726253,-0.4500959404258125,Inactifs
14976.0,57,7,790.86,3,0,0.6169852334689458,0.4575933736385305,Occasionnels
14978.0,72,5,1921.37,3,0,0.6893496822469166,0.8163884965832079,Occasionnels
14981.0,246,1,102.12,0,2,-2.157474574860195,0.1034195567328179,Inactifs
14984.0,19,2,202.37,2,4,-0.508358455075365,-1.0876354357430136,Nouveaux clients
14985.0,198,2,292.01,0,2,-1.2128745686976976,0.5018783021600677,Inactifs
14987.0,16,2,326.4,2,4,-0.22050468373840215,-1.0172440692757347,Nouveaux clients
14988.0,212,1,334.54,0,2,-1.5414707329016655,0.43924172852264964,Inactifs
14995.0,39,2,231.98,2,4,-0.7086893992931502,-0.5987198610180056,Nouveaux clients
14997.0,46,3,546.1999999999999,3,0,-0.10511793995470997,-0.07546199504892313,Occasionnels
14998.0,170,2,414.87,0,2,-0.9889147643264025,0.5332794136154515,Inactifs
15000.0,48,1,490.52,2,4,-0.7991210976741617,-0.35327006263362976,Nouveaux clients
15002.0,116,4,1641.76,3,0,0.26965176449672945,0.9884376335673835,Occasionnels
15004.0,147,1,1220.77,0,0,-0.789634727495502,0.6791050025405795,Inactifs
15005.0,16,28,6295.37,1,3,3.2342011252762592,0.9273589342490464,Champions
15006.0,51,1,480.38,0,4,-0.8317048071637356,-0.3231914996672635,Inactifs
15007.0,159,1,156.91,0,2,-1.789552689561327,-0.016645544137325097,Inactifs
15009.0,12,3,1259.43,3,1,0.7814577025901432,-0.5863054597305193,Occasionnels
15010.0,36,1,308.94,2,4,-0.9104614080293256,-0.6992874742446205,Nouveaux clients
15012.0,54,2,405.04,2,0,-0.5669451194522589,-0.1945254630851956,Nouveaux clients
15014.0,43,2,257.67,2,4,-0.6955007866922166,-0.5002033635077117,Nouveaux clients
15016.0,173,1,170.04,0,2,-1.7837234028040527,0.0656197366805087,Inactifs
15017.0,34,1,125.58,2,4,-1.3138421355162644,-1.0606616829748925,Nouveaux clients
15018.0,39,3,496.21,2,0,-0.08893883036100948,-0.21258712364246626,Nouveaux clients
15019.0,267,1,252.81,0,2,-1.7615766921645342,0.4831839838232254,Inactifs
15021.0,9,9,1871.77,1,1,1.8985453588531234,-0.2579158708969771,Champions
15022.0,12,4,852.39,2,1,0.7984549224809613,-0.6429852464083913,Nouveaux clients
15023.0,3,11,6720.41,1,1,3.0194558357218395,-0.30363470301659745,Champions
15024.0,10,10,1636.43,1,1,1.8847048483326405,-0.20994654350509356,Champions
15025.0,33,1,361.96,2,4,-0.8032848988018829,-0.6953785137747504,Nouveaux clients
15026.0,80,3,469.0,3,0,-0.38515041611008116,0.21420149516623502,Occasionnels
15027.0,31,4,1066.15,3,0,0.5603443337075968,0.009466322877257108,Occasionnels
15028.0,8,4,627.13,2,1,0.7936108363443576,-0.9877166927483588,Nouveaux clients
15030.0,72,2,518.28,0,0,-0.5584605182380034,0.07454961606029029,Inactifs
15031.0,4,4,653.19,2,1,1.0374189132355944,-1.3455306033817194,Nouveaux clients
15032.0,256,3,4959.1,3,0,0.2911075514279182,1.804389620365704,Occasionnels
15033.0,5,10,2557.18,1,1,2.327800613115448,-0.4317014317122189,Champions
15034.0,16,8,4274.16,1,1,1.9918791888720002,0.33878123331058696,Champions
15035.0,90,1,252.73,0,4,-1.349119629998165,-0.20166240129042196,Inactifs
15036.0,72,3,429.56,3,0,-0.386984395006432,0.11635763058499633,Occasionnels
15038.0,59,6,685.74,3,0,0.41567413733371117,0.3761331903645568,Occasionnels
15039.0,10,47,19766.59,1,3,4.398923242861875,1.2608242513470824,Champions
15041.0,170,1,179.93,0,2,-1.7504261949907625,0.07506741901087567,Inactifs
15042.0,199,1,135.93,0,2,-1.9423865178223858,0.0728938701841071,Inactifs
15043.0,31,1,537.0,2,4,-0.5935149433169764,-0.590472234582982,Nouveaux clients
15044.0,19,17,7634.73,1,3,2.832017390490982,0.9181949979921871,Champions
15045.0,152,2,735.66,0,0,-0.6753265775412921,0.6710046648831491,Inactifs
15046.0,9,15,5090.42,1,1,2.7980543526528687,0.28612441921483245,Champions
15047.0,270,1,343.62,0,2,-1.6208055182546257,0.6016350753458892,Inactifs
15048.0,65,4,381.0,3,0,-0.203303652166198,0.09422783005001271,Occasionnels
15049.0,274,1,121.17000000000002,0,2,-2.1181156494850386,0.23323331390994972,Inactifs
15050.0,25,3,1737.69,3,0,0.6692027611358251,-0.0297377010985188,Occasionnels
15051.0,23,3,1383.36,3,0,0.5917217005496276,-0.1634796275316205,Occasionnels
15052.0,319,1,207.73,0,2,-1.9220363983998292,0.5243842671724985,Inactifs
15053.0,5,3,693.95,2,1,0.7945175014389009,-1.2932939792573819,Nouveaux clients
15054.0,12,2,302.1,2,4,-0.15459519684723363,-1.2153936306197424,Nouveaux clients
15057.0,275,2,1489.5,0,0,-0.5665346387181529,1.3016728547820822,Inactifs
15058.0,25,11,2102.54,1,3,1.7536158605079926,0.4598803645726649,Champions
15059.0,41,9,1337.72,3,0,1.1911696939268286,0.529570624105741,Occasionnels
15060.0,8,4,294.25,2,1,0.4356590950460576,-1.262663514497011,Nouveaux clients
15061.0,4,48,54534.14,1,3,5.199943757348768,1.1384752027290517,Champions
15062.0,71,4,987.86,3,0,0.21444277452822597,0.49579388723393836,Occasionnels
15063.0,213,1,370.8,0,2,-1.4946045282782632,0.47958377703019883,Inactifs
15065.0,38,4,3158.13,3,0,0.9993787551835326,0.530147958201444,Occasionnels
15066.0,53,1,893.59,2,0,-0.5522832909147644,-0.07356603757236939,Nouveaux clients
15067.0,78,3,1744.76,3,0,0.2465929183546753,0.6762657368413064,Occasionnels
15068.0,46,2,553.36,2,0,-0.3592662241905618,-0.18077144089164954,Nouveaux clients
15069.0,179,1,1109.53,0,0,-0.9096731947980177,0.768426389564037,Inactifs
15070.0,373,1,106.2,0,2,-2.29755451031773,0.380551109014049,Inactifs
15071.0,94,2,982.07,3,0,-0.3564617934204786,0.4739880859722112,Occasionnels
15073.0,10,3,1043.41,2,1,0.7561304049427346,-0.7606777395285396,Nouveaux clients
15074.0,105,1,735.67,0,0,-0.9020168640495331,0.2832574669774852,Inactifs
15075.0,78,1,773.03,0,0,-0.7662560360474301,0.11490327364285913,Inactifs
15076.0,173,1,880.85,0,0,-1.0060492414447522,0.6629601442065655,Inactifs
15078.0,7,32,9743.11,1,3,3.846117957878919,0.6579862515762024,Champions
15079.0,213,4,895.61,3,0,-0.24810632786749545,1.1506793498547656,Occasionnels
15081.0,22,5,504.8,3,0,0.49746451271001313,-0.4020610678267647,Occasionnels
15083.0,257,1,88.2,0,2,-2.2428771018687277,0.07822682440856267,Inactifs
15087.0,282,1,306.94,0,2,-1.6907169917423628,0.5881156923730841,Inactifs
15088.0,21,2,1160.07,2,0,0.28124555978349997,-0.3927453979525469,Nouveaux clients
15089.0,10,6,2420.84,1,1,1.6613054769529458,-0.2402903489355508,Champions
15090.0,308,1,381.32,0,2,-1.6217074935965103,0.7226317854801783,Inactifs
15091.0,68,1,480.71,0,4,-0.9394328904214362,-0.14362504066488713,Inactifs
15092.0,215,2,457.81,0,0,-1.0315630005685918,0.7171642304353316,Inactifs
15093.0,18,6,4597.02,1,1,1.7565071452343524,0.339674041820746,Champions
15095.0,104,4,1370.6,3,0,0.22545156377905812,0.8541347708001009,Occasionnels
15096.0,43,1,219.39,2,4,-1.138328434369073,-0.7136307037411496,Nouveaux clients
15097.0,4,1,248.08,2,1,-0.24955263172492917,-2.047714214524334,Nouveaux clients
15098.0,182,3,39916.5,3,0,1.4096289772194577,2.3486189906180353,Occasionnels
15099.0,84,1,410.48,0,4,-1.0938148826007394,-0.06881302800045742,Inactifs
15100.0,334,3,876.0,0,0,-0.6316998160974067,1.3413697543745762,Inactifs
15101.0,9,2,317.53,2,4,-0.030828909520101883,-1.3636315980509222,Nouveaux clients
15103.0,31,2,703.36,2,0,-0.09887318113600321,-0.3372458810720653,Nouveaux clients
15104.0,197,2,993.54,0,0,-0.6314971598593547,0.9437691185697364,Inactifs
15105.0,18,7,2298.93,1,1,1.5488646049065657,0.13845096794566242,Champions
15106.0,18,5,1422.52,3,1,1.0610780945502136,-0.14631866847423872,Occasionnels
15107.0,311,6,319.5,0,0,-0.5754515451774886,1.1437266207380954,Inactifs
15108.0,142,4,1300.25,3,0,0.082492862386662,1.0307712980491548,Occasionnels
15109.0,246,1,484.95,0,2,-1.4224327577736717,0.6680135735890603,Inactifs
15110.0,24,4,996.1,3,1,0.622451240010876,-0.17175506686865144,Occasionnels
15111.0,29,3,1567.48,3,0,0.5656886678502677,0.023456926438969915,Occasionnels
15113.0,10,3,3509.43,3,0,1.3309427425458482,-0.319157816332569,Occasionnels
15114.0,30,10,2760.56,1,3,1.7367456415226823,0.6372271772211866,Champions
15115.0,18,1,340.11,2,4,-0.6104312252826485,-1.0868920480959532,Nouveaux clients
15116.0,18,4,1352.75,3,1,0.872274149381015,-0.23436304628593488,Occasionnels
15117.0,15,5,1551.78,3,1,1.1679353983340095,-0.22360619018108974,Occasionnels
15118.0,134,1,244.8,0,2,-1.514841106407532,0.036807193400461964,Inactifs
15119.0,246,1,266.4,0,2,-1.7056743571685165,0.4504524653286062,Inactifs
15120.0,134,1,358.82,0,2,-1.3341471989472733,0.17560024797633367,Inactifs
15121.0,50,2,457.72,2,0,-0.48025994267654515,-0.1979637377746136,Nouveaux clients
15122.0,114,3,1633.78,3,0,0.07201530694930379,0.8903771186347972,Occasionnels
15123.0,7,2,2199.31,2,1,0.9707819996553444,-0.8012156400529591,Nouveaux clients
15124.0,23,2,184.19,2,4,-0.6224070593855837,-1.0061610436208612,Nouveaux clients
15125.0,25,15,11528.48,1,3,2.8206021547897855,1.1895399718311082,Champions
15127.0,66,1,406.53,0,4,-1.0074887997727007,-0.2231766144327914,Inactifs
15128.0,60,4,1471.0,3,0,0.4664057993987851,0.5355816335075188,Occasionnels
15129.0,50,11,3447.4,1,0,1.730622434062725,1.0670034939992197,Champions
15130.0,170,1,330.11,0,2,-1.463874820502365,0.29517080333171297,Inactifs
15132.0,18,5,977.93,3,1,0.8835410632232611,-0.28268689042781725,Occasionnels
15133.0,128,3,982.42,3,0,-0.21284749310444803,0.7781053069731859,Occasionnels
15134.0,15,8,1387.99,1,1,1.4819708162328322,-0.10910563296861404,Champions
15135.0,239,1,139.05,0,2,-2.001350427058743,0.19667944588262443,Inactifs
15136.0,3,4,1286.7,2,1,1.4437646231603514,-1.2403446452656768,Nouveaux clients
15139.0,240,2,178.96,0,2,-1.5171617940062256,0.4457325743438114,Inactifs
15140.0,52,7,2354.25,3,0,1.1682606527966153,0.7974324380221574,Occasionnels
15142.0,46,1,498.74,2,4,-0.7753381832025472,-0.37364743100336184,Nouveaux clients
15143.0,226,1,259.45,0,2,-1.6859058609648996,0.3873327513165238,Inactifs
15144.0,8,17,6580.44,1,3,3.0665933414324202,0.35787702234780294,Champions
15145.0,4,4,1194.73,2,1,1.323388924195561,-1.125873771028594,Nouveaux clients
15146.0,165,2,1327.16,3,0,-0.4270001065468759,0.9373725713650954,Occasionnels
15147.0,240,1,623.5,0,2,-1.294099059205349,0.7437832440543822,Inactifs
15148.0,11,1,301.29,2,4,-0.4921774069739519,-1.4222085865917045,Nouveaux clients
15149.0,134,1,520.8000000000001,0,2,-1.157912839729656,0.3109678726009446,Inactifs
15150.0,17,10,5291.33,1,3,2.252826239766073,0.5295112089551111,Champions
15152.0,10,13,4745.69,1,1,2.607576027352392,0.26993248155365385,Champions
15153.0,31,1,329.25,2,4,-0.8249069417309978,-0.7682070719977999,Nouveaux clients
15154.0,75,1,254.28,0,4,-1.2774240577038507,-0.31363273929845753,Inactifs
15156.0,1,3,961.49,2,1,1.368609974389132,-1.8711283056727888,Nouveaux clients
15157.0,4,3,1936.07,2,1,1.3502169950203093,-1.035531277889925,Nouveaux clients
15158.0,45,1,401.4,2,4,-0.8698445534839512,-0.46618269586176053,Nouveaux clients
15159.0,2,30,18641.01,1,3,4.471831161228979,0.24856734400462155,Champions
15160.0,357,1,158.16,0,2,-2.0934596935286485,0.4967721929339475,Inactifs
15163.0,18,2,304.47,2,4,-0.2958663763274828,-0.9719848288408552,Nouveaux clients
15164.0,69,3,824.58,3,0,-0.062279131239759304,0.3268518305813095,Occasionnels
15165.0,373,1,487.75,0,2,-1.5781870985160078,0.9331054361058972,Inactifs
15167.0,321,1,158.8,0,2,-2.051072185876114,0.4310483232027378,Inactifs
15168.0,26,1,106.56,2,4,-1.2919140821994348,-1.2844769595036258,Nouveaux clients
15171.0,331,1,1289.5,0,0,-1.072309470226908,1.2112087734777888,Inactifs
15172.0,9,5,1624.05,3,1,1.369045994011506,-0.5049900819235663,Occasionnels
15174.0,323,1,135.75,0,2,-2.1272960499530935,0.3782420441073868,Inactifs
15175.0,72,1,224.14,0,4,-1.321611726053373,-0.38492191010686694,Inactifs
15178.0,260,1,40.5,0,2,-2.6101112729124956,-0.19312897526448036,Inactifs
15179.0,18,5,2206.95,3,1,1.2692000501965863,0.013542183252691973,Occasionnels
15180.0,367,1,87.5,0,2,-2.382269142240563,0.3004828842113578,Inactifs
15181.0,66,3,689.4799999999999,3,0,-0.13027781775970834,0.23400077263903998,Occasionnels
15182.0,154,2,622.85,0,0,-0.759100138301707,0.6187009495185296,Inactifs
15184.0,29,2,402.2,2,4,-0.33873053202965675,-0.5813330384353111,Nouveaux clients
15185.0,70,1,310.62,0,4,-1.156870002538115,-0.2841433701361141,Inactifs
15186.0,14,2,411.41,2,4,-0.06324075572765907,-1.0125182556184236,Nouveaux clients
15187.0,2,16,4777.18,1,3,3.2827189332739968,-0.4770529345411132,Champions
15189.0,1,41,16225.39,1,3,4.835705684241411,0.057149180493693226,Champions
15192.0,120,3,1044.32,3,0,-0.15944784584247773,0.7597513284346212,Occasionnels
15193.0,61,1,499.32,0,4,-0.88059659373243,-0.1976331164064029,Inactifs
15194.0,3,15,7616.53,1,3,3.3391106758419022,-0.14800892324925186,Champions
15195.0,3,1,3861.0,2,1,1.1354270137965385,-1.1908283505166237,Nouveaux clients
15197.0,11,3,1079.61,2,1,0.7390484024112223,-0.693108366333361,Nouveaux clients
15198.0,92,2,193.64,0,4,-1.1162423722413317,-0.12933971395941707,Inactifs
15199.0,59,4,1268.7,3,0,0.4026201531625867,0.47125865352074336,Occasionnels
15201.0,87,5,1236.54,3,0,0.4091290195375359,0.7744490820570553,Occasionnels
15203.0,26,6,1827.8,3,0,1.1851186631306192,0.22665387743026466,Occasionnels
15204.0,357,1,316.58,0,2,-1.7659036596227535,0.7483717245925108,Inactifs
15205.0,85,2,653.24,0,0,-0.5115207092207553,0.26258650051920807,Inactifs
15206.0,10,4,420.3,2,1,0.5275763612602892,-1.0059682569461506,Nouveaux clients
15208.0,1,5,870.12,1,1,1.688205374533685,-1.7523570625798703,Champions
15210.0,225,1,331.18,0,2,-1.5688733656371847,0.4731324679363579,Inactifs
15211.0,60,2,894.4100000000001,3,0,-0.2315209938411347,0.159136390605377,Occasionnels
15212.0,241,1,101.8,0,2,-2.1511361606407053,0.08932323177805714,Inactifs
15213.0,319,2,328.35,0,2,-1.3388942430200348,0.8455887837320595,Inactifs
15214.0,2,8,1661.44,1,1,2.20663674720981,-1.104848385695034,Champions
15215.0,47,3,734.94,3,0,0.027348220965311247,0.04581071693941054,Occasionnels
15216.0,88,1,96.6,0,4,-1.7936354404511967,-0.5637087642476133,Inactifs
15218.0,11,11,5756.89,1,1,2.5264235320537907,0.3364628654596175,Champions
15219.0,176,1,305.75,0,2,-1.5132822831127686,0.28920122293114525,Inactifs
15220.0,52,6,1778.96,3,0,0.9146432073470013,0.6443564473659769,Occasionnels
15221.0,366,1,403.25,0,2,-1.6609727238962557,0.8519954924037204,Inactifs
15222.0,319,1,585.0,0,2,-1.4325759331608128,0.9003444421418257,Inactifs
15223.0,226,2,755.75,0,0,-0.8132715476430289,0.9308995015633404,Inactifs
15224.0,358,2,322.08,0,2,-1.3919383104534542,0.9114919068258855,Inactifs
15225.0,234,1,409.4,0,2,-1.4835278768686744,0.5749009218265899,Inactifs
15226.0,311,1,154.41,0,2,-2.0522289707854653,0.4009033218462703,Inactifs
15227.0,37,5,1219.4,3,0,0.723299109275158,0.23702149570183256,Occasionnels
15228.0,66,4,3386.71,3,0,0.8257911278284532,0.8986327064685965,Occasionnels
15230.0,239,2,429.6,0,2,-1.1018988049026188,0.760844877407221,Inactifs
15232.0,113,2,612.06,0,0,-0.6500128250304417,0.41758461304130773,Inactifs
15234.0,277,1,197.0,0,2,-1.893312656494714,0.41596885502277997,Inactifs
15235.0,218,12,2247.51,3,0,1.0436157488410944,1.8656727444596273,Occasionnels
15236.0,299,1,321.05,0,2,-1.6917580174419633,0.6414137362969862,Inactifs
15237.0,2,4,1412.32,1,1,1.597794832442837,-1.3888150916572781,Champions
15238.0,29,3,1071.99,3,0,0.38567178610074626,-0.11481609695411092,Occasionnels
15239.0,10,2,780.59,2,1,0.35837129130120066,-0.9762963040545998,Nouveaux clients
15240.0,45,5,1706.57,3,0,0.8095817497006564,0.48047180911641774,Occasionnels
15241.0,67,8,1756.44,3,0,1.040810609960917,0.893838715934596,Occasionnels
15243.0,74,1,316.68,0,4,-1.1686743606632046,-0.24238385433662163,Inactifs
15244.0,65,2,631.57,3,0,-0.42637983936820545,0.08252076236111551,Occasionnels
15245.0,134,3,2515.84,3,0,0.215360918107837,1.1491767448279184,Occasionnels
15246.0,238,2,514.15,0,0,-1.0152979071875703,0.8234919734071479,Inactifs
15247.0,122,1,356.0,0,2,-1.3023175582853608,0.11372128297982216,Inactifs
15249.0,32,13,6688.46,1,3,2.350584281273963,1.0913354988528217,Champions
15251.0,9,11,10484.99,1,3,2.880311557711644,0.4392118728113469,Champions
15252.0,36,2,740.78,2,0,-0.12978865062070116,-0.22635744566788252,Nouveaux clients
15253.0,16,5,918.2,3,1,0.8961779010248182,-0.37612580839666726,Occasionnels
15254.0,127,1,300.36,0,2,-1.3978748956641454,0.07727382011097812,Inactifs
15255.0,67,1,890.85,0,0,-0.6417973667183237,0.0714539660285095,Inactifs
15256.0,149,1,98.45,0,2,-1.9841345253905958,-0.2259560611500162,Inactifs
15257.0,283,1,317.15,0,2,-1.6765984175987816,0.6022314199915986,Inactifs
15258.0,169,2,623.16,0,0,-0.7941510059378422,0.6774406457763068,Inactifs
15260.0,100,7,1810.77,3,0,0.7975462068702541,1.1106661249152272,Occasionnels
15261.0,135,1,254.82,0,2,-1.4987149923963003,0.056037809846997695,Inactifs
15262.0,324,1,178.95000000000002,0,2,-1.9983058784919152,0.480178660857006,Inactifs
15263.0,107,1,156.51,0,2,-1.640613807652039,-0.2667330790482145,Inactifs
15264.0,64,1,393.74,0,4,-1.0110317238095798,-0.25400172919246533,Inactifs
15265.0,151,2,1506.12,3,0,-0.3334071896692452,0.9275558282696147,Occasionnels
15266.0,338,1,119.3,0,2,-2.205354512768579,0.36025327941332097,Inactifs
15267.0,22,5,1717.36,3,1,1.0773493133366772,0.04335507216564977,Occasionnels
15269.0,24,1,408.8,2,4,-0.628274967781526,-0.8460982204640057,Nouveaux clients
15270.0,16,7,2379.49,1,1,1.6076766422968278,0.08047974828853556,Champions
15271.0,7,15,2493.34,1,3,2.544969292549763,-0.11520593049547444,Champions
15272.0,57,2,721.94,3,0,-0.31370468998393597,0.04924295538150551,Occasionnels
15274.0,4,2,716.57,2,1,0.6190391878376955,-1.5072525499156322,Nouveaux clients
15275.0,38,1,615.14,2,4,-0.6047810677260558,-0.41567159280756444,Nouveaux clients
15276.0,66,1,128.63,0,4,-1.5506009490299313,-0.6403472608158557,Inactifs
15277.0,47,1,255.9,0,4,-1.0988841545011536,-0.6026428472760745,Inactifs
15279.0,355,1,290.51,0,2,-1.8043776143864627,0.7136241723711347,Inactifs
15280.0,172,1,113.12,0,2,-1.973387266053624,-0.0854082318068191,Inactifs
15281.0,59,9,2332.15,3,0,1.3183165284669658,0.9579971108386212,Occasionnels
15286.0,50,1,240.55,0,4,-1.1512555588196423,-0.5866495011885104,Inactifs
15287.0,22,2,486.69,2,4,-0.14702566633602115,-0.6804829475263423,Nouveaux clients
15288.0,43,5,2306.52,3,0,0.9693314438419969,0.5619549023752366,Occasionnels
15289.0,29,3,939.78,3,0,0.32332265133388904,-0.16270717964796455,Occasionnels
15290.0,5,18,7943.22,1,3,3.359635354339929,0.1900599098811694,Champions
15291.0,26,15,4668.3,1,3,2.3775971322211857,0.8842613564256709,Champions
15292.0,201,1,178.39,0,2,-1.8181217302587795,0.17757054148561113,Inactifs
15296.0,51,6,3672.86,3,0,1.2655173482921624,0.8962024842103518,Occasionnels
15297.0,10,3,641.94,2,1,0.5260909885513164,-0.937373643239836,Nouveaux clients
15298.0,2,12,4799.9,1,3,3.0422265700586086,-0.5779415404911721,Champions
15299.0,67,7,4507.01,3,0,1.380886743766107,1.1918639595062077,Occasionnels
15300.0,64,1,496.44,0,4,-0.9013843764730183,-0.16978034908683004,Inactifs
15301.0,51,12,5049.95,1,0,1.9766013347303828,1.2489356274253376,Champions
15303.0,290,1,574.02,0,2,-1.4052556271976455,0.8332330602722837,Inactifs
15304.0,61,8,694.4000000000001,3,0,0.6364949618527945,0.4976165795900369,Occasionnels
15306.0,64,3,1174.35,3,0,0.13351834522681513,0.4085218647162707,Occasionnels
15307.0,96,1,205.3,0,2,-1.4716321792102793,-0.23655284096518547,Inactifs
15308.0,274,1,310.47,0,2,-1.6743584367825572,0.5740882984898704,Inactifs
15311.0,1,91,60632.75,1,3,6.170262206807971,0.8371889225706184,Champions
15312.0,75,4,924.85,3,0,0.16257055069112766,0.5060896350107932,Occasionnels
15313.0,110,1,52.0,0,2,-2.167528989810511,-0.6460541312618433,Inactifs
15314.0,199,1,327.97,0,2,-1.5267907281414186,0.39211774402378974,Inactifs
15315.0,64,2,570.5,0,0,-0.4686870039462354,0.03586581107509943,Inactifs
15316.0,327,1,165.0,0,2,-2.0400760418168518,0.4566154349504292,Inactifs
15318.0,4,1,312.62,2,1,-0.14030342998321668,-1.9637986545985362,Nouveaux clients
15319.0,284,1,204.5,0,2,-1.8851835772010181,0.44527436783988605,Inactifs
15320.0,44,1,267.13,2,4,-1.0539438068933948,-0.6279736388781629,Nouveaux clients
15321.0,71,3,2748.31,3,0,0.4973778344504708,0.7828550844766113,Occasionnels
15322.0,86,1,679.68,0,0,-0.8640413475773319,0.12924596822218828,Inactifs
15325.0,104,1,161.74,0,2,-1.6143643511835821,-0.2726949166610698,Inactifs
15326.0,334,1,311.71,0,2,-1.74786542302785,0.7006485900748437,Inactifs
15327.0,53,1,208.75,0,4,-1.2400218265033096,-0.6018258635151155,Inactifs
15329.0,39,3,1049.7,3,0,0.265824081704808,0.059910321943381896,Occasionnels
15330.0,32,2,714.96,2,0,-0.10288269955809985,-0.31178945047305373,Nouveaux clients
15332.0,366,4,1661.06,3,0,-0.16150557802140394,1.7173994021683106,Occasionnels
15333.0,208,1,1028.56,0,0,-1.0026314144003363,0.8355496881294793,Inactifs
15334.0,157,3,350.82,0,0,-0.7777024275202808,0.5322848416455936,Inactifs
15335.0,54,1,170.22,0,4,-1.3432691234555008,-0.6641151644908969,Inactifs
15339.0,66,2,574.07,0,0,-0.4773108830977228,0.05734546531166052,Inactifs
15341.0,81,1,2020.52,3,0,-0.3253069768141144,0.488165020243478,Occasionnels
15342.0,130,1,406.09,0,2,-1.2641324680256232,0.20148694672194656,Inactifs
15343.0,87,1,364.5,0,4,-1.1632493502656305,-0.08998068237024208,Inactifs
15344.0,1,3,563.94,2,1,1.1159779269245438,-2.0651778674106605,Nouveaux clients
15345.0,46,1,393.54,2,4,-0.8874131159034453,-0.45973346716019275,Nouveaux clients
15346.0,333,1,252.42,0,2,-1.846404224699556,0.6221874532197953,Inactifs
15347.0,366,1,201.6,0,2,-1.988519339699317,0.6004031948975362,Inactifs
15348.0,72,1,158.04,0,4,-1.4864124032561243,-0.5115071929569414,Inactifs
15349.0,158,2,463.91,0,0,-0.9082661817624288,0.5277529115977766,Inactifs
15350.0,373,1,115.65,0,2,-2.2574970190122285,0.4113197257044585,Inactifs
15351.0,12,7,1934.66,1,1,1.612070081059255,-0.16492099238536806,Champions
15353.0,255,2,770.12,0,0,-0.8502788180714976,1.0139670498109385,Inactifs
15355.0,29,2,277.05,2,4,-0.5149417983682142,-0.7166829251557022,Nouveaux clients
15356.0,31,10,2718.03,1,3,1.717258552621348,0.6517011696885332,Champions
15358.0,5,22,8347.2,1,3,3.5560325216957196,0.2812073287247209,Champions
15360.0,40,1,427.93,2,4,-0.7956148340357416,-0.5158758792761644,Nouveaux clients
15361.0,362,1,418.92,0,2,-1.6387539259373058,0.8588991315113124,Inactifs
15363.0,373,1,326.0,0,2,-1.7687459219681796,0.7867350268593756,Inactifs
15364.0,96,2,913.19,3,0,-0.39886393411686166,0.46073906861474984,Occasionnels
15365.0,26,7,2314.32,3,0,1.4177935613154375,0.3636436582837168,Occasionnels
15366.0,75,2,602.51,0,0,-0.502570300636162,0.15482764863987575,Inactifs
15367.0,57,4,1877.59,3,0,0.6013165767103803,0.5924409434413839,Occasionnels
15368.0,21,1,446.94000000000005,2,4,-0.5372477439792421,-0.8947258202475723,Nouveaux clients
15370.0,41,7,2386.05,3,0,1.2634810019677716,0.6548493113527971,Occasionnels
15372.0,137,1,2007.4,3,0,-0.5272374703558296,0.815779031996017,Occasionnels
15373.0,8,12,2415.91,1,1,2.2971394919057455,-0.13145012378227122,Champions
15374.0,129,1,168.0,0,2,-1.6780522864436282,-0.1235557818570092,Inactifs
15376.0,40,3,1221.56,3,0,0.3282215740735914,0.13073731504066444,Occasionnels
15379.0,169,7,3703.29,3,0,0.9377583338790965,1.701216850910636,Occasionnels
15380.0,9,5,1690.2600000000002,3,1,1.38798150470994,-0.49044549983593977,Occasionnels
15381.0,214,2,596.85,0,0,-0.9042796514959361,0.8106287554194355,Inactifs
15382.0,15,6,5955.71,1,3,1.9449089367714307,0.3250217727252318,Champions
15384.0,170,2,642.41,0,0,-0.7819887997071592,0.6922216109713865,Inactifs
15385.0,40,1,316.88,2,4,-0.937681219398929,-0.6249986928466572,Nouveaux clients
15386.0,186,1,394.14,0,2,-1.4142169373661997,0.4162607285190907,Inactifs
15388.0,270,1,140.54,0,2,-2.0427375829563257,0.27754423627687996,Inactifs
15389.0,172,1,500.0,0,2,-1.2719425967421525,0.4533794320280191,Inactifs
15392.0,5,4,1535.53,1,1,1.3726463244745621,-0.9189621711660307,Champions
15393.0,16,2,231.86,2,4,-0.3820709383408303,-1.1413449551763062,Nouveaux clients
15394.0,10,4,2183.54,3,1,1.3079488773372434,-0.40655521233533354,Occasionnels
15395.0,326,1,107.45,0,2,-2.24075696919533,0.2996385078745978,Inactifs
15396.0,113,1,288.18,0,2,-1.373189245109337,-0.011181821991619425,Inactifs
15397.0,290,1,94.0,0,2,-2.2589859546812305,0.1774730426769665,Inactifs
15398.0,16,2,1345.53,2,0,0.45000036443400704,-0.5022214818934887,Nouveaux clients
15399.0,1,3,815.77,2,1,1.2907696869946765,-1.9309183196715525,Nouveaux clients
15400.0,92,5,716.2,3,0,0.12935456548233665,0.610799134152166,Occasionnels
15402.0,149,2,626.77,0,0,-0.7436044272847653,0.6001956442480055,Inactifs
15405.0,189,1,349.1,0,2,-1.4776795337893043,0.3822736271506973,Inactifs
15406.0,31,2,510.71,2,0,-0.2503808326863691,-0.4536206390583962,Nouveaux clients
15407.0,34,4,1046.74,3,0,0.5174090306929946,0.05958932312471601,Occasionnels
15408.0,264,1,267.18,0,2,-1.7311635774621295,0.49610528955276373,Inactifs
15410.0,84,8,3450.84,3,0,1.2756485580015908,1.2811532504138867,Occasionnels
15411.0,26,4,1348.93,3,0,0.736700999082373,-0.012628475542199471,Occasionnels
15412.0,171,1,190.53,0,2,-1.7256579093791722,0.09949954311705635,Inactifs
15414.0,10,3,774.9000000000001,2,1,0.6152190704035168,-0.8689133453657868,Nouveaux clients
15415.0,313,1,559.61,0,2,-1.4463478659106517,0.8722131180369005,Inactifs
15416.0,65,4,3984.32,3,0,0.9085685069340342,0.9482695375344302,Occasionnels
15417.0,85,1,508.8,0,4,-0.9966910888145776,0.016635224174999557,Inactifs
15419.0,25,1,135.86,2,4,-1.1632686911124839,-1.2206615682983704,Nouveaux clients
15421.0,59,4,950.36,3,0,0.2657582846620582,0.36613348880910296,Occasionnels
15422.0,323,2,97.7,0,2,-1.9150141714401414,0.4145845452803838,Inactifs
15423.0,38,1,43.5,0,4,-1.8508547741924646,-1.3727950419486936,Inactifs
15424.0,254,2,383.34,0,2,-1.1789460204560356,0.7578844509876156,Inactifs
15426.0,19,5,1404.07,3,1,1.035298536633359,-0.11855325511351732,Occasionnels
15427.0,33,3,1430.54,3,0,0.4745595425733823,0.06953001028861346,Occasionnels
15428.0,15,1,93.78,2,4,-1.1520104696543656,-1.6622510902104966,Nouveaux clients
15429.0,27,2,397.35,2,4,-0.31811348168119624,-0.6294775873339392,Nouveaux clients
15432.0,23,1,171.19,2,4,-1.0238074480449826,-1.1877676329360465,Nouveaux clients
15433.0,214,2,533.3,0,0,-0.9575663946849797,0.7696985992256856,Inactifs
15434.0,8,5,1041.48,3,1,1.198798733489775,-0.733465329443345,Occasionnels
15435.0,22,1,149.29,2,4,-1.072049974268016,-1.2642910511389431,Nouveaux clients
15436.0,12,3,1067.75,2,1,0.7032394884181042,-0.6463857636045981,Nouveaux clients
15437.0,262,1,200.16,0,2,-1.86461676187201,0.38657293952594945,Inactifs
15438.0,131,1,156.57999999999998,0,2,-1.717058936928032,-0.13935890085327352,Inactifs
15440.0,55,3,383.68,2,4,-0.3391391784142893,-0.09274035830512146,Nouveaux clients
15442.0,249,1,594.0,0,2,-1.3310489794780895,0.7494020411245328,Inactifs
15443.0,2,7,3213.59,1,1,2.412724016445668,-0.9097415196941797,Champions
15444.0,9,2,1411.21,2,1,0.6752809267234358,-0.8212605662004787,Nouveaux clients
15445.0,264,1,113.5,0,2,-2.1347095850714144,0.18613699097961423,Inactifs
15447.0,331,1,155.17,0,2,-2.0736500800805637,0.4420676116872533,Inactifs
15448.0,313,1,494.64,0,2,-1.5047522707819567,0.8273520274405993,Inactifs
15449.0,26,3,974.52,3,0,0.3807636755995498,-0.2162924545009366,Occasionnels
15450.0,30,1,429.84,2,4,-0.6867072753345722,-0.6914965775131314,Nouveaux clients
15452.0,30,3,528.48,2,0,0.03824578637685031,-0.3512702384265359,Nouveaux clients
15453.0,2,7,1371.77,1,1,2.0092796430761677,-1.2196317518466764,Champions
15454.0,362,1,179.1,0,2,-2.040151245903528,0.5505812644635072,Inactifs
15456.0,283,3,434.59,0,0,-0.9004271374188444,0.9817990578031826,Inactifs
15457.0,262,1,237.07,0,2,-1.7847385549515835,0.4479283027938996,Inactifs
15458.0,25,1,161.64,2,4,-1.081438610019865,-1.1578069481804574,Nouveaux clients
15460.0,354,1,214.26,0,2,-1.9470801810231626,0.6014041112985716,Inactifs
15462.0,94,3,234.6,0,2,-0.7735020148857521,0.063749972897034,Inactifs
15463.0,29,1,126.14,2,4,-1.2528638082980816,-1.156775616207469,Nouveaux clients
15464.0,338,1,1044.65,0,0,-1.1800379919178952,1.147810612342602,Inactifs
15465.0,20,18,7354.62,1,3,2.844581920101116,0.9561948793836794,Champions
15466.0,85,1,334.53,0,4,-1.1950337354340301,-0.13571402856907017,Inactifs
15467.0,9,3,524.88,2,1,0.46720428148287374,-1.0709913691677908,Nouveaux clients
15468.0,51,2,467.51,2,0,-0.4776646592151518,-0.17796285228765973,Nouveaux clients
15469.0,50,2,538.55,2,0,-0.4033066497145278,-0.13885503433247143,Nouveaux clients
15471.0,2,1,454.48,2,1,0.23177144754685286,-2.151719324146235,Nouveaux clients
15472.0,113,1,371.56,0,2,-1.2530625188676925,0.08108888876792465,Inactifs
15473.0,14,7,1771.2,1,1,1.5155726923326511,-0.10633675391698581,Champions
15475.0,77,1,454.11,0,4,-1.0132002502027517,-0.08659097109898868,Inactifs
15478.0,40,2,1399.92,3,0,0.13248082128661395,0.07029136135418855,Occasionnels
15480.0,116,1,905.5,0,0,-0.841369331405405,0.42140357241267357,Inactifs
15482.0,16,12,10879.76,1,3,2.767563044163457,0.8196736204650814,Champions
15483.0,161,4,225.26,0,2,-0.7946478016949883,0.47271839129690624,Inactifs
15484.0,1,4,3590.41,1,1,2.1948807501679015,-1.3061958288941866,Champions
15485.0,30,3,2564.5,3,0,0.7864695538950344,0.22344898514748326,Occasionnels
15488.0,93,1,91.32,0,4,-1.840885807919957,-0.5493146728459253,Inactifs
15489.0,23,3,1134.28,3,0,0.49766885707226394,-0.23572269107066463,Occasionnels
15491.0,95,6,3100.09,3,0,0.9509484093110736,1.223142711447888,Occasionnels
15492.0,28,2,659.4599999999999,2,0,-0.09178261547561702,-0.42308822550926095,Nouveaux clients
15493.0,33,5,1953.41,3,0,0.9890715240250734,0.3380189062196825,Occasionnels
15494.0,21,2,1280.58,3,0,0.3280692263230347,-0.35677960476777454,Occasionnels
15497.0,18,2,1262.2,2,0,0.3772220428662385,-0.454977924664588,Nouveaux clients
15498.0,3,27,13316.4,1,3,4.110357585431605,0.2695067157869555,Champions
15500.0,8,4,1131.56,2,1,1.073120173073652,-0.7730223780788572,Nouveaux clients
15502.0,16,12,10384.93,1,3,2.745493906877517,0.8027220639968946,Champions
15503.0,363,1,141.04,0,2,-2.153768345291599,0.46586185128567115,Inactifs
15504.0,81,1,52.83,0,2,-2.04448789788503,-0.8323574852343117,Inactifs
15505.0,53,5,3610.96,3,0,1.1035586855128774,0.8549730765953321,Occasionnels
15506.0,23,3,972.08,3,0,0.42456910215129373,-0.2918714479204797,Occasionnels
15507.0,172,1,475.86,0,2,-1.2953578938798114,0.43539387479913416,Inactifs
15508.0,189,6,1000.27,3,0,0.15414209142330132,1.2441881469910234,Occasionnels
15510.0,331,1,250.0,0,2,-1.8486595776915797,0.6148853868742501,Inactifs
15511.0,12,5,900.53,3,1,0.9894506559542764,-0.5532573309612111,Occasionnels
15512.0,156,2,121.0,0,2,-1.5377668138735678,0.032487483332581786,Inactifs
15513.0,33,19,14758.22,1,3,3.0371375401415217,1.5349031207552726,Champions
15514.0,12,11,4023.72,1,1,2.3260448064096018,0.25677751580597047,Champions
15516.0,45,3,62.43,2,4,-1.1186497249492087,-0.8739111799377549,Nouveaux clients
15517.0,233,1,267.03,0,2,-1.6839049801149848,0.4170343770409647,Inactifs
15518.0,64,8,1921.55,3,0,1.1006229571311432,0.8979386957064746,Occasionnels
15520.0,2,1,343.5,2,1,0.09935984844160343,-2.2534261860952762,Nouveaux clients
15521.0,40,8,3000.2,3,0,1.4878232592470353,0.7680133471044411,Occasionnels
15522.0,33,2,397.99,2,4,-0.391519511451926,-0.5058104505551182,Nouveaux clients
15523.0,84,1,412.0100000000001,0,4,-1.0920551066475945,-0.06746132398708403,Inactifs
15524.0,25,1,440.0,2,4,-0.6084657344530385,-0.7945110791933347,Nouveaux clients
15525.0,2,3,734.37,2,1,1.086104190397866,-1.7121149739367938,Nouveaux clients
15526.0,33,2,148.44,2,4,-0.8571598905553541,-0.8634741452419223,Nouveaux clients
15527.0,19,8,2428.53,1,1,1.6618407359319476,0.23598733098420016,Champions
15528.0,254,1,229.33,0,2,-1.7886100907104379,0.41630814862527293,Inactifs
15529.0,23,11,3962.6,1,3,2.0845842904130314,0.6398731579319579,Champions
15530.0,22,4,1497.31,3,1,0.847398915412964,-0.0762943660657892,Occasionnels
15531.0,8,2,1972.39,2,1,0.8741794716263735,-0.7661907034346294,Nouveaux clients
15532.0,25,4,1564.73,3,1,0.8214347279466421,0.017457866260931775,Occasionnels
15533.0,19,3,807.57,2,0,0.40640241679649003,-0.47490191446798613,Nouveaux clients
15535.0,173,4,502.9,0,0,-0.4422919201515805,0.8096346481171837,Inactifs
15537.0,163,1,110.92,0,2,-1.9622089641220117,-0.12636603468378993,Inactifs
15539.0,7,1,538.46,2,1,-0.06266826700050561,-1.4683069612245747,Nouveaux clients
15540.0,11,1,213.3,2,4,-0.6552916223923635,-1.5474984788790094,Nouveaux clients
15541.0,114,1,85.13000000000001,0,2,-1.9508186991367726,-0.4467664008785588,Inactifs
15543.0,288,1,127.86,0,2,-2.1118053180861844,0.2841286083187815,Inactifs
15544.0,9,9,3546.71,1,1,2.201475619832479,-0.025231676749269728,Champions
15545.0,54,2,288.97,0,4,-0.7265810664970419,-0.3171436576988159,Inactifs
15547.0,7,14,4910.6,1,1,2.8078471372873324,0.10688275440391039,Champions
15549.0,77,3,1681.46,3,0,0.23394722165147988,0.6547388599916543,Occasionnels
15550.0,4,4,575.63,2,1,0.9775818965126065,-1.391492099507523,Nouveaux clients
15551.0,37,1,436.06,2,4,-0.757685268942242,-0.5572074996992049,Nouveaux clients
15552.0,217,1,90.12,0,2,-2.1684262415353035,-0.02081268567909177,Inactifs
15553.0,60,1,428.93,0,4,-0.9462791756971888,-0.2631638994782388,Inactifs
15554.0,278,1,217.2,0,2,-1.8486224225342363,0.45362575084530454,Inactifs
15555.0,12,16,4794.86,1,3,2.724332312064442,0.45385588446006697,Champions
15556.0,24,1,279.77,2,4,-0.8075690246904945,-0.9838160338394731,Nouveaux clients
15557.0,29,1,468.91,2,4,-0.633022841831507,-0.6806686887723126,Nouveaux clients
15561.0,12,4,800.59,2,1,0.7687635869930157,-0.6657915003918871,Nouveaux clients
15562.0,352,1,134.55,0,2,-2.1642217967156876,0.42937585968157344,Inactifs
15563.0,22,4,1400.44,3,1,0.8157075305191548,-0.10063688084658669,Occasionnels
15565.0,50,2,173.16,0,4,-0.9394632834797848,-0.5506830698060166,Inactifs
15567.0,19,1,186.01,2,4,-0.91501300035131,-1.273277802779098,Nouveaux clients
15568.0,3,3,758.29,2,1,0.9913879384983892,-1.5180847992738815,Nouveaux clients
15569.0,104,5,1375.71,3,0,0.39219044057665026,0.9252307175231935,Occasionnels
15570.0,7,12,4148.82,1,1,2.5984490625853276,-0.009237242357840727,Champions
15571.0,12,4,650.4300000000001,2,1,0.6704107754779364,-0.7413374185037366,Nouveaux clients
15572.0,5,7,2533.42,1,1,2.035219802080227,-0.5569147578053091,Champions
15573.0,32,2,591.1899999999999,2,0,-0.1928758931762148,-0.38091425057757916,Nouveaux clients
15574.0,178,4,675.64,3,0,-0.31335129529929767,0.9349477931220544,Occasionnels
15576.0,38,1,921.37,2,4,-0.41347246505944535,-0.26872526958091986,Nouveaux clients
15577.0,151,3,258.88,0,2,-0.9065351354273259,0.3974249510116722,Inactifs
15578.0,162,1,127.1,0,2,-1.8958488325570737,-0.08106596050875346,Inactifs
15579.0,69,2,327.6,0,4,-0.7594048248001395,-0.11871362395822192,Inactifs
15581.0,121,13,3675.77,3,0,1.567335349350749,1.7022394924260624,Occasionnels
15582.0,25,3,682.9100000000001,2,0,0.22678674622772058,-0.36956249633067256,Nouveaux clients
15584.0,24,4,720.86,3,0,0.46928958176700414,-0.28940028629171405,Occasionnels
15585.0,177,1,455.3,0,2,-1.3271389654355235,0.4374045690582278,Inactifs
15587.0,50,4,913.68,3,0,0.3091972184305679,0.2487870263335213,Occasionnels
15589.0,256,3,478.53,0,0,-0.81669751121813,0.9534718961304451,Inactifs
15592.0,47,1,388.58,2,4,-0.9014541573413464,-0.45099461100810856,Nouveaux clients
15593.0,71,1,199.8,0,4,-1.3705922849442809,-0.4353357144968561,Inactifs
15594.0,16,5,1771.78,3,1,1.207603503653748,-0.13691624527674173,Occasionnels
15596.0,101,5,1406.59,3,0,0.4137815430023187,0.9149334130041956,Occasionnels
15597.0,35,1,324.57,2,4,-0.8766671881504873,-0.6987382665949065,Nouveaux clients
15598.0,53,1,240.68,0,4,-1.1728348412118572,-0.5502187725654898,Inactifs
15599.0,27,2,761.74,2,0,-0.010108575298416763,-0.3928955000788756,Nouveaux clients
15601.0,11,14,6776.56,1,1,2.80564661645387,0.4812017609918452,Champions
15602.0,8,9,1297.87,1,1,1.7652879844317062,-0.4579787643289167,Champions
15603.0,79,1,48.48,0,2,-2.0750088474658037,-0.878699741657009,Inactifs
15604.0,52,1,216.39,0,4,-1.215917780974328,-0.6006454748999617,Inactifs
15605.0,36,5,1198.23,3,0,0.7251890831633561,0.2137423294456367,Occasionnels
15606.0,61,9,2920.16,3,0,1.4123628018742258,1.060642865758126,Occasionnels
15607.0,337,1,104.76,0,2,-2.265304949253779,0.31146506724440326,Inactifs
15608.0,28,4,1093.68,3,0,0.6100252428621942,-0.043661892167959536,Occasionnels
15609.0,184,1,298.48,0,2,-1.5415417548231065,0.30848944881876345,Inactifs
15610.0,52,1,112.46,0,4,-1.5242339355560597,-0.8374666354523543,Inactifs
15611.0,10,13,1591.45,1,1,2.089715738283949,-0.1278419225399709,Champions
15612.0,36,2,195.15,2,4,-0.7604975873375759,-0.7108121852084948,Nouveaux clients
15615.0,10,23,10399.74,1,3,3.467234484079202,0.7618018615817903,Champions
15618.0,33,4,776.851,3,0,0.3872522506822415,-0.06726726346860025,Occasionnels
15619.0,11,1,336.40000000000003,2,4,-0.44007608056534336,-1.3821889625692634,Nouveaux clients
15620.0,57,3,1553.18,3,0,0.30951540038699527,0.43804067181015494,Occasionnels
15621.0,4,4,1293.03,2,1,1.3608493480904025,-1.0970999914853323,Nouveaux clients
15622.0,43,9,3709.56,3,0,1.656785975070091,0.9303562811904842,Occasionnels
15623.0,141,1,301.03,0,2,-1.436472065140284,0.14388315296088589,Inactifs
15624.0,117,4,588.13,3,0,-0.2198392656213887,0.6203463942761461,Occasionnels
15625.0,104,4,1534.26,3,0,0.2788992347933309,0.8951885374948563,Occasionnels
15626.0,75,2,675.8,0,0,-0.4482258157396076,0.1965702683228554,Inactifs
15628.0,5,9,2870.24,1,1,2.296298428420406,-0.42611282779202786,Champions
15630.0,45,2,1186.35,3,0,0.01009675761721022,0.08299664285481352,Occasionnels
15632.0,16,8,3285.31,1,1,1.867149641768617,0.24297504326430086,Champions
15634.0,17,1,243.55,2,4,-0.7475696162035481,-1.2423690083345262,Nouveaux clients
15636.0,90,2,724.76,0,0,-0.48391693293109367,0.3361960396119516,Inactifs
15637.0,53,1,223.36,0,4,-1.2080942967548445,-0.5773019631737268,Inactifs
15639.0,134,1,425.32,0,2,-1.253736897119832,0.2373643194210389,Inactifs
15640.0,4,15,12416.11,1,3,3.485553686653679,0.17140845011662764,Champions
15641.0,105,4,1887.2,3,0,0.3733926552830772,0.9765601541501785,Occasionnels
15643.0,192,3,664.0,0,0,-0.5522590097865345,0.8910093332738376,Inactifs
15644.0,166,4,803.54,3,0,-0.2047525184972104,0.9540128865262365,Occasionnels
15645.0,19,1,612.01,2,4,-0.3520864371489363,-0.8408874786839784,Nouveaux clients
15646.0,158,3,447.64,0,0,-0.6648447780844842,0.6248229179395892,Inactifs
15648.0,204,2,639.5,0,0,-0.8534121350847563,0.8055326656051861,Inactifs
15649.0,336,2,816.0,0,0,-0.9278883007828561,1.2092887244498993,Inactifs
15651.0,37,3,646.3,3,0,0.05573610619053338,-0.14902763840751945,Occasionnels
15652.0,91,1,337.74,0,4,-1.2162815072061732,-0.08949281615899411,Inactifs
15653.0,93,2,877.4399999999999,3,0,-0.40577746407066306,0.42629480597862734,Occasionnels
15654.0,9,2,922.53,2,1,0.47390333970489973,-0.9759409913363853,Nouveaux clients
15655.0,243,1,560.67,0,2,-1.3491028254515296,0.7130067764067669,Inactifs
15656.0,45,4,748.5,3,0,0.254176795311741,0.11083700805598791,Occasionnels
15657.0,23,1,30.0,2,4,-1.8367999337947072,-1.812236448904577,Nouveaux clients
15658.0,190,5,1024.1,3,0,0.023804518528961604,1.1971166619246074,Occasionnels
15659.0,44,1,306.45,2,4,-0.9890601066045793,-0.5781357274518981,Nouveaux clients
15660.0,25,9,1600.86,3,3,1.4594535887849782,0.2909090525165344,Occasionnels
15661.0,317,2,309.8,0,2,-1.3639867233206686,0.8205008190228809,Inactifs
15663.0,106,1,138.14,0,2,-1.6958595502150506,-0.31779456603498923,Inactifs
15664.0,51,1,386.43,0,4,-0.9346543116410286,-0.4022681901562247,Inactifs
15665.0,168,2,2222.21,3,0,-0.1895772183918563,1.1363495541304227,Occasionnels
15667.0,40,1,301.32,2,4,-0.9614780883417005,-0.6432773397381433,Nouveaux clients
15668.0,218,1,76.32000000000001,0,2,-2.2480425569176195,-0.07772270153508808,Inactifs
15669.0,40,4,684.34,3,0,0.2557002748419217,0.0052973311610618875,Occasionnels
15670.0,297,1,173.05,0,2,-1.9809811928889,0.4130550584466526,Inactifs
15671.0,19,7,2657.13,1,1,1.5979019266246481,0.22368408126550993,Champions
15673.0,88,4,2726.23,3,0,0.6144961402762215,0.9996506785522197,Occasionnels
15674.0,73,5,2446.6,3,0,0.7986842238666059,0.9129868482004879,Occasionnels
15675.0,81,3,323.69,0,0,-0.5652096019686926,0.08727468369182169,Inactifs
15676.0,19,3,3435.76,3,0,1.0925136615587876,0.05210797080087271,Occasionnels
15677.0,49,1,657.23,2,4,-0.668360514752319,-0.23409632546267323,Nouveaux clients
15678.0,53,1,352.7,0,4,-0.9922600179882597,-0.4115171879522215,Inactifs
15679.0,24,4,781.28,3,0,0.5074029255711222,-0.2601249915071494,Occasionnels
15680.0,9,3,1333.68,2,1,0.9088203422995969,-0.7317810278119399,Nouveaux clients
15681.0,25,5,1426.16,3,1,0.9424724215486209,0.05345021207902035,Occasionnels
15683.0,117,1,193.75,0,2,-1.5738120676005132,-0.1333016478079489,Inactifs
15687.0,9,9,2993.1,1,1,2.121031032876775,-0.08702208299266843,Champions
15689.0,120,2,254.1,0,4,-1.08851988810541,0.136025233690728,Inactifs
15690.0,4,2,239.76,2,1,0.10122816593384275,-1.904989111337305,Nouveaux clients
15691.0,252,1,136.8,0,2,-2.029180528979214,0.22422121748320567,Inactifs
15692.0,28,1,191.04,2,4,-1.0443646932966038,-1.028063766994848,Nouveaux clients
15694.0,1,14,6479.4,1,3,3.4688364294741794,-0.6709879422323177,Champions
15695.0,267,2,409.98,0,2,-1.1661638026894183,0.8138137914228427,Inactifs
15696.0,33,8,2711.11,3,0,1.5113127163772349,0.6124446973422695,Occasionnels
15699.0,18,1,309.65,2,4,-0.6547828493046599,-1.1209590371822866,Nouveaux clients
15700.0,172,2,696.68,0,0,-0.748034334272307,0.7290857187526862,Inactifs
15701.0,2,4,1529.0,1,1,1.6354077858432718,-1.359924152458266,Champions
15703.0,265,1,211.5,0,2,-1.8429461450925613,0.4137366811633633,Inactifs
15704.0,140,4,2293.62,3,0,0.35683411046137226,1.228434420132179,Occasionnels
15705.0,201,1,143.1,0,2,-1.921987735717875,0.09778987612237745,Inactifs
15706.0,64,4,1060.56,3,0,0.2871506527052702,0.4567930497400914,Occasionnels
15707.0,35,4,916.98,3,0,0.443957269016385,0.02929453086584746,Occasionnels
15708.0,41,7,3235.25,3,0,1.4077935455566029,0.7656974247166236,Occasionnels
15709.0,284,1,133.25,0,2,-2.087051655652604,0.29021719063085705,Inactifs
15712.0,9,5,1072.36,3,1,1.1723925035791734,-0.6560418745033101,Occasionnels
15713.0,143,2,356.7,0,2,-0.9947131515916716,0.3694597686299316,Inactifs
15714.0,12,2,330.03000000000003,2,4,-0.11280017585955833,-1.183290397530835,Nouveaux clients
15716.0,146,4,1101.11,3,0,-0.006802359159126877,0.9877663902891493,Occasionnels
15717.0,234,1,150.3,0,2,-1.9566723810700937,0.21147322292454274,Inactifs
15719.0,33,13,5030.07,1,3,2.2040933682283317,1.0064983875574502,Champions
15720.0,24,1,598.73,2,4,-0.4477116385638065,-0.7074054645279605,Nouveaux clients
15721.0,12,1,471.4,2,4,-0.3110719032864616,-1.2088715416020173,Nouveaux clients
15722.0,36,5,2211.21,3,0,1.0155203790009897,0.43674911453682064,Occasionnels
15723.0,365,1,190.7,0,2,-2.0136987756544875,0.5785322864596377,Inactifs
15724.0,201,2,218.25,0,2,-1.3560926739916832,0.4057467030150019,Inactifs
15725.0,15,1,415.25,2,4,-0.45038939075979684,-1.12332792415957,Nouveaux clients
15727.0,17,7,5159.06,1,3,1.9526688301438793,0.3984782109319507,Champions
15729.0,213,1,85.0,0,2,-2.1887724290949864,-0.05361451779367953,Inactifs
15730.0,66,3,1120.88,3,0,0.09986501964596217,0.41077611521286994,Occasionnels
15732.0,212,2,294.12,0,2,-1.235443381600544,0.5475911982969041,Inactifs
15733.0,283,1,162.3,0,2,-1.9928288667339271,0.35933119937945757,Inactifs
15734.0,115,2,1339.45,3,0,-0.2857255631456048,0.7135261039096424,Occasionnels
15737.0,15,8,1188.12,1,1,1.4083044312999835,-0.16568962480376062,Champions
15738.0,19,16,4812.42,1,3,2.5615070443056833,0.7282757311008514,Champions
15739.0,66,1,449.12,0,4,-0.9603578964048828,-0.18697482913032695,Inactifs
15740.0,49,1,154.88,0,4,-1.351366392965266,-0.7587209432091231,Inactifs
15743.0,16,4,775.96,3,0,0.6514896500804267,-0.5070955598992112,Occasionnels
15744.0,78,1,34.8,0,4,-2.2236503099006786,-1.004537917444143,Inactifs
15745.0,19,4,1094.59,3,1,0.7523557778718233,-0.2789067310916954,Occasionnels
15746.0,134,1,196.88,0,2,-1.6176652532079292,-0.04217320842478344,Inactifs
15747.0,13,3,946.64,2,1,0.6179035422286548,-0.643209034416014,Nouveaux clients
15748.0,40,1,144.36,2,4,-1.3086892288148728,-0.909974183291889,Nouveaux clients
15749.0,235,3,44534.3,3,0,1.3643739790917442,2.549726292688284,Occasionnels
15750.0,3,8,2463.05,1,1,2.2833324347954003,-0.7791547420956311,Champions
15752.0,40,7,2626.6,3,0,1.3182111209148417,0.6745412061446783,Occasionnels
15753.0,305,1,79.2,0,2,-2.358485720174839,0.14765659533725128,Inactifs
15754.0,51,3,458.57,3,0,-0.2264875511039965,-0.07493560076916773,Occasionnels
15755.0,10,6,2364.25,1,1,1.6500946106094976,-0.24890154344741466,Champions
15756.0,61,4,528.01,3,0,-0.025042244320827984,0.17317401830487328,Occasionnels
15757.0,66,2,714.42,3,0,-0.37376573557661136,0.13687967602723256,Occasionnels
15758.0,25,1,205.25,2,4,-0.9688030253380828,-1.0712902688321952,Nouveaux clients
15759.0,218,3,253.04,0,2,-1.05681417449202,0.6206550381431305,Inactifs
15762.0,65,2,583.75,0,0,-0.463651539274254,0.05389194386963731,Inactifs
15763.0,32,2,1086.92,3,0,0.09550332047545194,-0.15940688211411458,Occasionnels
15764.0,88,6,3279.97,3,0,1.0066056475130285,1.1956820930108016,Occasionnels
15766.0,64,1,315.06,0,4,-1.1164342529457256,-0.3349626159453597,Inactifs
15768.0,116,3,621.8299999999999,3,0,-0.3921263584458481,0.5498538426040169,Occasionnels
15769.0,7,26,56252.72,1,3,4.495832757084223,1.2197520683877736,Champions
15773.0,6,1,635.6800000000001,2,1,0.06690733992238376,-1.4926091840709792,Nouveaux clients
15774.0,69,1,270.8,0,4,-1.2162770976618453,-0.3429288012425975,Inactifs
15775.0,245,1,104.9,0,2,-2.14331144919119,0.11053632939028747,Inactifs
15776.0,133,1,241.62,0,2,-1.5181753011612682,0.027351311312943282,Inactifs
15777.0,241,4,1047.11,3,0,-0.22105094524527122,1.2854898001423654,Occasionnels
15780.0,184,3,475.28,0,0,-0.694351542780071,0.7426075395179913,Inactifs
15781.0,25,3,345.46,2,4,-0.09566698914811429,-0.6172428941993999,Nouveaux clients
15782.0,10,3,2614.74,3,0,1.1914502089554482,-0.4263036249525808,Occasionnels
15783.0,11,1,246.3,2,4,-0.5873805634798848,-1.4953352187092224,Nouveaux clients
15785.0,33,5,2328.9700000000003,3,0,1.0724124404286648,0.4020340161998066,Occasionnels
15786.0,46,3,4919.0,3,0,0.9362459421983096,0.7244214994224879,Occasionnels
15787.0,26,3,933.26,3,0,0.3602726210873965,-0.23203186756248628,Occasionnels
15789.0,358,1,351.3,0,2,-1.717773987360071,0.7879274358628126,Inactifs
15790.0,10,1,218.75,2,4,-0.6101456809547526,-1.5935116199966637,Nouveaux clients
15791.0,44,2,1612.69,3,0,0.1639633676339406,0.18080114047388013,Occasionnels
15793.0,15,3,965.61,2,1,0.5762927800140913,-0.5513400094346458,Nouveaux clients
15795.0,150,1,610.01,0,2,-1.1258630729439574,0.4394538824966656,Inactifs
15796.0,1,8,2708.61,1,1,2.593157281217979,-1.1839667996736787,Champions
15797.0,113,4,2207.4,3,0,0.41987248201889604,1.0797354396719154,Occasionnels
15799.0,76,3,884.14,3,0,-0.06565791694488617,0.41264272018598547,Occasionnels
15800.0,107,2,696.89,0,0,-0.5679093167226139,0.43050986023002746,Inactifs
15801.0,46,3,1063.95,3,0,0.21060743520540792,0.16705027247301038,Occasionnels
15802.0,143,1,451.42,0,2,-1.2502158214717622,0.2999188838514938,Inactifs
15803.0,51,1,415.8200000000001,0,4,-0.8999843954298367,-0.37563783144366436,Inactifs
15804.0,1,13,4206.39,1,3,3.2016008484508007,-0.8546933876245933,Champions
15805.0,23,17,5488.18,1,3,2.605871295232056,0.9135660267096599,Champions
15806.0,46,3,784.58,3,0,0.0663404712109712,0.05623716931634195,Occasionnels
15807.0,50,3,903.9,3,0,0.10218623810281723,0.15951507289370231,Occasionnels
15808.0,306,4,3651.27,3,0,0.27998490108438323,1.8909677105284282,Occasionnels
15809.0,36,5,515.77,3,0,0.32602736059619153,-0.09285834970038312,Occasionnels
15810.0,79,4,1391.98,3,0,0.3366636515907836,0.6873795209630751,Occasionnels
15811.0,22,6,2218.62,3,0,1.3382017853506882,0.19554454776095687,Occasionnels
15812.0,107,5,1801.14,3,0,0.5091090022935422,1.0411615454623486,Occasionnels
15813.0,208,2,1303.91,3,0,-0.5233657974899635,1.0769654488002451,Occasionnels
15814.0,17,4,1945.33,3,0,1.0650779698144253,-0.1364076247080142,Occasionnels
15815.0,64,5,2100.6,3,0,0.7759553220240811,0.7752714109934036,Occasionnels
15819.0,49,4,1905.45,3,0,0.6649929456707375,0.5037137648158838,Occasionnels
15820.0,320,1,206.98,0,2,-1.9249350651603134,0.5250512273138938,Inactifs
15821.0,44,2,570.96,2,0,-0.32783537834477666,-0.19695509464423983,Nouveaux clients
15822.0,3,2,885.47,2,1,0.8045050541026929,-1.5717269230563118,Nouveaux clients
15823.0,372,1,15.0,0,2,-3.198426614570446,-0.31390191995990624,Inactifs
15825.0,172,1,532.94,0,2,-1.2417496168283029,0.4765710048258614,Inactifs
15826.0,56,3,1654.31,3,0,0.3460498854867395,0.44997494380705444,Occasionnels
15827.0,73,14,1836.09,3,3,1.491752767044426,1.1589867788981492,Occasionnels
15829.0,99,2,636.14,0,0,-0.5816926883479956,0.34855264883364423,Inactifs
15830.0,38,1,576.0,2,4,-0.6359008187801347,-0.4395750291056935,Nouveaux clients
15831.0,58,3,794.64,3,0,-0.014488590689424012,0.20502207751138204,Occasionnels
15832.0,254,1,836.79,0,0,-1.176354634668026,0.8865885588464042,Inactifs
15834.0,70,4,2225.15,3,0,0.6045514186983181,0.7824706111115955,Occasionnels
15835.0,44,4,954.09,3,0,0.377507650062805,0.1851866432136004,Occasionnels
15836.0,50,1,137.37,0,4,-1.4154290687712572,-0.7895641921128744,Inactifs
15837.0,65,1,391.98,0,4,-1.0189826793617252,-0.24595061412955108,Inactifs
15838.0,11,19,33643.08,1,3,3.825660388274022,1.1747812371312092,Champions
15839.0,33,3,1048.49,3,0,0.32735962973032356,-0.043535924384826306,Occasionnels
15840.0,59,2,355.56,0,4,-0.6617994027113236,-0.1866938671910216,Inactifs
15841.0,73,4,1224.06,3,0,0.3055369083167273,0.5911728507664993,Occasionnels
15843.0,304,1,118.95000000000002,0,2,-2.166363297105221,0.29219249549728066,Inactifs
15844.0,46,1,130.73999999999998,0,4,-1.4075097235660572,-0.859225613113807,Inactifs
15845.0,18,8,3711.77,1,1,1.882514753740897,0.35792257875001854,Champions
15847.0,38,2,389.27,2,4,-0.45440774042992593,-0.4268817570703918,Nouveaux clients
15850.0,19,2,234.88,2,4,-0.4380429775183532,-1.0336253141441696,Nouveaux clients
15852.0,187,2,160.71,0,2,-1.472992143419497,0.2493470804291571,Inactifs
15853.0,52,1,110.8,0,4,-1.5312224153238922,-0.8428345665987462,Inactifs
15854.0,4,12,2969.12,1,3,2.619402207461721,-0.42900213018778577,Champions
15855.0,137,5,712.24,3,0,-0.024027838919283537,0.8589680742502593,Occasionnels
15856.0,4,27,16143.64,1,3,4.116400036713746,0.48108081543556525,Champions
15857.0,19,1,297.0,2,4,-0.6940890392902944,-1.1035835844424722,Nouveaux clients
15858.0,16,5,1427.57,3,1,1.1052451761846787,-0.21553884595205247,Occasionnels
15860.0,41,8,965.16,3,0,0.9411920974045105,0.37048664176404944,Occasionnels
15861.0,12,8,3146.92,1,1,1.9492261468152308,0.05724355325826203,Champions
15862.0,8,4,832.88,2,1,0.9279591893632313,-0.8845221879926958,Nouveaux clients
15863.0,26,2,68.84,2,4,-1.129784786978794,-1.2866572305029091,Nouveaux clients
15864.0,22,6,1936.32,3,0,1.273702198249983,0.1460016780626065,Occasionnels
15865.0,41,3,895.13,3,0,0.17173567122794467,0.03288564017345427,Occasionnels
15866.0,101,1,211.89,0,2,-1.4759226668261014,-0.1932379542917318,Inactifs
15867.0,5,15,3810.14,1,3,2.8558597986581904,-0.14319019091570573,Champions
15869.0,277,2,149.64,0,2,-1.6560449855557067,0.4715032287970913,Inactifs
15870.0,33,1,351.44,2,4,-0.8172308760661273,-0.7060905782309128,Nouveaux clients
15872.0,15,2,316.25,2,4,-0.21227857088423296,-1.0671459180549168,Nouveaux clients
15874.0,64,7,4405.88,3,0,1.3873646116077614,1.154997116410225,Occasionnels
15877.0,2,2,490.33,2,1,0.6345850023592385,-1.969027265764865,Nouveaux clients
15880.0,369,1,329.03000000000003,0,2,-1.760265056045504,0.7832776440133824,Inactifs
15881.0,312,5,501.39,0,0,-0.5030285854762293,1.25049734347225,Inactifs
15882.0,199,4,516.36,0,0,-0.48299047946662765,0.9075187044890756,Inactifs
15883.0,2,2,396.48,2,1,0.5340775935302418,-2.0462281546877548,Nouveaux clients
15885.0,93,3,379.35,0,0,-0.5423598166721995,0.23147958594149262,Inactifs
15886.0,60,1,181.09,0,4,-1.353636332146041,-0.5760595850138026,Inactifs
15888.0,81,1,168.31,0,4,-1.50115284308481,-0.41501562255719404,Inactifs
15889.0,157,2,420.07,0,2,-0.9528187094883486,0.4876807796100412,Inactifs
15891.0,227,1,511.68,0,2,-1.3664674076742471,0.6367733597016197,Inactifs
15894.0,253,2,258.25,0,2,-1.3641365551917886,0.6119936580770142,Inactifs
15895.0,150,1,179.17,0,2,-1.704907757014057,-0.005316954371120887,Inactifs
15897.0,194,2,208.59,0,2,-1.3639854755776517,0.36697814043114246,Inactifs
15898.0,1,5,1383.83,1,1,1.9080015718766012,-1.5835290924387417,Champions
15899.0,369,1,56.25,0,2,-2.590869861871412,0.14528060379036756,Inactifs
15900.0,24,1,337.28,2,4,-0.7192157663813602,-0.9159508867804733,Nouveaux clients
15901.0,17,3,351.73,2,4,0.053307368906389686,-0.8438246363270805,Nouveaux clients
15903.0,10,7,5126.76,1,1,2.137816503302856,0.08399274755683696,Champions
15904.0,8,1,164.68,2,4,-0.6674067303500488,-1.8235870414946584,Nouveaux clients
15906.0,20,7,1567.69,3,1,1.329203078248873,0.06253912738762203,Occasionnels
15907.0,4,3,882.72,2,1,0.9781037281690352,-1.3213557291977467,Nouveaux clients
15909.0,174,1,191.94,0,2,-1.72878538797407,0.11313261140822602,Inactifs
15910.0,1,8,1228.88,1,1,2.218627443236603,-1.4716474468735532,Champions
15912.0,178,2,264.62,0,2,-1.2189473520766383,0.3989894164734439,Inactifs
15916.0,16,8,1502.86,1,1,1.4964879130338307,-0.04173446503380745,Champions
15917.0,248,1,123.1,0,2,-2.0727442978729917,0.1759805435587959,Inactifs
15918.0,191,2,334.23,0,2,-1.135369290102482,0.5282029915672666,Inactifs
15919.0,20,2,525.69,2,4,-0.07579680696330808,-0.7101341910358996,Nouveaux clients
15920.0,154,4,167.5,0,2,-0.9175313758988147,0.3373678058605689,Inactifs
15921.0,173,1,323.03000000000003,0,2,-1.480767086893624,0.29832394391842604,Inactifs
15922.0,373,1,369.5,0,2,-1.7095270819117123,0.8322216944255456,Inactifs
15923.0,373,1,127.08,0,2,-2.213174346539837,0.4453644767747852,Inactifs
15925.0,194,1,207.15,0,2,-1.7341439730336206,0.20936880465813773,Inactifs
15930.0,67,1,426.63,0,4,-0.9903204891430883,-0.19625062585039746,Inactifs
15932.0,4,8,2495.87,1,1,2.2043658851886994,-0.6328770271765416,Champions
15933.0,21,3,1107.46,3,0,0.5195710832470515,-0.2995895954189832,Occasionnels
15935.0,239,2,416.86,0,2,-1.1161391836364396,0.7499066798190207,Inactifs
15937.0,64,1,145.35,0,4,-1.4815013430221227,-0.6153748183765454,Inactifs
15938.0,112,5,404.58,3,0,-0.2153402086624784,0.5266726627234104,Occasionnels
15939.0,90,15,6115.01,1,0,2.0414358537842006,1.7528068311323222,Champions
15940.0,311,1,35.8,0,2,-2.735282741982089,-0.12375808304807344,Inactifs
15942.0,134,1,337.44,0,2,-1.3631925850648536,0.15329015508357113,Inactifs
15944.0,277,1,325.1,0,2,-1.656738879713797,0.5976838755980888,Inactifs
15945.0,365,1,181.0,0,2,-2.038319285493228,0.5596209915866455,Inactifs
15947.0,83,1,1708.24,3,0,-0.41407591172716307,0.4423275220471037,Occasionnels
15948.0,8,2,955.24,2,1,0.530654135535062,-1.0300564385358661,Nouveaux clients
15949.0,17,2,364.72,2,4,-0.1898570104592041,-0.9406972193583188,Nouveaux clients
15950.0,32,4,1744.71,3,0,0.7819546710656655,0.20822394219279455,Occasionnels
15951.0,9,2,708.22,2,1,0.3487084867627487,-1.0721045881131048,Nouveaux clients
15952.0,34,4,781.91,3,0,0.3792529051038549,-0.04652997524234014,Occasionnels
15953.0,15,8,1657.28,1,1,1.5659931045817264,-0.044567153413277875,Champions
15955.0,24,14,4416.26,1,3,2.3222870192468354,0.7905761898233792,Champions
15957.0,32,1,428.89,2,4,-0.7116365917929413,-0.6526666347006554,Nouveaux clients
15958.0,74,1,104.35,0,4,-1.6920266154468195,-0.6443767000365432,Inactifs
15963.0,20,2,470.76,2,4,-0.12802113400902215,-0.7502482932528663,Nouveaux clients
15965.0,17,4,808.87,3,0,0.6493255328020301,-0.4557518211525131,Occasionnels
15967.0,23,2,397.68,2,4,-0.25883559383470855,-0.7268976474738136,Nouveaux clients
15969.0,3,3,666.1,2,1,0.9300114286529374,-1.565228797654291,Nouveaux clients
15970.0,304,1,314.1,0,2,-1.708416717811384,0.643946494656009,Inactifs
15971.0,18,12,4199.85,1,3,2.2738168631567794,0.5435669557024481,Champions
15973.0,367,1,307.82000000000005,0,2,-1.7896903729651976,0.7556494065393308,Inactifs
15974.0,39,7,3442.15,3,0,1.4558154210856438,0.7573378747268797,Occasionnels
15975.0,84,1,371.01,0,4,-1.1416285777266255,-0.10553927345253898,Inactifs
15976.0,165,2,427.64,0,2,-0.9632379901990253,0.5254821269252258,Inactifs
15977.0,17,2,1054.73,2,0,0.31280465565335336,-0.5545970511868888,Nouveaux clients
15978.0,77,1,1098.78,0,0,-0.5948403346760716,0.23475605938028896,Inactifs
15980.0,89,3,2398.86,3,0,0.34768094129667715,0.8748040144904276,Occasionnels
15981.0,25,8,3408.48,1,1,1.72229139481173,0.5257244392999179,Champions
15983.0,22,4,1465.12,3,1,0.8371010386647966,-0.08420428283948204,Occasionnels
15984.0,3,10,2780.63,1,1,2.5223937441266444,-0.6582414765204623,Champions
15985.0,123,2,1142.42,3,0,-0.38658354777265136,0.6979023745612921,Occasionnels
15986.0,30,1,168.12,2,4,-1.1301035425105417,-1.03207431571068,Nouveaux clients
15987.0,12,7,1432.77,1,1,1.469756550446621,-0.2742336410453595,Champions
15988.0,19,1,156.78,2,4,-0.9956006847755154,-1.335178123822805,Nouveaux clients
15990.0,44,2,792.11,3,0,-0.17283730835052455,-0.07789930637645646,Occasionnels
15992.0,4,1,41.99,2,4,-1.0825522467395055,-2.6875507350435774,Nouveaux clients
15993.0,9,7,2777.67,1,1,1.883711340448029,-0.19957450444540592,Champions
15994.0,55,1,414.27,0,4,-0.9300599891170521,-0.3300149942012636,Inactifs
15996.0,88,6,1032.58,3,0,0.45890353239055465,0.7749858414106594,Occasionnels
15998.0,37,5,3080.22,3,0,1.1624368332830262,0.5743281982421662,Occasionnels
16000.0,3,3,12393.7,1,1,2.3155339340550243,-0.5009931329810686,Champions
16003.0,30,5,2735.37,3,0,1.1839320931364783,0.4020308673385612,Occasionnels
16005.0,12,4,578.71,2,1,0.6151043379840436,-0.7838189249661233,Nouveaux clients
16006.0,211,1,101.4,0,2,-2.102426732528803,0.0040009950288590985,Inactifs
16007.0,48,4,1693.81,3,0,0.6169153957606195,0.448049809876068,Occasionnels
16008.0,24,3,478.78,2,0,0.0736814679281909,-0.5235358525238508,Nouveaux clients
16009.0,22,4,972.11,3,1,0.6427552931926335,-0.2334834701515331,Occasionnels
16010.0,246,3,392.4,0,0,-0.8954099755700979,0.8562074038209104,Inactifs
16011.0,8,16,3352.96,1,3,2.6952390538293765,0.09049837200759527,Champions
16012.0,35,3,1415.29,3,0,0.4476469312390231,0.10186414802297357,Occasionnels
16013.0,4,47,37130.6,1,3,4.99903172316994,0.9905961956660917,Champions
16014.0,38,3,646.83,3,0,0.046201595212858625,-0.13226276205942628,Occasionnels
16015.0,4,3,704.55,2,1,0.8713416155615771,-1.4033609275469012,Nouveaux clients
16016.0,3,8,1465.51,1,1,2.037283201033675,-0.9681479694259622,Champions
16017.0,47,1,211.88,0,4,-1.1880056165884259,-0.671098060433058,Inactifs
16018.0,39,2,408.9,2,4,-0.44081018336574085,-0.3929587749994755,Nouveaux clients
16019.0,47,9,3786.24,3,0,1.6332465187069458,0.9929656103273312,Occasionnels
16020.0,17,3,851.01,2,0,0.47146296193221043,-0.5226345482949029,Nouveaux clients
16022.0,260,1,602.63,0,2,-1.340669768021458,0.7819435468014276,Inactifs
16023.0,46,3,719.81,3,0,0.02554094117117153,0.024898584197033148,Occasionnels
16024.0,12,1,251.03,2,4,-0.6089733887727569,-1.4376930758445388,Nouveaux clients
16025.0,30,1,439.66,2,4,-0.6760213208572359,-0.6832885738022458,Nouveaux clients
16026.0,43,1,236.09,2,4,-1.103695585236758,-0.6870288166753308,Nouveaux clients
16027.0,92,6,934.62,3,0,0.39489596510856695,0.7665902286129469,Occasionnels
16029.0,39,63,80850.84,1,3,4.833965621016265,2.7022784669045574,Champions
16030.0,310,1,331.24,0,2,-1.6907436141548942,0.6755872954215617,Inactifs
16031.0,92,2,547.9,0,0,-0.6246546847767012,0.24825440470289054,Inactifs
16033.0,6,20,8778.82,1,3,3.438732622941938,0.3624899988714767,Champions
16034.0,196,3,437.7,0,0,-0.7573302132465761,0.752515090207657,Inactifs
16036.0,87,2,758.92,3,0,-0.44930312367695485,0.33169593559668537,Occasionnels
16037.0,270,3,855.02,0,0,-0.5621926139849633,1.19814935124711,Inactifs
16038.0,8,3,471.78,2,1,0.4569813020279892,-1.176550138275256,Nouveaux clients
16040.0,65,3,1313.55,3,0,0.18075768682416785,0.45896527751624944,Occasionnels
16041.0,31,3,3166.4,3,0,0.8742735356726499,0.3203344747015388,Occasionnels
16042.0,22,5,1177.47,3,1,0.898519950854999,-0.09400580411152505,Occasionnels
16043.0,38,4,773.99,3,0,0.33309449796543555,0.018367408569718215,Occasionnels
16045.0,120,4,1340.7,3,0,0.1608220986443777,0.9360187861207504,Occasionnels
16048.0,373,2,256.44,0,2,-1.5152618185930493,0.854725427645155,Inactifs
16049.0,40,3,1074.81,3,0,0.2675898069443038,0.08416536204851623,Occasionnels
16050.0,174,1,137.9,0,2,-1.884604763241548,-0.006554030822551783,Inactifs
16052.0,54,1,362.06,0,4,-0.9868848767981051,-0.3903723532830553,Inactifs
16053.0,33,2,1511.95,3,0,0.24047309798230967,-0.020369707335563914,Occasionnels
16054.0,145,1,783.9,0,0,-0.9942510335359372,0.5093196391683935,Inactifs
16055.0,221,1,134.8,0,2,-1.986180987507235,0.13603340260412056,Inactifs
16056.0,45,1,650.75,2,4,-0.6411998990210827,-0.2905581247216087,Nouveaux clients
16057.0,16,7,2263.12,1,1,1.5839118773151253,0.06222576081630366,Champions
16059.0,66,6,1453.16,3,0,0.7292461432046276,0.7193230233172652,Occasionnels
16062.0,10,4,1153.62,3,1,1.0056111742920841,-0.6387842559643752,Occasionnels
16063.0,260,1,335.32,0,2,-1.6180025671934914,0.568921055494525,Inactifs
16065.0,365,1,367.14,0,2,-1.7042972662046847,0.8161871204853406,Inactifs
16066.0,17,5,1521.04,3,1,1.1134616158780093,-0.1562216828074024,Occasionnels
16070.0,22,2,852.15,2,0,0.11814840172422934,-0.4767997164883126,Nouveaux clients
16071.0,45,1,326.24,2,4,-0.9678775297064026,-0.5414829448315291,Nouveaux clients
16072.0,288,1,584.3199999999999,0,2,-1.3942030452541934,0.8353271120029487,Inactifs
16073.0,297,1,122.4,0,2,-2.1440487436950804,0.28780100978110146,Inactifs
16076.0,3,10,2234.73,1,1,2.418805315757795,-0.7378089317496241,Champions
16078.0,284,1,79.2,0,2,-2.3313272200832444,0.1025863389762134,Inactifs
16079.0,17,3,1352.0,3,0,0.6907510716999228,-0.3541968460247046,Occasionnels
16080.0,82,2,217.16,0,4,-1.0186964425473148,-0.15990820545220935,Inactifs
16081.0,56,5,2799.42,3,0,0.9622414605256961,0.7965650971649332,Occasionnels
16083.0,101,2,1317.62,3,0,-0.2443794468350128,0.626010827359841,Occasionnels
16084.0,299,1,436.18,0,2,-1.5468379675161257,0.752728482218448,Inactifs
16085.0,23,5,981.51,3,1,0.7960315062089469,-0.1332605665908314,Occasionnels
16086.0,59,5,1121.39,3,0,0.5091227985086034,0.49608646272435664,Occasionnels
16091.0,155,2,315.06,0,2,-1.0839720200625762,0.37512685070952784,Inactifs
16092.0,115,3,817.86,3,0,-0.2590996856255323,0.6440729899273668,Occasionnels
16093.0,107,1,17.0,0,2,-2.6691127813339235,-1.0567348903536307,Inactifs
16094.0,12,4,1078.23,3,1,0.9097802229085087,-0.5574750113645552,Occasionnels
16096.0,264,1,320.62,0,2,-1.6450036672271142,0.5622857008991216,Inactifs
16097.0,240,1,185.05,0,2,-1.8682710356668426,0.30275518956680547,Inactifs
16098.0,88,7,2005.63,3,0,0.8942990410208091,1.0676876390369825,Occasionnels
16099.0,50,3,731.9,3,0,0.002227051728593998,0.08273527990124294,Occasionnels
16101.0,71,1,1290.7,3,0,-0.48799672301723407,0.2425960194322722,Occasionnels
16102.0,42,3,1842.14,3,0,0.5046798099995619,0.31044491220510206,Occasionnels
16103.0,7,6,1429.64,1,1,1.533355984349034,-0.6338888131993422,Champions
16104.0,62,1,298.21,0,4,-1.1304731203191396,-0.37472816781738966,Inactifs
16105.0,249,1,336.96,0,2,-1.5992474186072263,0.5433957561179351,Inactifs
16106.0,66,1,108.38,0,4,-1.6311392013144868,-0.7022096124683822,Inactifs
16107.0,18,7,3204.1600000000003,1,1,1.7062289276098552,0.25932430195143885,Champions
16108.0,85,1,842.5,0,0,-0.7579341301198217,0.20002717171910028,Inactifs
16109.0,219,2,611.88,0,0,-0.9012886642763903,0.8342455637166248,Inactifs
16110.0,45,3,1320.95,3,0,0.3213257443326342,0.23215042836471306,Occasionnels
16112.0,143,4,195.74,0,2,-0.8159426801826367,0.3471351098676779,Inactifs
16113.0,183,1,161.38,0,2,-1.8297058861083906,0.08212097218619009,Inactifs
16114.0,171,1,135.75000000000003,0,2,-1.885396181777596,-0.023197248769665103,Inactifs
16115.0,10,8,1660.88,1,1,1.7101534939498904,-0.2813089757195832,Champions
16116.0,212,1,612.78,0,2,-1.2551303798809947,0.6591830248434071,Inactifs
16117.0,190,1,232.21,0,2,-1.6723244572004388,0.23763264335266193,Inactifs
16119.0,8,2,423.36,2,4,0.14543746352809275,-1.3259457650376902,Nouveaux clients
16120.0,59,4,1309.14,3,0,0.417486518182826,0.4826776783268383,Occasionnels
16121.0,57,2,854.66,3,0,-0.2337872547313458,0.11062845037953677,Occasionnels
16122.0,73,4,684.4200000000001,3,0,0.030188463171160976,0.3796745644566791,Occasionnels
16123.0,52,1,307.78,0,4,-1.0495194907994672,-0.47283304727480446,Inactifs
16124.0,317,1,249.0,0,2,-1.834094572909417,0.5861192440506166,Inactifs
16125.0,367,1,289.35,0,2,-1.81893225328219,0.733188384207241,Inactifs
16126.0,29,4,6287.77,3,0,1.4260427030108855,0.6145691441175184,Occasionnels
16127.0,39,1,656.25,2,4,-0.5838265922214049,-0.37609767763674606,Nouveaux clients
16128.0,18,5,1880.22,3,1,1.1932668915339708,-0.04478294338001781,Occasionnels
16131.0,52,6,3506.54,3,0,1.2362743239635337,0.8914049823680488,Occasionnels
16133.0,4,33,14589.04,1,3,4.244076454907707,0.5184740044867361,Champions
16134.0,22,2,618.09,2,0,-0.03390604283327104,-0.5935944724300123,Nouveaux clients
16135.0,263,1,517.55,0,2,-1.417071577201607,0.7338568787909776,Inactifs
16136.0,60,3,709.38,3,0,-0.0809670444179766,0.18487384441194898,Occasionnels
16139.0,19,3,635.41,2,0,0.2928780798032091,-0.5621012546198587,Nouveaux clients
16140.0,66,2,725.18,3,0,-0.3666874773086133,0.14231656706523524,Occasionnels
16141.0,88,1,620.4,0,0,-0.9159272691331408,0.11046890912097036,Inactifs
16142.0,250,1,535.34,0,2,-1.3817880071317636,0.7141308269179248,Inactifs
16143.0,3,6,2424.94,1,1,2.0485370372372316,-0.8809644225922442,Champions
16144.0,247,1,175.2,0,2,-1.9050003740373502,0.3010947602422306,Inactifs
16145.0,9,11,3799.49,1,1,2.399086304032583,0.06957725792066384,Champions
16146.0,157,3,734.13,3,0,-0.4282840748091089,0.8006770701346426,Occasionnels
16147.0,134,1,375.0,0,2,-1.3132913543242175,0.19161986048944685,Inactifs
16148.0,296,1,76.32000000000001,0,2,-2.3644222246876527,0.11541246586803679,Inactifs
16149.0,5,2,280.52,2,1,0.10574100283006231,-1.7324463217730406,Nouveaux clients
16150.0,43,5,2053.02,3,0,0.9141518248214882,0.5195708066310363,Occasionnels
16152.0,269,1,1829.04,0,0,-0.827719143322975,1.2073854845279033,Inactifs
16153.0,50,5,1824.23,3,0,0.80176079060493,0.5701526438120642,Occasionnels
16156.0,9,9,3092.04,1,1,2.1364461811956272,-0.0751815314655828,Champions
16157.0,16,3,656.69,2,0,0.3705552878758334,-0.6531489074628036,Nouveaux clients
16159.0,282,1,348.2,0,2,-1.6310967357031547,0.6339106921413923,Inactifs
16160.0,65,2,1025.44,3,0,-0.19685967408607835,0.2588178233634163,Occasionnels
16161.0,2,19,5533.67,1,3,3.499463662378581,-0.36135831765324855,Champions
16162.0,252,1,37.4,0,2,-2.635030849809635,-0.24113933520903152,Inactifs
16163.0,232,2,856.6,0,0,-0.7639181216510642,0.9930016192528299,Inactifs
16164.0,17,3,822.48,2,0,0.45531369722696347,-0.535038983004958,Nouveaux clients
16168.0,11,27,3787.6,1,3,3.094640836783773,0.5081243909026623,Champions
16169.0,8,4,1822.97,3,1,1.2990718387623097,-0.5994663223810062,Occasionnels
16170.0,51,6,1885.05,3,0,0.9493702482301434,0.6533662849734629,Occasionnels
16171.0,59,1,73.2,0,4,-1.7729891229164145,-0.9134977507329611,Inactifs
16172.0,95,5,1140.21,3,0,0.33746697110954466,0.800094898474152,Occasionnels
16173.0,16,6,1418.32,3,1,1.2416499633758247,-0.1589390587653578,Occasionnels
16174.0,126,3,1009.55,3,0,-0.19397511450235627,0.7781112124000998,Occasionnels
16175.0,94,4,1037.59,3,0,0.13181398504688907,0.6893979893645612,Occasionnels
16177.0,50,1,331.95,0,4,-0.9990915305122068,-0.46977057271659567,Inactifs
16178.0,138,1,197.9,0,2,-1.626381448830801,-0.021790296504733676,Inactifs
16179.0,61,1,215.83,0,4,-1.277054299810615,-0.5021568095964266,Inactifs
16180.0,100,8,10254.18,3,0,1.7260620264768287,1.787060853212978,Occasionnels
16181.0,73,1,305.54,0,4,-1.18047240902162,-0.2638939471563393,Inactifs
16182.0,72,4,6617.65,3,0,1.110588010794122,1.1969245583645378,Occasionnels
16183.0,67,1,338.71000000000004,0,4,-1.0994549885280203,-0.2800780815855869,Inactifs
16184.0,64,6,1158.79,3,0,0.633573736333189,0.6177322003008469,Occasionnels
16185.0,17,2,529.41,2,4,-0.013574376137039703,-0.8052925140744082,Nouveaux clients
16186.0,23,12,4006.94,1,3,2.1622866445521676,0.6745427349587654,Champions
16187.0,32,15,6911.4400000000005,1,3,2.486958963361324,1.1543559835836457,Champions
16188.0,45,4,981.86,3,0,0.382701577154543,0.20955836126256086,Occasionnels
16189.0,16,2,215.48,2,4,-0.4166554892766846,-1.1679097438456627,Nouveaux clients
16190.0,40,1,215.08,2,4,-1.120717234511027,-0.7655907470662537,Nouveaux clients
16191.0,3,13,5180.52,1,3,3.0355657245535657,-0.33943480151431615,Champions
16193.0,237,1,314.45,0,2,-1.613139131847568,0.4871086559148542,Inactifs
16198.0,75,1,400.681,0,4,-1.0624906423864737,-0.14853992758379472,Inactifs
16200.0,4,2,1068.87,2,1,0.8084273119664884,-1.3617813681935218,Nouveaux clients
16201.0,3,4,1863.47,1,1,1.6192586751536178,-1.105545659077394,Champions
16202.0,361,1,365.27,0,2,-1.702514097136187,0.8073659990414643,Inactifs
16203.0,59,4,592.9,3,0,0.0423449169966131,0.1945271288205171,Occasionnels
16204.0,23,1,384.18,2,4,-0.6420590043131503,-0.8945422921935569,Nouveaux clients
16205.0,31,4,757.63,3,0,0.398546977034524,-0.11481207516389721,Occasionnels
16206.0,55,4,537.0600000000001,3,0,0.021881520436129048,0.11482821934618336,Occasionnels
16207.0,25,1,394.38,2,4,-0.6602423587002839,-0.8342812957762201,Nouveaux clients
16208.0,45,2,664.26,2,0,-0.2645821600299114,-0.12798737173473795,Nouveaux clients
16209.0,89,5,2262.62,3,0,0.6868584140444944,1.0086164712564263,Occasionnels
16210.0,2,18,21086.3,1,3,4.087299340374123,0.10619486885267083,Champions
16211.0,89,1,547.02,0,4,-0.979779359265184,0.07178498217194433,Inactifs
16212.0,19,2,690.34,2,0,0.07182054524212989,-0.6419933176071208,Nouveaux clients
16213.0,79,1,159.0,0,4,-1.5185373858595266,-0.4512676548412337,Inactifs
16214.0,171,3,1062.75,3,0,-0.28551106615897043,0.9890743961877428,Occasionnels
16215.0,81,1,242.35,0,4,-1.329143723954785,-0.28289345311320296,Inactifs
16216.0,267,1,914.93,0,0,-1.153067265259461,0.9505870262691548,Inactifs
16217.0,235,2,304.25,0,2,-1.258611014764264,0.6248863084849939,Inactifs
16218.0,30,7,3084.68,3,0,1.5012093341233113,0.5558303860498695,Occasionnels
16221.0,37,3,860.86,3,0,0.19147877206012773,-0.04476214602252273,Occasionnels
16222.0,318,1,773.5500000000001,0,0,-1.2991087352896573,0.999959606142467,Inactifs
16224.0,57,4,1295.3,3,0,0.42540133531082697,0.45731843685844464,Occasionnels
16225.0,45,5,1096.32,3,0,0.5999099416418835,0.31942049804593614,Occasionnels
16226.0,203,3,255.12,0,2,-1.025844322807484,0.5786460355221557,Inactifs
16227.0,225,1,314.22,0,2,-1.5937220485896202,0.4540459106880763,Inactifs
16229.0,87,2,1010.6,3,0,-0.313658906116706,0.4358858087105958,Occasionnels
16230.0,190,2,542.03,0,0,-0.9046666729517023,0.700565722361628,Inactifs
16232.0,44,4,990.88,3,0,0.39542909688714667,0.19895231125482363,Occasionnels
16233.0,71,3,536.6800000000001,3,0,-0.27636896098775804,0.18853133158094149,Occasionnels
16235.0,41,5,867.31,3,0,0.52367191265346,0.17649825291756271,Occasionnels
16236.0,78,1,432.2,0,4,-1.0414611937947105,-0.09648495197941577,Inactifs
16239.0,57,2,414.2,2,0,-0.5766551939035217,-0.15273233063797886,Nouveaux clients
16240.0,24,2,3718.8,3,0,0.7844860178839522,0.11234599724229323,Occasionnels
16241.0,10,13,2590.31,1,1,2.3205772570496874,0.04948544739677652,Champions
16242.0,8,7,3579.86,1,1,2.0442192054537047,-0.17399296148556542,Champions
16243.0,34,2,409.1,2,4,-0.38957016267068834,-0.4774314565368811,Nouveaux clients
16244.0,212,2,1522.75,3,0,-0.457094448864457,1.14544990542609,Occasionnels
16245.0,24,3,1413.66,3,0,0.586393855205634,-0.12971561060576361,Occasionnels
16247.0,170,1,114.56,0,2,-1.962999776609987,-0.08821277748138555,Inactifs
16248.0,62,1,152.94,0,4,-1.445588726461045,-0.6167720647904043,Inactifs
16249.0,53,5,1800.07,3,0,0.7736082328798848,0.6015343645585332,Occasionnels
16250.0,261,2,389.44,0,2,-1.1818244926125532,0.7807870696647403,Inactifs
16253.0,67,2,3683.86,3,0,0.3977718564446713,0.7432453275965084,Occasionnels
16255.0,17,8,2619.91,1,1,1.7380405010703528,0.19681085929631592,Champions
16256.0,267,1,752.4300000000001,0,0,-1.2456716612543988,0.8794565317884937,Inactifs
16257.0,177,1,46.95,0,2,-2.3954074977318163,-0.38314469454821243,Inactifs
16258.0,45,5,5203.51,3,0,1.3380064275207688,0.8863608408982709,Occasionnels
16260.0,51,1,1035.45,2,0,-0.46807504540710865,-0.043883325538599215,Nouveaux clients
16261.0,17,4,728.54,3,0,0.5997954600851795,-0.49379643584019245,Occasionnels
16265.0,9,9,5447.0,1,1,2.404862865849213,0.13099239042159116,Champions
16266.0,74,7,861.89,3,0,0.5595257185448722,0.6518295905183681,Occasionnels
16268.0,71,2,667.65,3,0,-0.4333166653839504,0.15788276153702613,Occasionnels
16270.0,353,1,1141.24,0,0,-1.154684434818896,1.207436388413015,Inactifs
16271.0,3,5,1404.64,1,1,1.6502929182932506,-1.1386859917630594,Champions
16272.0,117,1,411.7,0,2,-1.2177192267743486,0.1402173312518902,Inactifs
16274.0,373,1,351.75,0,2,-1.7328052056938024,0.8143415016181479,Inactifs
16275.0,197,1,559.87,0,2,-1.2699788188360275,0.580057697096337,Inactifs
16276.0,177,1,810.6000000000001,0,0,-1.0540931108626594,0.6471342092442529,Inactifs
16278.0,100,1,566.38,0,0,-1.0073663811683085,0.1575289256602539,Inactifs
16279.0,21,3,1502.78,3,0,0.6641933999917073,-0.18850354175530498,Occasionnels
16281.0,72,1,2062.06,3,0,-0.27125134795089234,0.42187189567971567,Occasionnels
16282.0,340,1,168.3,0,2,-2.0455903566384848,0.48842498579350635,Inactifs
16283.0,6,5,1570.81,1,1,1.4895006268151076,-0.7432310529789826,Champions
16284.0,31,2,812.68,2,0,-0.030463164925945137,-0.28469936610189617,Nouveaux clients
16287.0,170,1,142.5,0,2,-1.8603236854379823,-0.009346098875702804,Inactifs
16292.0,122,1,302.25,0,2,-1.379689425002314,0.05429106825470776,Inactifs
16293.0,22,10,2248.99,1,3,1.753629133931198,0.37338723621594927,Champions
16295.0,10,4,1328.55,3,1,1.0724999450754138,-0.5874062269852549,Occasionnels
16297.0,269,1,301.9,0,2,-1.6805781882917212,0.5522947089858057,Inactifs
16298.0,23,3,598.2,2,0,0.19466488544543917,-0.468463503208767,Nouveaux clients
16302.0,127,1,233.22,0,2,-1.5173833001532457,-0.01452195064670008,Inactifs
16303.0,26,3,5360.63,3,0,1.1887497122804371,0.40433085074391206,Occasionnels
16305.0,139,1,361.22,0,2,-1.344887448687137,0.2010761804529737,Inactifs
16306.0,214,6,632.27,3,0,-0.11030194190867754,1.1556994269307745,Occasionnels
16308.0,38,4,2560.0,3,0,0.8998540410595387,0.4537018883078169,Occasionnels
16309.0,106,2,706.57,0,0,-0.557824296554683,0.42962967843857763,Inactifs
16311.0,18,2,616.26,2,0,0.037673019619391186,-0.715789408444408,Nouveaux clients
16313.0,3,2,274.15000000000003,2,1,0.24977582362280218,-1.99782078224058,Nouveaux clients
16315.0,331,1,226.37,0,2,-1.8955413731762756,0.5788749441826315,Inactifs
16316.0,64,8,2938.91,3,0,1.3020094064920482,1.0526259281087988,Occasionnels
16317.0,120,3,1341.65,3,0,-0.04075617639149683,0.8509197556791007,Occasionnels
16318.0,35,1,328.15,2,4,-0.8714817842568663,-0.6947552986259196,Nouveaux clients
16319.0,218,1,404.4,0,2,-1.4624039792979544,0.5257352651064184,Inactifs
16320.0,172,2,1038.46,0,0,-0.5589903708808397,0.8742925466807485,Inactifs
16321.0,72,5,373.65,3,0,-0.08604725019813551,0.22079725460135485,Occasionnels
16322.0,1,2,326.75,2,1,0.5975029317737608,-2.3735196795878486,Nouveaux clients
16323.0,196,1,207.50000000000003,0,2,-1.7372453322697703,0.2164494822014265,Inactifs
16324.0,128,3,408.59,0,0,-0.6281506899993918,0.4591061769950415,Inactifs
16325.0,47,3,594.24,3,0,-0.07325995856583485,-0.031467575111009505,Occasionnels
16326.0,6,14,3039.2200000000003,1,3,2.6314177258371183,-0.15246541887051157,Champions
16327.0,14,6,3820.27,1,1,1.7590680439424773,0.12242527388802461,Champions
16330.0,18,3,251.91,2,4,-0.12508315091253677,-0.9307090370447961,Nouveaux clients
16332.0,28,7,1582.8,3,1,1.2104496117593648,0.2706480807994444,Occasionnels
16333.0,8,22,26626.8,1,3,3.9511233567437625,0.9606903644402643,Champions
16337.0,37,1,151.05,2,4,-1.2583276653048199,-0.9417566437074436,Nouveaux clients
16338.0,157,1,214.8,0,2,-1.6366561303635245,0.08913107927605708,Inactifs
16339.0,284,1,94.05,0,2,-2.2507778851860163,0.16445720331014213,Inactifs
16340.0,107,1,534.31,0,0,-1.060552252414163,0.17881882818032468,Inactifs
16341.0,25,4,1971.87,3,0,0.9310297002812615,0.10163901652924086,Occasionnels
16342.0,75,4,322.41,3,0,-0.33614217244205224,0.12302269505473219,Occasionnels
16343.0,16,2,328.58,2,4,-0.21735797329947765,-1.0148270450394297,Nouveaux clients
16344.0,158,1,101.1,0,2,-1.993923921857932,-0.17943956634345415,Inactifs
16345.0,44,1,565.46,2,4,-0.6993064911360085,-0.3555726652516389,Nouveaux clients
16347.0,11,2,847.45,2,1,0.36405220991823967,-0.8912424710805434,Nouveaux clients
16348.0,32,7,1415.65,3,1,1.1082074263621668,0.31193956660419236,Occasionnels
16349.0,291,1,53.5,0,2,-2.5237733666257154,-0.02273187664374653,Inactifs
16350.0,21,4,1116.47,3,1,0.7253235124321981,-0.21128434948954566,Occasionnels
16351.0,333,1,153.9,0,2,-2.0798160438548825,0.44290116841905436,Inactifs
16352.0,18,2,494.44,2,4,-0.066567269372995,-0.7958575652653948,Nouveaux clients
16353.0,4,23,6675.71,1,3,3.5582534079813746,0.1005363017625397,Champions
16354.0,63,2,395.8,0,0,-0.6357516076341125,-0.10683627222074725,Inactifs
16356.0,198,3,211.77,0,2,-1.104289688820847,0.4953788341915082,Inactifs
16357.0,33,3,658.88,3,0,0.10735068675725636,-0.21252730687488985,Occasionnels
16358.0,1,4,2027.5,1,1,1.9240202030003786,-1.5142469094971156,Champions
16359.0,7,9,1750.92,1,1,1.952156592103045,-0.4236692939700295,Champions
16360.0,5,6,3450.41,1,1,2.0608202447860138,-0.49552029877111736,Champions
16361.0,10,4,891.21,2,1,0.8833620013882988,-0.7326852422520396,Nouveaux clients
16362.0,32,5,709.99,3,0,0.521016178755282,-0.04918398410220893,Occasionnels
16363.0,53,1,109.36,0,4,-1.5445096360290822,-0.8357064284948332,Inactifs
16364.0,12,2,705.79,2,1,0.24685847330454866,-0.9070324803506613,Nouveaux clients
16365.0,18,9,1540.42,1,1,1.5610334705397297,0.07806246720314154,Champions
16366.0,19,1,327.3,2,4,-0.6481744996368608,-1.0683161020048222,Nouveaux clients
16367.0,37,2,800.67,2,0,-0.10316036823133898,-0.18117308097099957,Nouveaux clients
16368.0,2,2,479.91,2,1,0.6244210714203372,-1.9768342972322575,Nouveaux clients
16369.0,18,3,1545.41,3,0,0.7334502628951284,-0.2712597139732701,Occasionnels
16370.0,82,4,1301.91,3,0,0.2909058055601444,0.6863719421426836,Occasionnels
16372.0,33,2,355.73,2,4,-0.4446046216015399,-0.546585730107817,Nouveaux clients
16374.0,66,2,466.73,0,0,-0.5752716900094114,-0.017899349586045627,Inactifs
16376.0,9,2,974.96,2,1,0.500085412014807,-0.9558302424899274,Nouveaux clients
16377.0,267,1,676.2,0,0,-1.2962495804255005,0.8406070542686571,Inactifs
16378.0,247,3,362.95,0,0,-0.9338476425686755,0.8304298782659095,Inactifs
16379.0,4,4,2157.4,1,1,1.6034300947885283,-0.91077094869271,Champions
16380.0,61,1,1743.15,3,0,-0.28848312025038114,0.25717600690716313,Occasionnels
16383.0,75,2,643.76,0,0,-0.47122124786373165,0.17890721420742403,Inactifs
16384.0,90,2,584.5,0,0,-0.585743355843085,0.25798200090343504,Inactifs
16385.0,60,3,554.86,3,0,-0.1972696145991988,0.09554051160975296,Occasionnels
16386.0,29,2,302.57,2,4,-0.4733055952497256,-0.6847016818864602,Nouveaux clients
16387.0,323,1,94.36,0,2,-2.298226870990693,0.24694812774671537,Inactifs
16389.0,53,4,1382.07,3,0,0.48341982048959314,0.43561541925342173,Occasionnels
16392.0,270,1,217.89,0,2,-1.836011943282927,0.43633256175338986,Inactifs
16393.0,2,13,3040.96,1,3,2.892926155603475,-0.7157806937357758,Champions
16394.0,57,5,1555.34,3,0,0.6770634665549078,0.5936449054891144,Occasionnels
16395.0,61,5,1482.06,3,0,0.628719261313909,0.6183576100070585,Occasionnels
16398.0,154,2,1705.8,3,0,-0.28187888092799684,0.9852600491052322,Occasionnels
16399.0,19,2,408.02,2,4,-0.17704838701493564,-0.8331523875640903,Nouveaux clients
16400.0,95,1,303.93,0,4,-1.2823969408774518,-0.10080905338159944,Inactifs
16401.0,1,12,4098.32,1,3,3.1222052486446263,-0.8925182555680589,Champions
16402.0,265,2,293.45,0,2,-1.3214026020403489,0.6876265998886812,Inactifs
16403.0,312,1,177.5,0,2,-1.9877704766917248,0.45338215941137106,Inactifs
16404.0,70,1,443.05,0,4,-0.9889465444600005,-0.15515944362087833,Inactifs
16405.0,302,2,167.25,0,2,-1.6365177496593335,0.5663582505844742,Inactifs
16406.0,19,1,154.35,2,4,-1.0029600635545863,-1.3408309467368966,Nouveaux clients
16407.0,13,10,2079.68,1,1,1.9061733655187854,0.0301860072762808,Champions
16409.0,36,5,2022.98,3,0,0.9733555525890203,0.40436182967683865,Occasionnels
16411.0,19,2,211.7,2,4,-0.48708985561358087,-1.0712987815229424,Nouveaux clients
16412.0,54,1,135.99,0,4,-1.4490254188715948,-0.7453477831648619,Inactifs
16413.0,57,1,262.2,0,4,-1.159686713652417,-0.4738518667055393,Inactifs
16414.0,22,2,126.25,2,4,-0.7840661312365718,-1.1698010061965098,Nouveaux clients
16415.0,44,1,200.27,0,4,-1.1899433078247579,-0.7324364092082001,Inactifs
16416.0,27,3,1051.4,3,0,0.40283974696762914,-0.16560993088609827,Occasionnels
16418.0,45,3,631.12,3,0,-0.028498616177356068,-0.03655365935286032,Occasionnels
16419.0,113,6,958.71,3,0,0.3291754322325119,0.904917622076304,Occasionnels
16422.0,17,51,34684.4,1,3,4.549831603819535,1.8084237047842404,Champions
16423.0,25,1,346.12,2,4,-0.7219664055499831,-0.881692241299871,Nouveaux clients
16424.0,191,1,133.56,0,2,-1.9350711876047846,0.04065646309478844,Inactifs
16425.0,302,1,302.7,0,2,-1.7233760430467595,0.6263550379912937,Inactifs
16426.0,2,10,1863.76,1,1,2.4426706712947364,-0.9862604893125526,Champions
16427.0,263,2,241.06,0,2,-1.4114178391699348,0.6114859447307663,Inactifs
16429.0,106,1,284.55,0,2,-1.354971800592347,-0.055954791232201255,Inactifs
16430.0,57,1,300.85,0,4,-1.0947198128520073,-0.4239500480158325,Inactifs
16431.0,213,3,623.28,0,0,-0.6216749566062902,0.9334725639080612,Inactifs
16432.0,64,1,287.4,0,4,-1.159859156129408,-0.3683177801688703,Inactifs
16433.0,28,1,184.26,2,4,-1.061407475100242,-1.0411545223957588,Nouveaux clients
16434.0,29,7,1511.8,3,1,1.1757522442319268,0.2754353393409223,Occasionnels
16438.0,6,5,798.35,2,1,1.1688841280777205,-0.9895002483970412,Nouveaux clients
16440.0,8,5,3640.67,1,1,1.7918914148032339,-0.27790406540795676,Champions
16441.0,67,2,381.2,0,0,-0.6766853986025154,-0.08205756465515167,Inactifs
16442.0,2,3,609.3,2,1,0.9977106249391634,-1.7800110813778478,Nouveaux clients
16444.0,46,4,654.67,3,0,0.1825437763990563,0.07575871009025743,Occasionnels
16445.0,34,1,230.51,2,4,-1.0275714044720352,-0.8407738640896045,Nouveaux clients
16446.0,1,2,168472.5,1,3,3.5573159378685717,-0.10005349656426231,Champions
16447.0,136,1,255.91,0,2,-1.499497530939836,0.06223055772006059,Inactifs
16448.0,198,1,182.99,0,2,-1.8004007025973965,0.17730640161659272,Inactifs
16449.0,198,2,707.69,0,0,-0.79409494658468,0.8235477140630588,Inactifs
16450.0,150,1,311.92,0,2,-1.4431517373015668,0.19574083468304987,Inactifs
16451.0,88,1,266.97,0,4,-1.3147394921627356,-0.19586331543754298,Inactifs
16454.0,45,2,6.9,0,2,-2.3666631979099275,-1.7426198312024337,Inactifs
16455.0,64,7,1841.18,3,0,0.9737979287732594,0.8373318227199238,Occasionnels
16456.0,99,5,2158.18,3,0,0.6242133248414428,1.0582044443795076,Occasionnels
16457.0,218,1,208.36,0,2,-1.7757349700799232,0.28506215157890025,Inactifs
16458.0,3,18,3482.74,1,3,3.12365768025425,-0.36720648918299204,Champions
16460.0,28,3,811.23,3,0,0.2666073071401924,-0.23770958636553868,Occasionnels
16461.0,178,1,142.92,0,2,-1.8764037479343527,0.02070328283343482,Inactifs
16462.0,74,3,136.0,0,4,-0.9402675560235796,-0.28356036787452943,Inactifs
16463.0,21,4,1422.4,3,1,0.8400602314047294,-0.12315376488910242,Occasionnels
16464.0,20,3,1298.66,3,0,0.6127944974346285,-0.2711240983093019,Occasionnels
16466.0,34,7,1595.96,3,1,1.142537576921224,0.39287485692178303,Occasionnels
16468.0,74,1,74.9,0,4,-1.847488688832989,-0.7637888946104545,Inactifs
16469.0,24,4,625.42,3,0,0.4020495148103833,-0.3410481498747631,Occasionnels
16470.0,52,4,752.77,3,0,0.20276024142406826,0.20270338618363912,Occasionnels
16471.0,275,1,223.95,0,2,-1.8300470120894539,0.45786820120206556,Inactifs
16473.0,165,3,316.11,0,0,-0.8458213565525581,0.5257664299214769,Inactifs
16474.0,7,7,1810.65,1,1,1.7661391051093436,-0.4968159053493157,Champions
16475.0,88,4,544.3,3,0,-0.14875472717962365,0.4133889678457908,Occasionnels
16477.0,64,7,2494.46,3,0,1.117715249416243,0.9478763608239993,Occasionnels
16478.0,25,3,331.0,2,4,-0.11588137998749899,-0.6327697987332774,Nouveaux clients
16479.0,10,2,300.83,2,4,-0.09277177303967411,-1.322824445654285,Nouveaux clients
16480.0,76,1,769.29,0,0,-0.7587572821343505,0.09688356929602429,Inactifs
16482.0,16,1,220.62,2,4,-0.7724184784802428,-1.3144617252750312,Nouveaux clients
16483.0,192,1,139.35,0,2,-1.917079847200064,0.05929324579106821,Inactifs
16484.0,174,2,404.3,0,2,-1.0099547007641292,0.5385610393786537,Inactifs
16485.0,77,1,363.65,0,4,-1.1182736713787635,-0.16729906626795943,Inactifs
16488.0,33,3,498.8,2,0,-0.024393426696451382,-0.31372146546959434,Nouveaux clients
16491.0,47,1,731.5,2,4,-0.6020751325487079,-0.22103816194490683,Nouveaux clients
16493.0,80,4,1351.63,3,0,0.3179807120865516,0.6845490018839068,Occasionnels
16494.0,297,1,826.53,0,0,-1.2417239589663487,0.9808869851317673,Inactifs
16495.0,3,3,648.26,2,1,0.9171586328917518,-1.5751011769093974,Nouveaux clients
16496.0,9,3,1599.52,3,1,0.9949445420422811,-0.6656280461026998,Occasionnels
16497.0,50,6,2965.69,3,0,1.1715624435215917,0.8060272298992337,Occasionnels
16498.0,161,2,100.97,0,2,-1.6347788459541126,-0.012955561361098869,Inactifs
16499.0,360,2,365.45,0,2,-1.3343348896257763,0.9608897263429426,Inactifs
16500.0,5,6,400.86,2,1,1.041179842355344,-1.2787177402977437,Nouveaux clients
16503.0,107,4,1431.93,3,0,0.23543150115156852,0.8879248197084924,Occasionnels
16504.0,25,1,465.88,2,4,-0.5814258805298678,-0.7737414584903919,Nouveaux clients
16505.0,32,1,777.6,2,4,-0.43000332810757486,-0.4363409074723538,Nouveaux clients
16506.0,20,2,90.3,2,4,-0.9067360989923019,-1.348388153932691,Nouveaux clients
16509.0,297,1,363.7,0,2,-1.6302329237318578,0.6824688109508024,Inactifs
16510.0,372,1,248.1,0,2,-1.8967436223205822,0.6859356568745754,Inactifs
16511.0,22,3,918.33,3,0,0.4138847234112142,-0.3395460239756868,Occasionnels
16513.0,5,4,874.59,2,1,1.105988842941557,-1.1237848290390682,Nouveaux clients
16515.0,52,5,1624.14,3,0,0.7320115786627112,0.5522492951307996,Occasionnels
16516.0,30,1,101.7,2,4,-1.366610630775668,-1.2137381120751571,Nouveaux clients
16517.0,277,1,162.7,0,2,-1.983512001654002,0.34668570756439465,Inactifs
16518.0,61,2,484.32,0,0,-0.5281400749477925,-0.053620872679079855,Inactifs
16519.0,25,2,215.08,2,4,-0.5798369501415697,-0.8992346177380313,Nouveaux clients
16520.0,186,3,1046.57,3,0,-0.3247189799005014,1.0364981666124782,Occasionnels
16523.0,2,21,9418.47,1,3,3.8378368610656937,-0.1312357900173191,Champions
16525.0,2,26,13027.45,1,3,4.176942814302964,0.0652341889653212,Champions
16526.0,172,1,290.36,0,2,-1.5289569508221412,0.2559637705151827,Inactifs
16527.0,81,1,228.06,0,4,-1.3578380813123518,-0.3049339168052301,Inactifs
16528.0,4,1,244.41,2,1,-0.2565909251302253,-2.0531204080947347,Nouveaux clients
16529.0,190,1,455.25,0,2,-1.354117917362538,0.4820507218085418,Inactifs
16531.0,22,7,1244.59,3,1,1.1850968030570814,0.03621239525153944,Occasionnels
16532.0,18,3,6748.8,3,0,1.4321548747387187,0.26542328041794405,Occasionnels
16533.0,19,3,1082.81,3,0,0.5453160717443566,-0.3682007491464411,Occasionnels
16535.0,5,1,593.75,2,1,0.09349025811209463,-1.615142623913086,Nouveaux clients
16536.0,110,1,548.12,0,0,-1.0589413997774555,0.20546466119900472,Inactifs
16539.0,3,4,1388.81,1,1,1.4799471331742815,-1.212552445973291,Champions
16542.0,54,1,119.62,0,4,-1.5093677935695147,-0.7916974505244441,Inactifs
16545.0,165,1,339.3,0,2,-1.4395578103977786,0.2863290663615741,Inactifs
16546.0,291,2,787.15,0,0,-0.8901830690858761,1.1053338582776322,Inactifs
16549.0,10,10,4034.9,1,1,2.3124412350076016,0.11860266158042355,Champions
16550.0,109,5,2298.97,3,0,0.617756275929893,1.1416308848491075,Occasionnels
16551.0,96,3,922.12,3,0,-0.1339424854355099,0.574323505141199,Occasionnels
16552.0,243,2,379.73,0,2,-1.1665763568776104,0.7264938072783987,Inactifs
16553.0,163,12,5719.82,3,0,1.5968790991450785,2.0224452631831626,Occasionnels
16554.0,42,3,837.1,3,0,0.1310032702629603,0.02341969313515793,Occasionnels
16555.0,35,2,285.89,2,4,-0.5697481893161167,-0.5897039121641403,Nouveaux clients
16556.0,67,7,3313.79,3,0,1.2351021448483153,1.0798851436273782,Occasionnels
16557.0,24,2,281.85,2,4,-0.4371797911871569,-0.8260294670725452,Nouveaux clients
16558.0,1,20,8338.49,1,3,3.892888449284738,-0.45042111895308035,Champions
16560.0,27,2,841.41,2,0,0.036998598603816636,-0.356711941650013,Nouveaux clients
16561.0,6,2,511.12,2,1,0.3305693278204915,-1.416801033910472,Nouveaux clients
16563.0,54,1,1077.74,2,0,-0.4705385473363087,0.006239161141159087,Nouveaux clients
16565.0,364,1,173.7,0,2,-2.056684401447806,0.5429773173451331,Inactifs
16566.0,15,5,614.66,3,1,0.7292906348384686,-0.5605342441203011,Occasionnels
16567.0,194,2,865.6,0,0,-0.6909575685448063,0.883938564525347,Inactifs
16569.0,3,1,124.2,2,4,-0.4904656759817002,-2.4396950998093923,Nouveaux clients
16570.0,15,10,3738.4,1,1,2.133129046665209,0.3283439855188284,Champions
16571.0,27,3,1421.69,3,0,0.5457863514852812,-0.055811010927396536,Occasionnels
16572.0,127,3,1009.6,3,0,-0.19694773293649612,0.7831013037385207,Occasionnels
16573.0,85,2,663.61,0,0,-0.5040640697531881,0.26831403047924435,Inactifs
16574.0,71,1,451.44,0,4,-0.9854140224455993,-0.13947589077713968,Inactifs
16581.0,183,1,105.84,0,2,-2.0281906648597134,-0.07033745387209332,Inactifs
16582.0,113,1,313.62,0,2,-1.3332102360491793,0.019526511589556383,Inactifs
16583.0,374,1,233.45,0,2,-1.927525950374718,0.6672505173769998,Inactifs
16584.0,80,2,936.08,3,0,-0.31827830133141977,0.3554714851586033,Occasionnels
16586.0,249,1,463.95,0,2,-1.4479906916637295,0.6595777760471554,Inactifs
16587.0,232,1,225.15,0,2,-1.762828239807417,0.35244098073194935,Inactifs
16589.0,71,3,459.24,3,0,-0.3501074974833627,0.13189191930617916,Occasionnels
16591.0,69,1,213.5,0,4,-1.328536633104371,-0.4291566328741829,Inactifs
16592.0,4,16,4113.68,1,3,3.016698947354521,-0.207670291171277,Champions
16593.0,51,3,330.03,2,4,-0.38204958033828484,-0.1944245725719197,Nouveaux clients
16594.0,75,1,181.09,0,4,-1.4376222129215306,-0.43668277243237225,Inactifs
16595.0,61,1,360.16,0,4,-1.035136607349139,-0.31633706633773784,Inactifs
16596.0,16,2,250.15,2,4,-0.3462186351264035,-1.113806391498917,Nouveaux clients
16597.0,4,1,90.04,2,4,-0.7267784235285785,-2.4142767970584744,Nouveaux clients
16598.0,286,1,145.04999999999998,0,2,-2.0497776060998025,0.3253328257919035,Inactifs
16600.0,4,6,813.52,1,1,1.4458149456836147,-1.1369893228503793,Champions
16601.0,41,1,242.7,2,4,-1.0728866339831593,-0.7065045815709805,Nouveaux clients
16602.0,36,1,528.08,2,4,-0.6569015457132907,-0.5045252473199522,Nouveaux clients
16603.0,75,2,482.47,0,0,-0.6077253649823904,0.07405684241916637,Inactifs
16607.0,18,14,3347.71,1,3,2.2958066207191625,0.5157364831078789,Champions
16609.0,15,7,5493.46,1,3,2.0274349399503864,0.3466804720166843,Champions
16610.0,219,1,75.66,0,2,-2.2538476130184133,-0.07795678167788365,Inactifs
16611.0,186,1,129.49,0,2,-1.9395545243566377,0.012742926470580293,Inactifs
16612.0,33,4,1187.66,3,0,0.5883164512709572,0.0871724459704202,Occasionnels
16613.0,70,1,618.59,0,4,-0.8309954652392406,-0.033835415230898946,Inactifs
16614.0,183,1,506.19,0,2,-1.289668110089338,0.49693015736322615,Inactifs
16616.0,15,2,500.42,2,4,0.0047680169972355675,-0.9004299543527932,Nouveaux clients
16617.0,236,1,151.85,0,2,-1.9550768754775658,0.22055771907945276,Inactifs
16618.0,31,5,2647.59,3,0,1.1563444058584478,0.4102826976511528,Occasionnels
16619.0,264,1,226.21,0,2,-1.8097708389122498,0.43572615401989623,Inactifs
16620.0,4,2,178.96,2,1,-0.0367823877651158,-2.0109965942724926,Nouveaux clients
16621.0,52,4,813.48,3,0,0.2394895596048922,0.2309155950757781,Occasionnels
16623.0,246,1,129.45,0,2,-2.046002189990828,0.18904276901671524,Inactifs
16624.0,81,2,810.5699999999999,3,0,-0.3911480799910845,0.31087808189050026,Occasionnels
16625.0,275,1,333.08,0,2,-1.6425173837886418,0.6019118510471607,Inactifs
16626.0,1,17,4413.1,1,3,3.4517466530401957,-0.7410928841235274,Champions
16627.0,79,1,322.8,0,4,-1.184280369157631,-0.19452102174472125,Inactifs
16628.0,30,5,2188.05,3,0,1.0781173742050216,0.32075337289501316,Occasionnels
16629.0,74,2,408.63,0,0,-0.6812498636868216,0.005298835320274291,Inactifs
16633.0,17,6,2883.1,1,1,1.5560084544958543,0.13552931146124847,Champions
16634.0,223,2,217.9,0,2,-1.3963405225194592,0.47070008958835013,Inactifs
16637.0,32,4,1154.47,3,0,0.5862924062214104,0.05793352131106085,Occasionnels
16638.0,23,10,1680.72,1,3,1.5993406414098852,0.2943442651974866,Champions
16639.0,31,3,1257.51,3,0,0.4366362143642846,-0.015819751384636056,Occasionnels
16641.0,106,1,231.1,0,2,-1.4532399862745573,-0.13143570727505455,Inactifs
16642.0,5,2,688.33,2,1,0.5303551854809736,-1.406295317266601,Nouveaux clients
16643.0,246,1,487.51,0,2,-1.4199414476671235,0.6699271773427431,Inactifs
16644.0,178,2,833.78,0,0,-0.6759911098524571,0.8160403088833335,Inactifs
16647.0,170,2,214.06,0,2,-1.3015993277703386,0.2931028283110923,Inactifs
16648.0,43,1,290.66,2,4,-1.005474771217881,-0.61158428734826,Nouveaux clients
16650.0,72,1,518.42,0,4,-0.9252222432808406,-0.08045062001730106,Inactifs
16652.0,59,7,6773.97,3,0,1.621859890736245,1.2608877805442609,Occasionnels
16653.0,16,2,1212.66,2,0,0.40074018908854614,-0.5400587853268835,Nouveaux clients
16654.0,141,4,601.27,3,0,-0.2801039185714187,0.7457488017795387,Occasionnels
16655.0,18,6,3789.52,1,1,1.664937008349536,0.2693379735779937,Champions
16656.0,22,15,8625.8,1,3,2.7299149548212247,1.00618647618475,Champions
16657.0,10,4,874.43,2,1,0.8743595243168902,-0.7396001477353074,Nouveaux clients
16658.0,368,1,123.24,0,2,-2.222466219814266,0.4257458975858729,Inactifs
16659.0,189,1,39.12,0,2,-2.504863519744812,-0.40671812705960775,Inactifs
16660.0,16,4,1267.65,3,1,0.8839774865707292,-0.3285189967390962,Occasionnels
16665.0,362,1,135.39999999999998,0,2,-2.171928799114335,0.44936142040935767,Inactifs
16666.0,19,1,118.98,2,4,-1.1254607949493545,-1.4349251579753008,Nouveaux clients
16667.0,68,2,567.1800000000001,0,0,-0.4942621637591148,0.07160204530473033,Inactifs
16668.0,15,6,306.72,2,1,0.5399465112635782,-0.7541459166637852,Nouveaux clients
16669.0,24,3,1348.88,3,0,0.5641685151685345,-0.14678714819158345,Occasionnels
16670.0,17,11,4095.9,1,3,2.210162331513959,0.46954827612120126,Champions
16671.0,28,3,1692.27,3,0,0.6149377692831623,0.02984702094996162,Occasionnels
16672.0,2,20,8134.94,1,3,3.726284834390336,-0.20238200706198528,Champions
16674.0,55,2,304.24,0,4,-0.7091300176199189,-0.2870297940108981,Inactifs
16676.0,34,4,1592.12,3,0,0.7161081348451324,0.2122123749718287,Occasionnels
16678.0,3,12,3109.99,1,3,2.726614325694176,-0.5535841011667374,Champions
16679.0,366,1,129.75,0,2,-2.196174101885415,0.4409011998046831,Inactifs
16680.0,43,1,183.7,0,4,-1.2220955135592104,-0.7779731542261232,Inactifs
16681.0,73,6,1770.34,3,0,0.7848406980526006,0.8541791897241737,Occasionnels
16682.0,5,5,1028.0,1,1,1.3475144447518435,-0.9952443444666821,Champions
16684.0,4,28,66653.56,1,3,4.820474732484495,1.0109220942236055,Champions
16685.0,61,2,324.24,0,4,-0.7179185120536133,-0.19939185825779904,Inactifs
16686.0,47,7,2959.88,3,0,1.3146187682869381,0.8179595406644498,Occasionnels
16688.0,1,4,1260.86,1,1,1.69893392161959,-1.6871382536219015,Champions
16689.0,76,2,422.6,0,0,-0.6754020737546856,0.03419602227533634,Inactifs
16690.0,72,2,225.58,0,4,-0.9516991328894426,-0.22750145622979923,Inactifs
16692.0,256,2,1276.0,0,0,-0.6125922430508264,1.20015223899859,Inactifs
16693.0,69,2,477.86,0,0,-0.5808534536057743,0.018433724035382387,Inactifs
16696.0,135,4,657.9000000000001,3,0,-0.22100180574384956,0.7511099702052637,Occasionnels
16697.0,241,1,112.75,0,2,-2.1031432232487526,0.12618715526237678,Inactifs
16698.0,227,2,1998.0,3,0,-0.3543704680728111,1.2874629464213334,Occasionnels
16700.0,9,13,5076.55,1,1,2.6759335572794902,0.23405250770608682,Champions
16701.0,9,13,5398.3,1,1,2.705065889963837,0.25642938525006426,Champions
16705.0,1,20,14034.99,1,3,4.13974458795669,-0.26080809874308497,Champions
16706.0,37,3,531.35,2,0,-0.036965429674879376,-0.22023274713242283,Nouveaux clients
16708.0,46,1,656.63,2,4,-0.6451566408311956,-0.27365350110790027,Nouveaux clients
16709.0,85,5,3029.87,3,0,0.8426235634615468,1.0861017966623472,Occasionnels
16710.0,19,10,2467.99,1,3,1.8510590917108474,0.31861565452758156,Champions
16711.0,3,5,1651.03,1,1,1.726874787653472,-1.0798625830326174,Champions
16712.0,9,11,3611.31,1,1,2.375007476183588,0.05108203517219557,Champions
16713.0,19,15,6910.78,1,3,2.6782088486539317,0.8368617800413689,Champions
16714.0,219,3,1129.06,3,0,-0.3508610650984262,1.1671305360751334,Occasionnels
16715.0,78,1,301.72,0,4,-1.211394387400987,-0.22701257931314534,Inactifs
16716.0,267,2,901.2,0,0,-0.7933392348221471,1.1001846011669876,Inactifs
16717.0,24,6,3843.08,3,1,1.5667556005690029,0.4484235227258573,Occasionnels
16718.0,369,1,606.0500000000001,0,2,-1.4713015715047875,1.005233797621464,Inactifs
16719.0,15,7,1770.22,1,1,1.4906568327228638,-0.06562492432296906,Champions
16720.0,26,1,152.95,2,4,-1.121891835680178,-1.1538809296100914,Nouveaux clients
16721.0,262,1,292.47,0,2,-1.6855401521704219,0.5241237292173009,Inactifs
16722.0,17,13,4730.81,1,3,2.4179622684935946,0.5809874934819639,Champions
16723.0,91,2,576.4,0,0,-0.5965236601300138,0.25983663149191843,Inactifs
16725.0,302,7,758.27,3,0,-0.034495579314710756,1.4903666370100208,Occasionnels
16726.0,26,5,1358.74,3,1,0.905109905122766,0.05975023972078065,Occasionnels
16727.0,364,1,256.32,0,2,-1.8730675525019056,0.684015516667946,Inactifs
16728.0,46,4,1048.28,3,0,0.40549261162368244,0.2470082574042099,Occasionnels
16729.0,38,21,7205.33,1,3,2.7310434533708166,1.3972368246074482,Champions
16730.0,52,3,743.11,3,0,-0.005269495950760876,0.11264891381763112,Occasionnels
16732.0,32,1,603.75,2,4,-0.5498140384942507,-0.5283688828435166,Nouveaux clients
16734.0,52,3,646.76,3,0,-0.07101999106304481,0.06214520738515562,Occasionnels
16735.0,79,5,2247.41,3,0,0.7286545407106526,0.9314941116404285,Occasionnels
16737.0,53,1,417.6,0,4,-0.9123805891548231,-0.35016088611892937,Inactifs
16738.0,298,1,3.75,0,2,-3.689788967891478,-0.8963930021789354,Inactifs
16739.0,177,1,323.0,0,2,-1.48949313467282,0.3126984769254404,Inactifs
16742.0,47,1,464.9,2,4,-0.8166268824045029,-0.3858378120583643,Nouveaux clients
16743.0,29,7,2213.13,3,0,1.3563568218175315,0.4141597786195633,Occasionnels
16744.0,11,7,1291.91,1,1,1.4512994028102366,-0.36263862564976845,Champions
16745.0,87,17,7180.7,1,0,2.236980530457713,1.8351106847134373,Champions
16746.0,5,18,6680.11,1,3,3.2775303507363676,0.12699411864187427,Champions
16747.0,38,2,836.06,2,0,-0.09260004811467769,-0.14897313529505693,Nouveaux clients
16748.0,18,5,1515.9,3,1,1.0912040900764046,-0.12317854714978997,Occasionnels
16750.0,45,5,623.93,3,0,0.33296677309069705,0.11437840071053189,Occasionnels
16751.0,31,1,1764.72,2,0,-0.0300022762485402,-0.15763171741266152,Nouveaux clients
16752.0,373,1,207.5,0,2,-1.982125942205695,0.6228353956516128,Inactifs
16753.0,58,1,223.92,0,4,-1.2407395053489416,-0.5202568692747547,Inactifs
16754.0,372,1,2002.4,0,0,-0.9082494359783135,1.445209334007872,Inactifs
16755.0,114,3,1475.43,3,0,0.023707756795534867,0.8532715374939758,Occasionnels
16756.0,215,1,239.4,0,2,-1.7049144430591097,0.3266689298909107,Inactifs
16757.0,319,1,106.83,0,2,-2.2352093351482747,0.2838325567537465,Inactifs
16758.0,65,1,369.34,0,4,-1.0471177508301712,-0.26756148394083645,Inactifs
16759.0,8,3,789.79,2,1,0.7008880034312358,-0.9892026145258619,Nouveaux clients
16761.0,97,1,316.62,0,4,-1.2709405058268253,-0.07288787855390637,Inactifs
16762.0,20,3,1207.24,3,0,0.5782105693796423,-0.29768840853674783,Occasionnels
16763.0,199,1,611.85,0,2,-1.2317931181382107,0.6187087783337425,Inactifs
16764.0,4,13,2790.9500000000003,1,3,2.6571273684651477,-0.42318480233375183,Champions
16765.0,294,1,34.0,0,2,-2.7376590209692386,-0.1775409031741627,Inactifs
16766.0,273,2,1145.6,0,0,-0.6881324848326409,1.2015277454450735,Inactifs
16767.0,31,11,5575.56,1,3,2.136576217634549,0.946591560978804,Champions
16768.0,48,3,478.09,3,0,-0.18406437883444318,-0.09745635996774887,Occasionnels
16769.0,260,1,361.54,0,2,-1.5824068913064637,0.5962625007900164,Inactifs
16770.0,58,5,757.1,3,0,0.3294842929059536,0.34251794413238956,Occasionnels
16771.0,33,5,2242.61,3,0,1.0545039566161993,0.38827830519609535,Occasionnels
16773.0,57,1,171.59,0,4,-1.3597781593710352,-0.6275443920160408,Inactifs
16774.0,68,4,661.52,3,0,0.040800203877573334,0.32294926233021737,Occasionnels
16775.0,10,11,1691.51,1,1,1.9791253372955422,-0.16461338477958692,Champions
16776.0,60,1,371.54,0,4,-1.01421523118291,-0.3153463598014955,Inactifs
16777.0,80,2,222.62,0,4,-0.9976580942970141,-0.16636789508478772,Inactifs
16778.0,74,2,245.94,0,4,-0.9212242220170329,-0.1790282107914502,Inactifs
16779.0,2,22,10611.72,1,3,3.9346141723554227,-0.07079184203784471,Champions
16780.0,100,2,422.24,0,2,-0.7794470345668387,0.20588274471520826,Inactifs
16781.0,372,1,311.25,0,2,-1.7896083033622978,0.7682275192853262,Inactifs
16782.0,10,13,2267.9500000000003,1,1,2.2575874122703343,0.0011022280228235133,Champions
16784.0,20,1,107.6,2,4,-1.1913498745690259,-1.4402896115633452,Nouveaux clients
16788.0,123,2,594.39,0,0,-0.6959996359916139,0.46023634241644906,Inactifs
16789.0,8,1,80.8,2,4,-1.002056702271234,-2.080635507984246,Nouveaux clients
16790.0,4,6,1545.62,1,1,1.7498568616938617,-0.9034512537738453,Champions
16791.0,29,7,1705.78,3,1,1.2329573656522725,0.31937524661787153,Occasionnels
16792.0,282,2,110.38,0,2,-1.8060233499972678,0.37283392650135794,Inactifs
16793.0,57,1,243.84,0,4,-1.1939725528838687,-0.500187211502248,Inactifs
16794.0,1,10,1196.5,1,1,2.3875557862739765,-1.4046041139109922,Champions
16795.0,365,1,414.88,0,2,-1.646481839990235,0.8605958098467914,Inactifs
16796.0,89,1,305.62,0,4,-1.2551227188242589,-0.13970939784079384,Inactifs
16800.0,11,1,1162.65,2,4,0.14695113071445481,-0.9312866553589434,Nouveaux clients
16801.0,163,4,1594.23,3,0,0.12673278110051728,1.1918200490251338,Occasionnels
16803.0,65,1,332.3,0,4,-1.0970835605917777,-0.305940793230473,Inactifs
16804.0,23,3,536.99,2,0,0.14357203528932028,-0.5077085051007908,Nouveaux clients
16805.0,174,2,460.59,0,0,-0.9482909990906546,0.5859256330830604,Inactifs
16806.0,103,4,762.16,3,0,-0.04887397688059799,0.6345479307733177,Occasionnels
16807.0,143,3,1121.59,3,0,-0.19210956995742118,0.8960439939833273,Occasionnels
16808.0,99,2,288.42,0,4,-0.9558538143784352,0.061155213495466605,Inactifs
16809.0,23,5,914.69,3,1,0.7626354773070367,-0.1589124379081841,Occasionnels
16810.0,192,1,309.54,0,2,-1.5405181078900736,0.34853461961398735,Inactifs
16811.0,5,2,547.07,2,1,0.4216232099801235,-1.4898135898079756,Nouveaux clients
16812.0,361,1,479.35,0,2,-1.5739495491919595,0.9061178970448318,Inactifs
16813.0,8,10,1652.18,1,1,1.9658996335829217,-0.33367245668589246,Champions
16814.0,14,21,6416.7,1,3,3.0410922837898617,0.7492925450568868,Champions
16816.0,103,4,417.06,3,0,-0.3342410599729333,0.4153542142031959,Occasionnels
16817.0,3,9,1604.75,1,1,2.1756283383192985,-0.894810154318409,Champions
16818.0,11,11,3349.57,1,1,2.2696964581918664,0.13926786716417888,Champions
16820.0,96,1,497.61,0,0,-1.053193309121419,0.0848548354152835,Inactifs
16823.0,227,1,358.38,0,2,-1.5349213853432557,0.5073819350279376,Inactifs
16824.0,16,2,460.64,2,4,-0.05758355272403395,-0.8921024873249808,Nouveaux clients
16825.0,39,2,775.1800000000001,2,0,-0.1380755030712705,-0.1604248086101513,Nouveaux clients
16826.0,51,1,341.7,0,4,-0.9928236010632614,-0.44694868589012365,Inactifs
16828.0,93,2,128.5,0,4,-1.3135325044414206,-0.27096221076617316,Inactifs
16829.0,157,1,197.22,0,2,-1.6769472751040029,0.05818299071297434,Inactifs
16830.0,39,1,325.91,2,4,-0.9149671427759425,-0.6304505174828179,Nouveaux clients
16832.0,184,3,199.15,0,2,-1.1054154087694272,0.42686468803874333,Inactifs
16833.0,1,4,1106.53,1,1,1.6370781894159252,-1.734650348170313,Champions
16834.0,228,1,413.46,0,2,-1.4689803975330336,0.5620904048400562,Inactifs
16835.0,128,2,180.85,0,2,-1.273465179899782,0.05333749988036152,Inactifs
16836.0,40,2,251.87,2,4,-0.6792777249509672,-0.553229651578482,Nouveaux clients
16837.0,31,11,3170.98,1,3,1.8690500172962372,0.7411016302671262,Champions
16838.0,197,2,588.85,0,0,-0.879201738059185,0.7535044022657645,Inactifs
16839.0,9,34,16594.35,1,3,4.066588686308102,1.0158766642575126,Champions
16841.0,37,6,1869.82,3,0,1.0653424235444977,0.45157458476143547,Occasionnels
16842.0,101,3,1264.19,3,0,-0.003679872732249697,0.7209901653106486,Occasionnels
16843.0,43,16,10196.57,1,3,2.616286213310172,1.5015304716859381,Champions
16846.0,50,1,214.32,0,4,-1.2057603080220938,-0.6285152217157166,Inactifs
16847.0,43,1,193.44,2,4,-1.19772830615612,-0.7592564238476929,Nouveaux clients
16848.0,53,1,281.42,0,4,-1.098970514823505,-0.4934827396370784,Inactifs
16849.0,187,1,124.57,0,2,-1.9598151784227946,0.0021263805849179957,Inactifs
16850.0,334,1,332.41,0,2,-1.7174736067529948,0.7239928913530901,Inactifs
16851.0,4,3,342.45,2,1,0.5299799117877684,-1.6655647519476273,Nouveaux clients
16852.0,10,2,144.91000000000005,2,4,-0.43742309783586375,-1.5875550655430863,Nouveaux clients
16855.0,24,2,328.4,2,4,-0.36493930136231034,-0.7705407215593474,Nouveaux clients
16856.0,15,1,35.400000000000006,2,4,-1.605772428142907,-2.0107908343233736,Nouveaux clients
16858.0,369,1,375.69000000000005,0,2,-1.6975631950167036,0.8314396597785958,Inactifs
16859.0,145,2,747.81,0,0,-0.6496804873768424,0.6472745772323173,Inactifs
16861.0,60,2,173.76,0,4,-1.0062286405926846,-0.435925403160865,Inactifs
16863.0,31,2,502.8,2,0,-0.2577675572372309,-0.45929446657219974,Nouveaux clients
16866.0,141,3,207.74,0,2,-0.9844408061728148,0.27447513748841645,Inactifs
16869.0,23,4,817.12,3,0,0.5442372570003133,-0.26968851653939596,Occasionnels
16871.0,22,6,2812.34,3,0,1.4505939023662642,0.2818742168134202,Occasionnels
16872.0,77,3,680.02,3,0,-0.1948888394647881,0.32534498240503723,Occasionnels
16873.0,5,6,7123.62,1,1,2.404475651587206,-0.23155465487168703,Champions
16875.0,67,5,2095.53,3,0,0.7575741483998033,0.8029951889338316,Occasionnels
16877.0,12,6,846.62,3,1,1.0996987287680562,-0.5167488149032993,Occasionnels
16878.0,84,1,13.3,0,2,-2.6867408994134854,-1.292357699175618,Inactifs
16880.0,31,7,1491.43,3,1,1.1446707329653565,0.3114112614606718,Occasionnels
16881.0,67,1,432.0,0,4,-0.9844033159195703,-0.19170557749934963,Inactifs
16882.0,67,3,705.12,3,0,-0.12531692615671983,0.2515501032089586,Occasionnels
16883.0,187,2,272.48,0,2,-1.2238594873663817,0.44070871964666536,Inactifs
16884.0,38,2,429.84,2,4,-0.40751471145976204,-0.3908626858102535,Nouveaux clients
16885.0,15,3,450.41,2,4,0.2152616870636372,-0.8286521163659748,Nouveaux clients
16887.0,35,1,192.33,2,4,-1.1237870697362127,-0.8885538707499829,Nouveaux clients
16889.0,195,3,1578.67,3,0,-0.14791922744348637,1.215891266877067,Occasionnels
16891.0,2,5,742.43,2,1,1.4581624255381438,-1.5530464279457796,Nouveaux clients
16892.0,1,5,518.19,2,1,1.4428252093863907,-1.9408363706639862,Nouveaux clients
16893.0,367,1,145.93,0,2,-2.141894212655624,0.4851176136799832,Inactifs
16895.0,65,1,202.27,0,4,-1.3315572021859194,-0.4860426759767772,Inactifs
16897.0,299,2,289.78,0,2,-1.3732986508824656,0.7593123790151228,Inactifs
16898.0,26,3,501.03,2,0,0.06577702488037139,-0.45823729934056195,Nouveaux clients
16899.0,8,6,1271.06,1,1,1.4326572835902276,-0.602010193649668,Champions
16900.0,17,3,887.11,2,0,0.49113915890582904,-0.5075210366176721,Nouveaux clients
16902.0,116,1,1706.88,0,0,-0.5410310999069545,0.6520967991046318,Inactifs
16903.0,29,1,363.2,2,4,-0.7538557054901782,-0.7734817917488215,Nouveaux clients
16904.0,4,16,3653.75,1,3,2.9604956884878897,-0.2508406563753931,Champions
16905.0,5,7,3037.6,1,1,2.121246826157385,-0.49083641783489873,Champions
16906.0,82,4,559.59,3,0,-0.1089807305963954,0.3792145253983604,Occasionnels
16907.0,29,5,928.76,3,0,0.6846252990290786,-0.011900123245856214,Occasionnels
16909.0,72,1,379.14,0,4,-1.0732409006962262,-0.19414544175012138,Inactifs
16910.0,4,8,1508.96,1,1,1.9658870770438976,-0.8160553241056179,Champions
16912.0,29,11,2555.58,1,3,1.7914350911353656,0.621634732806176,Champions
16913.0,290,1,113.44,0,2,-2.1707106235989273,0.245278332942793,Inactifs
16914.0,36,1,183.76,2,4,-1.1557520571413404,-0.8876980240394026,Nouveaux clients
16915.0,9,6,621.6800000000001,2,1,1.0536919316604154,-0.7953914279844819,Nouveaux clients
16916.0,24,2,562.41,2,0,-0.11044351850406695,-0.5750596033742087,Nouveaux clients
16917.0,277,1,391.52,0,2,-1.5688383060304325,0.6652013104245444,Inactifs
16918.0,50,6,1068.82,3,0,0.6879444261782269,0.43455470590295436,Occasionnels
16919.0,156,11,2592.25,3,0,1.165962579186375,1.6760161386496804,Occasionnels
16921.0,61,1,154.18,0,4,-1.4356725645734334,-0.62399331082322,Inactifs
16923.0,12,19,7069.08,1,3,3.0554180072536594,0.6573771036340809,Champions
16924.0,21,3,829.89,2,0,0.38290545024353606,-0.40456402940356445,Nouveaux clients
16926.0,371,1,230.25,0,2,-1.930973982042675,0.6571533869885977,Inactifs
16927.0,116,3,543.05,0,0,-0.4562475782307073,0.500601601163454,Inactifs
16928.0,80,17,2814.7,1,0,1.8246796404698482,1.4415515476537308,Champions
16929.0,4,7,1295.39,1,1,1.7870012358856397,-0.9166507021492949,Champions
16930.0,26,3,378.89,2,4,-0.06640718071378278,-0.5597694977359765,Nouveaux clients
16931.0,5,21,4554.87,1,3,3.2286472942731965,0.04363080588803204,Champions
16932.0,53,1,150.23000000000002,0,4,-1.3951249796533947,-0.7209623673553689,Inactifs
16933.0,1,2,563.23,2,1,0.85506937458695,-2.1756799524119534,Nouveaux clients
16934.0,55,2,931.03,3,0,-0.17984598006019656,0.11951932180431543,Occasionnels
16936.0,26,1,261.9,2,4,-0.8681494526029325,-0.9589785064036116,Nouveaux clients
16938.0,9,4,2711.6800000000003,3,1,1.4470269304374086,-0.38811394441910496,Occasionnels
16940.0,52,3,3049.88,3,0,0.663762328215698,0.6265399010107268,Occasionnels
16942.0,13,9,1904.99,1,1,1.7783506853724702,-0.0382102617294947,Champions
16943.0,212,3,816.73,0,0,-0.4918953972697976,1.0288141447075736,Inactifs
16945.0,22,19,4345.5,1,3,2.606793918077223,0.8418802558681582,Champions
16947.0,236,1,406.48,0,2,-1.4901508477848129,0.5776727122869334,Inactifs
16948.0,139,3,435.02,0,0,-0.6297599567887671,0.5337553871183947,Inactifs
16949.0,4,6,1286.27,1,1,1.662826458606431,-0.9703003006246946,Champions
16950.0,57,3,1178.56,3,0,0.17874017362253972,0.3375907261500719,Occasionnels
16951.0,135,3,1277.75,3,0,-0.10851900558035367,0.9072448394726569,Occasionnels
16952.0,109,2,167.61,0,4,-1.2484438872851673,-0.0752003905626769,Inactifs
16953.0,30,1,20.8,0,4,-2.1015053495499405,-1.7782191410373018,Inactifs
16954.0,1,9,2085.08,1,1,2.564493680839575,-1.2389103038814924,Champions
16955.0,185,4,518.67,0,0,-0.45315623889817624,0.8631360816234541,Inactifs
16956.0,18,1,308.74,2,4,-0.6561738513131605,-1.122027481715888,Nouveaux clients
16957.0,239,2,416.64,0,2,-1.1163888885445492,0.7497148786264612,Inactifs
16959.0,87,1,117.35,0,4,-1.6979166146433118,-0.5006647162025646,Inactifs
16960.0,39,3,507.05,2,0,-0.07871252972033936,-0.20473218529463091,Nouveaux clients
16961.0,116,1,234.17,0,2,-1.4811390692063984,-0.07001087195166526,Inactifs
16963.0,187,1,110.55,0,2,-2.015950668939846,-0.04099193097569708,Inactifs
16965.0,227,1,201.19,0,2,-1.8076426117313082,0.29790164545923364,Inactifs
16966.0,8,7,2154.97,1,1,1.8036505710612476,-0.35877647782973854,Champions
16967.0,189,1,319.02,0,2,-1.5202754568454002,0.3495552120334936,Inactifs
16968.0,4,2,439.43,2,1,0.38759485940103944,-1.6850275826186565,Nouveaux clients
16969.0,39,3,650.41,3,0,0.03914328028248271,-0.11420579124117965,Occasionnels
16971.0,38,1,357.21,2,4,-0.8619416128463295,-0.6131995453285373,Nouveaux clients
16976.0,267,1,251.52,0,2,-1.7639927528142356,0.4813281800369998,Inactifs
16978.0,78,1,344.33,0,4,-1.1489518007347672,-0.1790497151477925,Inactifs
16979.0,4,6,1852.0,1,1,1.8355529126711354,-0.8376271380225083,Champions
16980.0,255,2,1028.46,0,0,-0.7132736231758235,1.1192023051640576,Inactifs
16982.0,61,1,384.06,0,4,-1.0047536234167291,-0.29299954928262484,Inactifs
16983.0,13,7,1905.87,1,1,1.576655668201084,-0.12339896313909825,Champions
16984.0,88,2,4459.52,3,0,0.3855445167142286,0.9834306210739581,Occasionnels
16985.0,17,10,5464.12,1,3,2.268059661443633,0.5412121741729662,Champions
16986.0,30,2,1873.2,3,0,0.3772859539449572,-0.0009448578260346968,Occasionnels
16987.0,3,7,1616.8,1,1,1.9772593652962955,-0.9774440832207563,Champions
16988.0,5,1,126.12,2,4,-0.6381363339018853,-2.177113367375417,Nouveaux clients
16989.0,7,6,1133.25,1,1,1.4232806494819232,-0.7184389354165419,Champions
16990.0,219,1,179.0,0,2,-1.8491194326708864,0.232919557280706,Inactifs
16992.0,11,5,1614.31,3,1,1.296549044454384,-0.3915993890975149,Occasionnels
16996.0,30,6,1456.96,3,1,1.0248915160711045,0.23169569505816878,Occasionnels
16997.0,288,3,702.0,0,0,-0.6801367923172462,1.1671911688984575,Inactifs
16998.0,150,4,295.0,0,2,-0.6403934496117858,0.5259947112411179,Inactifs
16999.0,23,2,484.82,2,4,-0.1651049521497287,-0.6549020708123476,Nouveaux clients
17001.0,1,11,3989.57,1,3,3.037029094299707,-0.9329285439139708,Champions
17002.0,86,3,1493.73,3,0,0.13613529293847812,0.6808746823554658,Occasionnels
17004.0,46,2,1312.14,3,0,0.04962760644722348,0.13330458164347167,Occasionnels
17006.0,5,4,781.78,2,1,1.0528614864057475,-1.1645925585236285,Nouveaux clients
17007.0,51,6,889.9300000000001,3,0,0.5937658535389754,0.3802224869699462,Occasionnels
17010.0,18,1,195.36,2,4,-0.8722861441395161,-1.2880258027127487,Nouveaux clients
17011.0,30,1,270.9,2,4,-0.9049622359491498,-0.8591407061160626,Nouveaux clients
17014.0,8,3,583.4300000000001,2,1,0.5575055281181582,-1.0993363318219382,Nouveaux clients
17015.0,29,3,1838.61,3,0,0.6412911572611013,0.08152806224180488,Occasionnels
17017.0,3,20,8694.26,1,3,3.647915926727526,0.00420474946193584,Champions
17018.0,41,2,920.1,3,0,-0.07554532920826408,-0.06714896653059502,Occasionnels
17019.0,11,4,1258.08,3,1,1.0134396197677966,-0.5520808830767245,Occasionnels
17022.0,31,1,71.0,2,4,-1.5471330192481487,-1.3229571728831993,Nouveaux clients
17024.0,45,3,95.85,2,4,-0.9179745490250575,-0.7197702847878225,Nouveaux clients
17025.0,61,3,357.77,2,4,-0.4110829761922715,-0.053612732539908024,Nouveaux clients
17026.0,185,2,154.82999999999998,0,2,-1.4864687827475236,0.22907721221571564,Inactifs
17027.0,79,6,877.5600000000001,3,0,0.4225781593457112,0.6482190583336355,Occasionnels
17029.0,111,2,716.0,0,0,-0.5689926830803325,0.4634033551531806,Inactifs
17030.0,64,1,146.87,0,4,-1.476602132489343,-0.6116116787975072,Inactifs
17031.0,12,2,380.35,2,4,-0.04570309464978641,-1.1317523629334165,Nouveaux clients
17033.0,86,3,1030.14,3,0,-0.039909468503053595,0.5456526899486399,Occasionnels
17034.0,16,3,745.52,2,0,0.4306254452127559,-0.6070083333680276,Nouveaux clients
17035.0,246,2,433.53,0,2,-1.1085731293686938,0.7823791048830867,Inactifs
17037.0,88,1,1267.32,0,0,-0.5776298562148375,0.3703190167089807,Inactifs
17038.0,30,1,112.4,2,4,-1.3196174174024835,-1.1776420880305476,Nouveaux clients
17040.0,138,1,449.73,0,2,-1.2384907629096222,0.276152970632655,Inactifs
17041.0,27,3,1071.49,3,0,0.41180592312576153,-0.15872290854902116,Occasionnels
17042.0,3,5,1036.58,1,1,1.506338514663924,-1.2492590137325825,Champions
17043.0,32,4,1735.18,3,0,0.7793591187881859,0.20623026883675183,Occasionnels
17044.0,25,1,948.48,2,4,-0.24485025501385332,-0.5152138754758593,Nouveaux clients
17045.0,113,3,339.44,0,0,-0.6686101898963421,0.313395009949931,Inactifs
17046.0,157,1,642.02,0,2,-1.118961818077218,0.48677799470719646,Inactifs
17047.0,85,3,1100.9,3,0,-0.004023090121534252,0.5624964647451347,Occasionnels
17048.0,118,3,925.35,3,0,-0.21037148165961764,0.7051800622270581,Occasionnels
17049.0,3,9,5655.03,1,1,2.7726524414431473,-0.4362291202777141,Champions
17050.0,96,6,3185.64,3,0,0.959893233833325,1.2396232941615917,Occasionnels
17051.0,194,1,240.89,0,2,-1.6629143791762526,0.26408106943019244,Inactifs
17052.0,28,1,399.09,2,4,-0.6963412280106297,-0.7607429674723527,Nouveaux clients
17053.0,131,1,498.48,0,2,-1.1700568247410894,0.2807996704952207,Inactifs
17054.0,28,5,1356.33,3,1,0.8769715857574354,0.10440455403951497,Occasionnels
17058.0,82,3,1179.89,3,0,0.04236733500130608,0.5652022490443764,Occasionnels
17059.0,30,5,3080.39,3,0,1.2402373874004895,0.4452796070970624,Occasionnels
17060.0,266,1,234.24,0,2,-1.7961748510700455,0.4531419987934353,Inactifs
17061.0,74,11,5232.2300000000005,1,0,1.7810791081486974,1.4634050693251945,Champions
17062.0,314,4,533.33,0,0,-0.6412118727748319,1.2072419977271713,Inactifs
17063.0,21,7,1461.14,3,1,1.2780805368873547,0.06641179165797574,Occasionnels
17064.0,59,3,855.45,3,0,0.014012261773336901,0.24250003812298476,Occasionnels
17068.0,12,21,4552.14,1,3,2.933006089227189,0.5335653190915907,Champions
17069.0,28,9,2709.7000000000003,1,0,1.6671651550859112,0.5517209617152402,Champions
17070.0,114,1,304.24,0,2,-1.3508978497405455,0.014039657066515119,Inactifs
17071.0,28,9,2429.03,1,0,1.6153383872354323,0.5119122292578686,Champions
17073.0,18,4,1446.09,3,1,0.9038890042350358,-0.21007931510298156,Occasionnels
17075.0,18,4,834.12,3,0,0.6432293374095557,-0.41029498297985334,Occasionnels
17076.0,36,3,841.0799999999999,3,0,0.19065712940315183,-0.07012413592470094,Occasionnels
17078.0,36,2,378.2,2,4,-0.4479417830809099,-0.4707345013068288,Nouveaux clients
17079.0,78,1,118.8,0,4,-1.6509292885663645,-0.5646243581655324,Inactifs
17080.0,22,2,287.62,2,4,-0.39575298037866946,-0.8715332389149648,Nouveaux clients
17081.0,25,2,288.91,2,4,-0.4404722850768492,-0.7921870263933699,Nouveaux clients
17082.0,33,2,2003.85,3,0,0.3739516135574584,0.08215666534251027,Occasionnels
17083.0,109,3,1405.78,3,0,0.017775334525971225,0.8074923043773355,Occasionnels
17084.0,35,2,2747.99,3,0,0.5017912087730098,0.23335774082429944,Occasionnels
17085.0,123,5,1562.4,3,0,0.388952696409028,1.0769822339679336,Occasionnels
17086.0,7,6,2050.08,1,1,1.7041679578738502,-0.5026861849709593,Champions
17088.0,28,4,1991.01,3,0,0.893893686732087,0.17438070249487964,Occasionnels
17090.0,4,7,1974.65,1,1,1.9867696013171008,-0.7632063384982434,Champions
17091.0,3,9,3827.76,1,3,2.587645836722393,-0.5783348068878277,Champions
17092.0,50,4,1774.03,3,0,0.6235615601526368,0.49025386852317976,Occasionnels
17094.0,322,1,302.0,0,2,-1.7488873166577545,0.6660354886562259,Inactifs
17095.0,23,3,1324.16,3,0,0.570998858869076,-0.17939707896516435,Occasionnels
17096.0,15,4,1022.13,3,0,0.8051513754021761,-0.4452866532788083,Occasionnels
17097.0,2,8,954.42,1,1,1.9440064177964969,-1.3065777420185622,Champions
17100.0,18,2,971.74,2,0,0.25333153419375437,-0.5501396397068864,Nouveaux clients
17101.0,10,4,1621.73,3,1,1.1669846278839773,-0.5148314627225636,Occasionnels
17102.0,262,1,25.5,0,2,-2.825709159162308,-0.3516531103972088,Inactifs
17105.0,159,2,665.78,0,0,-0.7396729296320916,0.663065458508877,Inactifs
17107.0,33,6,10797.48,1,3,1.9390386239940265,1.0195252000249089,Champions
17109.0,29,6,881.29,3,1,0.7992617809383631,0.027979179971703388,Occasionnels
17110.0,165,1,163.29999999999998,0,2,-1.784806383796461,0.021139692998202297,Inactifs
17111.0,47,1,231.61,0,4,-1.1459790260366358,-0.6388169561164927,Inactifs
17114.0,6,8,801.12,1,1,1.5374139284310249,-0.8331419334749051,Champions
17115.0,8,3,837.5,2,1,0.728665048614525,-0.9678667487943147,Nouveaux clients
17117.0,288,1,116.2,0,2,-2.156776443968593,0.24958577277625904,Inactifs
17118.0,318,1,157.02,0,2,-2.0528077338595,0.4210347950483737,Inactifs
17119.0,3,2,606.91,2,1,0.6256438858880212,-1.7091122296803491,Nouveaux clients
17120.0,233,1,307.46,0,2,-1.6172893195458273,0.46820262694455533,Inactifs
17122.0,119,1,138.32,0,2,-1.7390475520290014,-0.24463478081548484,Inactifs
17123.0,162,1,345.29999999999995,0,2,-1.424303859206518,0.2811331204736301,Inactifs
17124.0,185,1,294.24,0,2,-1.5503620572235774,0.3067136930018099,Inactifs
17125.0,50,1,230.5,0,4,-1.1714055662282687,-0.6021269520737031,Inactifs
17126.0,152,5,989.45,3,0,0.0922408963517473,1.0439636207954819,Occasionnels
17128.0,335,1,157.09,0,2,-2.0724310961856496,0.45411008287490273,Inactifs
17131.0,5,5,2463.17,1,1,1.7615791221661468,-0.677196535450522,Champions
17133.0,16,7,4892.240000000001,1,3,1.9493286298304084,0.3429065429613576,Champions
17134.0,107,2,413.2,0,2,-0.8152822216128448,0.24049990598421012,Inactifs
17135.0,16,7,1139.73,3,1,1.2588698234918647,-0.18744275402096247,Occasionnels
17138.0,276,1,380.5,0,2,-1.58096409260627,0.6525455392910021,Inactifs
17139.0,16,12,10650.77,1,3,2.7574777476500643,0.8119269889982454,Champions
17140.0,247,1,454.12,0,2,-1.4550545308925127,0.6467033025641288,Inactifs
17142.0,239,1,579.0,0,2,-1.3275618161824736,0.7142241752892792,Inactifs
17144.0,1,2,984.57,2,1,1.1195335181395802,-1.9725420224984378,Nouveaux clients
17146.0,106,3,749.78,3,0,-0.26940593071021124,0.5612623654678995,Occasionnels
17147.0,23,4,1714.59,3,1,0.8953510124190616,5.970137702103219e-06,Occasionnels
17148.0,52,1,124.88,0,4,-1.4749792628783254,-0.7996335586809032,Inactifs
17152.0,195,3,1689.5,3,0,-0.11576750774435286,1.2405873700807206,Occasionnels
17153.0,24,1,213.78,2,4,-0.9346055313824189,-1.081394225900532,Nouveaux clients
17154.0,75,1,329.34,0,4,-1.1552050356358474,-0.21975491221220195,Inactifs
17155.0,18,2,251.7,2,4,-0.38578929515223315,-1.0410556500737747,Nouveaux clients
17157.0,8,2,319.0,2,4,0.011601767453086978,-1.4287464921381514,Nouveaux clients
17158.0,32,3,1266.97,3,0,0.4284323180089065,0.0064149296070524315,Occasionnels
17159.0,22,3,1538.88,3,0,0.6584610958810645,-0.15168411822968092,Occasionnels
17160.0,31,6,3518.03,3,0,1.4305644127153545,0.572739929470631,Occasionnels
17162.0,29,10,1715.46,1,3,1.5237952860433805,0.44324983849635397,Champions
17163.0,22,2,293.1,2,4,-0.38683463515149863,-0.8646829560623821,Nouveaux clients
17164.0,33,7,2467.35,3,0,1.3600808902397297,0.5330906841567927,Occasionnels
17165.0,284,1,158.68,0,2,-2.0048008016252687,0.35339501124685513,Inactifs
17166.0,39,2,206.34,2,4,-0.7639724548214297,-0.6411834075254882,Nouveaux clients
17169.0,58,2,835.78,3,0,-0.25089660959020643,0.11333913213814306,Occasionnels
17171.0,289,1,224.91,0,2,-1.8469290872986333,0.490786361934869,Inactifs
17172.0,79,1,317.76,0,4,-1.191718718965181,-0.2002345032079565,Inactifs
17173.0,5,8,3766.6,1,1,2.32978712842199,-0.36746310944148597,Champions
17174.0,218,1,59.9,0,2,-2.361232725192571,-0.16466536287685252,Inactifs
17175.0,44,4,1443.69,3,0,0.5737343049697348,0.33591057855009304,Occasionnels
17176.0,202,1,306.13,0,2,-1.5650504780894148,0.3765369912716611,Inactifs
17179.0,178,3,711.79,0,0,-0.4905865819480465,0.8685468901559934,Inactifs
17180.0,56,4,783.97,3,0,0.19419721830657033,0.263599629920953,Occasionnels
17181.0,57,2,239.92,0,4,-0.8347358852252074,-0.3509670579680494,Inactifs
17183.0,8,6,3347.31,1,1,1.8915536191516493,-0.2495266758517477,Champions
17186.0,47,2,144.0,2,4,-1.0031893834527852,-0.6558522352431903,Nouveaux clients
17187.0,227,1,203.95,0,2,-1.8012139169846646,0.30283959933583987,Inactifs
17188.0,11,7,2474.23,1,1,1.7592339596660533,-0.12611057467004128,Champions
17189.0,106,2,383.75,0,2,-0.846700153005409,0.20774083296748508,Inactifs
17190.0,59,2,444.74,0,0,-0.555952095552746,-0.1053913413579325,Inactifs
17191.0,28,7,2093.68,3,0,1.3430110709506529,0.37247005199258015,Occasionnels
17193.0,36,7,1699.3000000000002,3,1,1.1510409258285388,0.4509392400674112,Occasionnels
17194.0,274,2,262.62,0,2,-1.3865553644217095,0.6684394914150857,Inactifs
17197.0,30,1,1013.01,2,4,-0.2808627129757989,-0.3797627327781027,Nouveaux clients
17198.0,24,3,692.22,2,0,0.24818007514308135,-0.38950147884184627,Nouveaux clients
17201.0,54,1,289.78,0,4,-1.0921479525236257,-0.47122612427812616,Inactifs
17203.0,36,6,3560.08,3,0,1.380737425168082,0.6691022118048839,Occasionnels
17204.0,175,4,1564.56,3,0,0.09085505425779265,1.2297493642956476,Occasionnels
17205.0,54,1,384.08,0,4,-0.9589651773732928,-0.36892691319890547,Inactifs
17206.0,53,1,204.24,0,4,-1.250328223116287,-0.6097423244943003,Inactifs
17211.0,27,8,2317.2200000000003,3,0,1.511071984020979,0.4322086412296569,Occasionnels
17212.0,253,1,226.85,0,2,-1.7922421068874732,0.4098745279526272,Inactifs
17213.0,40,7,2781.23,3,0,1.3453242283134024,0.6953670936789191,Occasionnels
17214.0,60,6,1059.12,3,0,0.6152296079197201,0.5447425234752428,Occasionnels
17217.0,234,1,113.5,0,2,-2.0888146978979645,0.10997319976904964,Inactifs
17218.0,4,10,1951.97,1,1,2.269451266906376,-0.6455966591104843,Champions
17219.0,32,1,114.23,2,4,-1.3359094359701413,-1.1321777380353215,Nouveaux clients
17220.0,24,14,3187.55,1,3,2.167734437620852,0.6718625862605426,Champions
17221.0,7,2,334.48,2,4,0.07899439880690366,-1.4862078840878923,Nouveaux clients
17222.0,65,1,328.65,0,4,-1.1023047244118407,-0.309951228807483,Inactifs
17223.0,310,2,416.89,0,2,-1.215101449311383,0.9142198411652855,Inactifs
17226.0,309,1,393.49,0,2,-1.608083675628008,0.7360926920702423,Inactifs
17227.0,19,6,939.32,3,1,0.9843520873073767,-0.205860093004914,Occasionnels
17228.0,16,8,1906.09,1,1,1.6091204290129766,0.04477985720890305,Champions
17229.0,96,2,318.76,0,4,-0.8969490396086459,0.07815420893897819,Inactifs
17230.0,264,8,3638.41,3,0,0.8663763577540845,2.02125972903657,Occasionnels
17231.0,12,10,3124.72,1,1,2.127449500070426,0.1314264897557632,Champions
17232.0,3,2,417.77,2,1,0.4489237376069962,-1.8448529944342404,Nouveaux clients
17233.0,35,1,190.88,2,4,-1.1273567008859147,-0.8912957452157022,Nouveaux clients
17234.0,183,1,149.89,0,2,-1.8645032962485502,0.05539268393029307,Inactifs
17235.0,25,2,550.06,2,0,-0.13593489302736358,-0.5582683765107551,Nouveaux clients
17236.0,13,6,916.13,3,1,1.108761058435847,-0.44106369161845216,Occasionnels
17237.0,11,2,314.69,2,4,-0.10472189009172418,-1.2513132125954318,Nouveaux clients
17238.0,3,17,3719.1,1,3,3.105859887712531,-0.36398039842952357,Champions
17239.0,313,1,382.5,0,2,-1.6263780250610151,0.7339298961205514,Inactifs
17242.0,108,2,1135.04,3,0,-0.3404014094767074,0.6138083748665956,Occasionnels
17243.0,1,26,8540.05,1,3,4.131616790872027,-0.3455904992175636,Champions
17244.0,53,1,954.9,2,0,-0.5208525657038814,-0.04942373847181585,Nouveaux clients
17245.0,205,1,171.45,0,2,-1.8443198718356375,0.17563142284151734,Inactifs
17247.0,15,1,280.09000000000003,2,4,-0.6365481445754191,-1.2663185896516564,Nouveaux clients
17248.0,120,1,318.65,0,2,-1.3484536761535593,0.0630807564261033,Inactifs
17250.0,4,2,381.97,2,1,0.32131034692272764,-1.7359414738906174,Nouveaux clients
17251.0,363,1,269.83,0,2,-1.8477565933062319,0.7009129738781934,Inactifs
17252.0,117,2,348.91,0,2,-0.9290866690875443,0.23520566133205195,Inactifs
17253.0,18,1,178.26,2,4,-0.9154876155939823,-1.321209346472554,Nouveaux clients
17254.0,5,2,271.19,2,1,0.08976047109584483,-1.7447211507604348,Nouveaux clients
17255.0,41,2,291.48,2,4,-0.619483461591903,-0.48495405998912333,Nouveaux clients
17256.0,107,2,240.0,0,4,-1.0720621201668292,0.043264332439328375,Inactifs
17259.0,148,2,581.23,0,0,-0.7767570956180265,0.5685276482731312,Inactifs
17262.0,52,5,1253.36,3,0,0.6092202326070015,0.45793185945133075,Occasionnels
17263.0,208,1,63.440000000000005,0,2,-2.3165886568819785,-0.1737158805296395,Inactifs
17265.0,139,2,550.01,0,0,-0.7790890826774362,0.508958734261105,Inactifs
17266.0,2,3,296.58,2,1,0.6571400765966252,-2.0416072102536185,Nouveaux clients
17267.0,127,2,317.2,0,2,-1.0052033572448837,0.2521756798379205,Inactifs
17268.0,108,4,763.64,3,0,-0.06589280887033748,0.6650212668576789,Occasionnels
17272.0,42,4,2148.63,3,0,0.7795307194473426,0.45182549020853807,Occasionnels
17274.0,35,1,107.82,2,4,-1.3962858968579022,-1.0978633329014937,Nouveaux clients
17277.0,228,2,1065.35,0,0,-0.6540041734117128,1.0613693180832238,Inactifs
17278.0,241,1,246.04,0,2,-1.7354132029309774,0.4086447848334044,Inactifs
17279.0,58,1,187.83,0,4,-1.3236681954996765,-0.5839553435607677,Inactifs
17282.0,130,3,1685.46,3,0,0.03701160470033652,0.9842921838018568,Occasionnels
17284.0,60,6,1647.48,3,0,0.8245557936196906,0.7055283580635222,Occasionnels
17286.0,22,1,151.37,2,4,-1.065532700167653,-1.25928505844881,Nouveaux clients
17287.0,26,7,1049.06,3,1,1.0428784756948295,0.0756670979710611,Occasionnels
17288.0,9,7,1417.63,1,1,1.5649456720637789,-0.4444220559252474,Champions
17289.0,32,3,931.02,3,0,0.28247860653727697,-0.10569378355632986,Occasionnels
17290.0,4,2,513.01,2,1,0.46084771977668776,-1.6287612237200193,Nouveaux clients
17291.0,308,1,550.8000000000001,0,2,-1.4477266813748226,0.8562684349125895,Inactifs
17293.0,8,9,1854.06,1,1,1.9342876395156354,-0.3281681985989897,Champions
17295.0,29,3,547.0,2,0,0.06707285111005999,-0.3595355786095859,Nouveaux clients
17297.0,17,1,128.18,2,4,-1.050181860923712,-1.4748089305605159,Nouveaux clients
17298.0,101,2,498.42,0,0,-0.7047340391635225,0.272407205879927,Inactifs
17299.0,12,4,656.61,2,1,0.6748878015797508,-0.7378985636091774,Nouveaux clients
17301.0,21,1,163.24,2,4,-1.0129824884493694,-1.26014311229104,Nouveaux clients
17302.0,15,5,1135.63,3,1,1.0200087601668402,-0.3372303308781231,Occasionnels
17303.0,361,1,250.04,0,2,-1.8816303790895303,0.6697847366403218,Inactifs
17306.0,11,19,8631.31,1,3,3.1806547410494685,0.6793450309233597,Champions
17309.0,95,1,82.75,0,4,-1.895122599045793,-0.571450631227268,Inactifs
17311.0,78,2,1384.85,3,0,-0.12319064550233062,0.4821355116987308,Occasionnels
17312.0,139,3,644.3,3,0,-0.44387807542352287,0.676533383718342,Occasionnels
17313.0,31,1,2328.84,3,0,0.10145311182760906,-0.05665933207887191,Occasionnels
17314.0,25,8,2527.92,1,0,1.580629146224412,0.41691204780384783,Champions
17315.0,2,38,6281.23,1,3,4.163828604545075,-0.05975822891056148,Champions
17317.0,46,3,2600.34,3,0,0.6340752182160131,0.4923207143192079,Occasionnels
17320.0,100,3,1200.62,3,0,-0.024359822353051525,0.6959691038875204,Occasionnels
17321.0,8,2,657.16,2,1,0.35352817495612754,-1.1661089123518005,Nouveaux clients
17323.0,15,7,906.52,3,1,1.1735850990978225,-0.3091713451626722,Occasionnels
17324.0,18,4,986.48,3,0,0.7226887130212014,-0.34926132882492633,Occasionnels
17325.0,280,1,96.8,0,2,-2.2318548986220534,0.16588448548513735,Inactifs
17329.0,14,2,523.11,2,4,0.0504065488511987,-0.9252244626592822,Nouveaux clients
17330.0,23,2,363.9,2,4,-0.3008153102709644,-0.7591427472467449,Nouveaux clients
17331.0,124,1,175.2,0,2,-1.6432878089520915,-0.1332242323941949,Inactifs
17333.0,86,1,494.25,0,4,-1.0148368564315209,0.01341821517634235,Inactifs
17334.0,302,2,307.02,0,2,-1.349789364800532,0.7865975985929937,Inactifs
17337.0,151,4,1981.06,3,0,0.25870732296071264,1.222725449630804,Occasionnels
17338.0,17,8,6493.54,1,3,2.1683083343530596,0.5273044974406067,Champions
17339.0,94,2,243.36,0,4,-1.0165042451621693,-0.03299806156640927,Inactifs
17340.0,30,11,12353.29,1,3,2.525862316466033,1.2161644126399842,Champions
17341.0,157,3,682.29,0,0,-0.462958116592299,0.7740435425230998,Inactifs
17343.0,355,1,193.64,0,2,-1.9958997662414297,0.5665138195733177,Inactifs
17344.0,46,1,157.62,0,4,-1.319467987656395,-0.7915997499686883,Inactifs
17345.0,15,4,519.6899999999999,2,1,0.48487495198443936,-0.6912946329588069,Nouveaux clients
17346.0,4,15,2622.88,1,3,2.7485162234658396,-0.3947184453083903,Champions
17347.0,86,1,228.96,0,4,-1.378588757043098,-0.2659837752021292,Inactifs
17348.0,15,5,1156.6,3,1,1.0286768701489861,-0.3305722565759431,Occasionnels
17349.0,179,1,98.25,0,2,-2.0547355117469475,-0.11110905732987984,Inactifs
17350.0,8,4,1281.32,3,1,1.1320057322188255,-0.7277917073880686,Occasionnels
17351.0,36,3,587.15,3,0,0.020486016421812494,-0.20083451184841844,Occasionnels
17353.0,129,2,1740.0,3,0,-0.20528204130453256,0.8809822335995612,Occasionnels
17354.0,51,1,1393.06,3,0,-0.3275263569876502,0.06407372767117446,Occasionnels
17356.0,312,1,178.22,0,2,-1.9858617633774036,0.45484826391333133,Inactifs
17357.0,24,2,384.39,2,4,-0.29050494361086654,-0.7133668410288804,Nouveaux clients
17358.0,303,2,360.81,0,2,-1.2747305393402504,0.8473066712341206,Inactifs
17359.0,11,1,127.86,2,4,-0.8964710175250844,-1.7327511275251382,Nouveaux clients
17360.0,17,3,568.24,2,0,0.28023786190144623,-0.6695167321930159,Nouveaux clients
17361.0,49,3,488.2,3,0,-0.1818800140981702,-0.07704348484585642,Occasionnels
17362.0,239,2,312.23,0,2,-1.252794942385461,0.6449398303621203,Inactifs
17364.0,1,11,4462.68,1,3,3.0901532271097905,-0.8921232906099692,Champions
17365.0,13,8,4767.36,1,1,2.1178151300773482,0.25546292160886064,Champions
17367.0,238,1,167.55,0,2,-1.9119262153440157,0.26149516161937547,Inactifs
17368.0,23,8,1878.87,3,1,1.4705756416510767,0.25815085503510277,Occasionnels
17370.0,73,4,446.18,3,0,-0.17230943155105538,0.22413361817512797,Occasionnels
17371.0,17,3,418.4,2,4,0.13539423507002576,-0.7807727766625948,Nouveaux clients
17372.0,41,8,1337.18,3,0,1.0956417789584336,0.4891212066060009,Occasionnels
17373.0,40,4,646.92,3,0,0.22907746744775465,-0.01515195133859419,Occasionnels
17374.0,219,2,495.77,0,0,-1.000881253705508,0.7577473580257215,Inactifs
17375.0,199,3,400.1,0,0,-0.805590318341346,0.7294616283068067,Inactifs
17376.0,71,2,203.2,0,4,-0.9957414254587337,-0.27412212184316914,Inactifs
17377.0,24,20,4058.32,1,3,2.5866795068192445,0.8885067024325326,Champions
17379.0,11,1,389.72,2,4,-0.37050701878908265,-1.3287521714587032,Nouveaux clients
17381.0,9,29,20275.61,1,3,4.0220986740194355,1.0298776657120972,Champions
17382.0,65,1,65.4,0,4,-1.862060501131114,-0.8935283203910711,Inactifs
17383.0,4,1,193.39,2,1,-0.36709943610873264,-2.138003257831722,Nouveaux clients
17384.0,19,2,336.4,2,4,-0.2683209065507658,-0.9032598525210919,Nouveaux clients
17385.0,15,1,256.11,2,4,-0.6788290195907265,-1.298795012769607,Nouveaux clients
17386.0,8,6,2686.42,1,1,1.7872990850994308,-0.3296057744659279,Champions
17387.0,20,2,746.81,2,0,0.0904121629013067,-0.5824671825038463,Nouveaux clients
17388.0,78,4,1259.56,3,0,0.29410566838236857,0.6430252774724112,Occasionnels
17389.0,1,34,31833.68,1,3,4.990271676911045,0.23285117461022775,Champions
17391.0,164,2,508.8,0,0,-0.8787107492339734,0.5848051084020698,Inactifs
17392.0,307,2,417.27,0,2,-1.2109677252579607,0.9084060501661508,Inactifs
17394.0,219,1,203.87,0,2,-1.787754798355375,0.2800544339309019,Inactifs
17396.0,39,8,7330.8,1,3,1.920775726191858,1.0776703166570338,Champions
17397.0,22,2,681.41,2,0,0.012267221846562931,-0.5581282603438974,Nouveaux clients
17398.0,115,3,653.38,3,0,-0.36541717152558917,0.5624093144316036,Occasionnels
17400.0,126,5,2097.84,3,0,0.5194700191212742,1.1994029351360667,Occasionnels
17402.0,5,13,2633.85,1,3,2.560020642406095,-0.32869715998207016,Champions
17403.0,36,1,263.92,2,4,-0.9848805197403963,-0.7564496441173054,Nouveaux clients
17404.0,4,15,31906.82,1,3,3.9330502098693922,0.51513564181982,Champions
17405.0,1,3,1031.41,2,1,1.4018613076603337,-1.845587576722393,Nouveaux clients
17406.0,333,3,2184.42,3,0,-0.19762709025992534,1.6720136163783261,Occasionnels
17408.0,163,1,32.65,0,2,-2.5320354943084995,-0.564056302244953,Inactifs
17409.0,185,2,771.85,0,0,-0.72719432984057,0.8122845934803952,Inactifs
17410.0,16,5,1214.72,3,1,1.0287461273812337,-0.2742986392666887,Occasionnels
17411.0,12,3,778.94,2,1,0.5538671984037312,-0.7611203260006628,Nouveaux clients
17412.0,3,7,1258.06,1,1,1.8583877175670926,-1.0687507538368182,Champions
17414.0,44,2,778.0,3,0,-0.18134881783678386,-0.08443709404873456,Occasionnels
17415.0,80,1,507.84,0,4,-0.9747038383599098,-0.022022834038098727,Inactifs
17416.0,30,7,6893.42,1,3,1.8824021126419985,0.8486289139941972,Champions
17418.0,42,2,463.46,2,4,-0.4091850037397159,-0.3016003365816826,Nouveaux clients
17419.0,11,12,4226.57,1,1,2.45236366626727,0.2545621476228321,Champions
17420.0,50,3,598.83,3,0,-0.09277617149408089,0.00976221882264255,Occasionnels
17422.0,16,6,1979.37,3,1,1.3995939359507228,-0.03762048907125153,Occasionnels
17423.0,46,2,698.41,2,0,-0.24906164861928037,-0.09612204741312447,Nouveaux clients
17425.0,19,2,759.17,2,0,0.11682281491025101,-0.6074265601670042,Nouveaux clients
17426.0,8,6,5037.26,1,1,2.0852959718849435,-0.10071096139560841,Champions
17427.0,72,1,100.8,0,4,-1.6979548379559037,-0.6739953537205062,Inactifs
17428.0,1,28,17256.85,1,3,4.529790252738227,-0.06208086082090202,Champions
17429.0,128,3,524.9200000000001,0,0,-0.5096153798944638,0.5501545028395611,Inactifs
17430.0,33,2,265.76,2,4,-0.5824083641254241,-0.6524343590168097,Nouveaux clients
17431.0,313,1,403.3,0,2,-1.601334287353709,0.7531662771543635,Inactifs
17432.0,18,2,365.76,2,4,-0.20916413574073583,-0.9053878473557249,Nouveaux clients
17433.0,88,1,303.16,0,4,-1.2546740137123533,-0.1497263352489704,Inactifs
17434.0,2,7,2373.82,1,1,2.2691600606208944,-1.0200146342445315,Champions
17436.0,2,2,216.3,2,1,0.24775130031632983,-2.2661586515103207,Nouveaux clients
17438.0,254,1,388.4500000000001,0,2,-1.5395729586547955,0.6075964147690518,Inactifs
17440.0,157,3,186.42,0,2,-1.0763102327641134,0.302920775128278,Inactifs
17442.0,37,6,2248.56,3,0,1.152756701185312,0.5187184900421395,Occasionnels
17443.0,220,1,534.24,0,2,-1.3341368527586865,0.632689249479565,Inactifs
17444.0,148,3,2940.04,3,0,0.25152264136699687,1.2684563066864054,Occasionnels
17446.0,177,2,120.9,0,2,-1.5861107931883738,0.11177171482408911,Inactifs
17447.0,40,2,541.53,2,0,-0.31732261031317877,-0.2752077930330446,Nouveaux clients
17449.0,2,7,2519.21,1,1,2.297334661899882,-0.9983734011341792,Champions
17450.0,8,46,194390.79,1,3,5.54036855655803,1.9580683723565644,Champions
17451.0,1,7,1721.4,1,1,2.2717467445505313,-1.3940370245467502,Champions
17453.0,18,2,486.72,2,4,-0.0740137809262746,-0.801577315858765,Nouveaux clients
17454.0,192,4,517.53,0,0,-0.4683098854610204,0.8857560692539421,Inactifs
17455.0,204,1,131.7,0,2,-1.9666975287561446,0.07711907133271202,Inactifs
17456.0,365,1,249.86,0,2,-1.8861683012225157,0.6764899007849375,Inactifs
17457.0,127,5,1737.7,3,0,0.4272155303786416,1.1358146019302737,Occasionnels
17458.0,15,1,316.5,2,4,-0.5787946150655109,-1.2219574438560747,Nouveaux clients
17459.0,43,2,657.3,2,0,-0.2525884582873286,-0.15999734420877004,Nouveaux clients
17460.0,94,6,622.4300000000001,3,0,0.19427372378888394,0.6322216507079104,Occasionnels
17461.0,23,3,735.82,2,0,0.2926956922345191,-0.39316492060555475,Nouveaux clients
17462.0,60,2,675.69,3,0,-0.3643170055174146,0.057134256968980356,Occasionnels
17463.0,16,5,1875.86,3,1,1.2346546623507058,-0.11613794124790676,Occasionnels
17464.0,158,1,289.96000000000004,0,2,-1.4973725376708387,0.20196722447688065,Inactifs
17466.0,10,2,763.28,2,1,0.347752059684101,-0.9844530571742925,Nouveaux clients
17468.0,10,2,137.0,2,4,-0.46385077816137643,-1.6078544687121683,Nouveaux clients
17469.0,16,5,1870.97,3,1,1.233417678012705,-0.1170880830492919,Occasionnels
17470.0,45,5,1125.07,3,0,0.6121729563745997,0.3288398597553891,Occasionnels
17472.0,191,3,697.54,0,0,-0.5269435852435633,0.9056369714723873,Inactifs
17475.0,79,1,194.37,0,4,-1.4238383826574232,-0.3785282686358581,Inactifs
17480.0,78,1,511.82,0,4,-0.9614591115968018,-0.03503443869567465,Inactifs
17481.0,4,4,1255.59,2,1,1.3469282941467275,-1.10779291205424,Nouveaux clients
17483.0,65,3,414.04,3,0,-0.36588429860445865,0.03908332364492265,Occasionnels
17486.0,261,1,396.87,0,2,-1.539775723295423,0.6325542749565394,Inactifs
17489.0,59,2,376.64,0,0,-0.6345644611162258,-0.1657743974185808,Inactifs
17490.0,1,7,2092.32,1,1,2.3642225622212,-1.3230052925458446,Champions
17491.0,1,10,3558.87,1,3,2.9041425669121654,-1.0078079061912655,Champions
17492.0,248,1,374.57,0,2,-1.5476847354472918,0.5792847917629652,Inactifs
17495.0,8,2,497.56,2,4,0.22184373980617664,-1.2672572313596215,Nouveaux clients
17496.0,359,1,271.05,0,2,-1.841404459635742,0.6955450224694115,Inactifs
17498.0,76,1,272.22,0,4,-1.2502146521065467,-0.2806104510115914,Inactifs
17499.0,290,1,622.88,0,2,-1.3665867148835116,0.8629350935762321,Inactifs
17500.0,17,3,1138.0,3,0,0.6091139714798117,-0.41690323532982154,Occasionnels
17501.0,221,2,288.6,0,2,-1.260205168865288,0.566950087653788,Inactifs
17502.0,9,4,689.1,2,1,0.7979763243849604,-0.8866571297124591,Nouveaux clients
17503.0,3,2,558.96,2,1,0.586686557689835,-1.7390357985197147,Nouveaux clients
17504.0,206,9,2997.03,3,0,0.9641479707806483,1.8343661542926397,Occasionnels
17505.0,162,2,1145.84,3,0,-0.4896319249476485,0.8723516760828374,Occasionnels
17506.0,76,1,302.2,0,4,-1.2008477932700135,-0.24269120276994682,Inactifs
17507.0,262,2,605.58,0,0,-0.9743846538178055,0.9436567569447015,Inactifs
17508.0,281,1,387.31,0,2,-1.5794085704181502,0.6703302937551304,Inactifs
17509.0,58,8,6083.64,3,0,1.6839011919834987,1.2561474024049242,Occasionnels
17510.0,25,1,308.48,2,4,-0.7763885921792291,-0.9234945445713992,Nouveaux clients
17511.0,3,31,91062.38,1,3,5.142741544084695,1.0207621618997826,Champions
17512.0,29,10,2924.99,1,3,1.7766950933558692,0.6375050696322991,Champions
17513.0,72,1,513.2,0,4,-0.9300114560664785,-0.0841292690701403,Inactifs
17514.0,128,1,208.65,0,2,-1.5729026313599292,-0.04995019254271665,Inactifs
17515.0,31,4,639.02,3,0,0.3179335386392808,-0.17673217812697273,Occasionnels
17516.0,15,5,764.88,3,1,0.8328133197609952,-0.48101728718331577,Occasionnels
17517.0,309,1,153.94,0,2,-2.051208525189073,0.3957234328433896,Inactifs
17519.0,17,6,1844.02,3,1,1.3441923672920046,-0.0271690449169119,Occasionnels
17520.0,54,1,546.81,0,4,-0.7918360556616972,-0.24055312552132863,Inactifs
17521.0,30,3,723.2099999999999,3,0,0.18674467527424105,-0.23720654540620048,Occasionnels
17522.0,2,5,1070.71,1,1,1.631578263847583,-1.4198437414296545,Champions
17523.0,11,4,652.74,2,1,0.7026653327391984,-0.7907901632433756,Nouveaux clients
17524.0,361,1,145.0,0,2,-2.138625379168912,0.47238394115645277,Inactifs
17525.0,360,1,422.7000000000001,0,2,-1.632394317447542,0.8586605096191122,Inactifs
17526.0,5,4,1195.9,2,1,1.2542061793610293,-1.0099373996934908,Nouveaux clients
17527.0,54,4,939.37,3,0,0.2934871842000669,0.3067421188352639,Occasionnels
17528.0,1,8,3628.5,1,1,2.731748297071928,-1.0775134571260157,Champions
17530.0,1,10,2367.12,1,1,2.7108636573860894,-1.156267644625543,Champions
17531.0,190,1,296.7,0,2,-1.5565608318231041,0.32655200649406135,Inactifs
17534.0,54,1,223.36,0,4,-1.2151036310795014,-0.5656697856283147,Inactifs
17535.0,280,1,164.4,0,2,-1.982713555994966,0.3572527969593493,Inactifs
17536.0,177,1,76.5,0,2,-2.1677563409364566,-0.20828324031623824,Inactifs
17537.0,30,2,887.67,2,0,0.023465756985106525,-0.2727181931693683,Nouveaux clients
17538.0,26,1,98.42,2,4,-1.329228005555431,-1.3131382103093716,Nouveaux clients
17540.0,25,2,578.9,2,0,-0.11174727974065021,-0.5396895944248056,Nouveaux clients
17542.0,270,1,170.75,0,2,-1.9510086014675563,0.34800231487457656,Inactifs
17545.0,43,3,642.32,3,0,-0.003190528997308107,-0.05833670026821367,Occasionnels
17548.0,234,1,103.3,0,2,-2.1330550525872436,0.07599167792833418,Inactifs
17549.0,24,2,148.86,2,4,-0.7383706078551608,-1.0573775741732103,Nouveaux clients
17550.0,197,3,267.16,0,2,-0.9926589192114244,0.5764518906018747,Inactifs
17551.0,359,1,290.34,0,2,-1.8089223870399698,0.7204948735069402,Inactifs
17552.0,60,4,930.41,3,0,0.24939535846970737,0.36889343469247116,Occasionnels
17553.0,130,1,1487.6,0,0,-0.6493627265026771,0.6736986083439911,Inactifs
17554.0,1,5,1952.45,1,1,2.071120402080234,-1.4582356554821887,Champions
17555.0,20,2,480.31,2,4,-0.11851850115348166,-0.7429492123980037,Nouveaux clients
17556.0,206,1,157.9,0,2,-1.884970968457015,0.14889767307250523,Inactifs
17557.0,14,3,541.46,2,1,0.3270358249939527,-0.8026471101089617,Nouveaux clients
17560.0,95,4,854.95,3,0,0.03610880411913089,0.625596337056888,Occasionnels
17561.0,19,1,165.12,2,4,-0.9711775193714078,-1.3164184114645268,Nouveaux clients
17562.0,14,7,1122.38,3,1,1.2994147913968284,-0.27237010702375763,Occasionnels
17564.0,24,3,454.01,2,0,0.04854730262452809,-0.5428416920274738,Nouveaux clients
17566.0,8,2,869.77,2,1,0.4862584527503437,-1.064157269661164,Nouveaux clients
17567.0,7,8,4331.48,1,1,2.2861335991120386,-0.13421107421462786,Champions
17569.0,332,1,344.14,0,2,-1.6987912303333728,0.7327900100223572,Inactifs
17571.0,50,4,1425.67,3,0,0.519970772068657,0.4106846007698686,Occasionnels
17572.0,71,4,226.75000000000003,0,4,-0.4817618374520596,-0.038968828702156004,Inactifs
17573.0,29,3,380.6,2,4,-0.10452515866619645,-0.49134197026241494,Nouveaux clients
17574.0,243,1,185.65,0,2,-1.8714701817976966,0.31177044244817465,Inactifs
17576.0,8,19,3564.83,1,3,2.8713405366717453,0.17497444713110688,Champions
17578.0,218,1,143.45999999999998,0,2,-1.9516716256588251,0.14992319652016683,Inactifs
17579.0,5,3,448.9,2,1,0.5883477585155192,-1.4516553140896136,Nouveaux clients
17580.0,253,3,215.72,0,2,-1.1887866282635713,0.6567771854756287,Inactifs
17581.0,1,25,11025.24,1,3,4.218563496185473,-0.2670113502956756,Champions
17582.0,236,1,175.27,0,2,-1.887481324393146,0.27247863408213147,Inactifs
17584.0,7,2,1242.3,2,1,0.7001201970829687,-1.0091140626618877,Nouveaux clients
17585.0,109,4,1116.68,3,0,0.1106105413036013,0.8090645418039318,Occasionnels
17588.0,100,3,1240.2,3,0,-0.008993385573524656,0.7077722395247672,Occasionnels
17589.0,60,4,2404.17,3,0,0.6992154992565133,0.7144054235971355,Occasionnels
17590.0,2,3,1468.02,2,1,1.4142089395613202,-1.4600939678203504,Nouveaux clients
17591.0,73,7,2203.67,3,0,1.0094329616631845,0.984960606624761,Occasionnels
17593.0,4,5,3923.86,1,1,2.0519334573332957,-0.6232484815765532,Champions
17594.0,85,2,993.18,3,0,-0.31311315098257186,0.4149856126191782,Occasionnels
17595.0,12,2,386.69,2,4,-0.03788499845312778,-1.1257471939304666,Nouveaux clients
17596.0,23,7,2806.69,3,1,1.5542103582668592,0.35920051646479134,Occasionnels
17597.0,214,1,2044.37,0,0,-0.68796065612776,1.1034994818309543,Inactifs
17600.0,18,1,161.67000000000002,2,4,-0.9615345959744772,-1.3565785581456689,Nouveaux clients
17601.0,239,1,116.01,0,2,-2.086575194851347,0.13121732812939368,Inactifs
17602.0,2,6,5054.42,1,1,2.506575872378912,-0.7959223704526424,Champions
17603.0,78,1,394.72,0,4,-1.0843687748197943,-0.12944275514299425,Inactifs
17604.0,217,2,309.36,0,2,-1.220432701431927,0.5806383475659295,Inactifs
17608.0,33,2,191.99,2,4,-0.7358977359851455,-0.7703312990120219,Nouveaux clients
17609.0,41,5,1105.78,3,0,0.6387311567439492,0.2648765727456513,Occasionnels
17611.0,7,15,3961.12,1,3,2.764387181576155,0.053331456705919995,Champions
17612.0,53,6,2048.45,3,0,0.9743495719308082,0.7075517922124992,Occasionnels
17613.0,23,14,4544.55,1,3,2.3514556045744537,0.7751245176366726,Champions
17614.0,57,1,386.32,0,4,-0.9765028655119519,-0.33314626024800265,Inactifs
17615.0,130,3,329.6,0,0,-0.7356143290305108,0.39082937758840325,Inactifs
17616.0,174,3,571.1999999999999,0,0,-0.586124645514155,0.7742049919898126,Inactifs
17618.0,6,3,930.28,2,1,0.8744271043540989,-1.0889624173790546,Nouveaux clients
17619.0,312,1,214.37,0,2,-1.8987388193873598,0.5217683924886694,Inactifs
17620.0,60,1,81.44,0,4,-1.7293715707004906,-0.8646661141644076,Inactifs
17621.0,21,3,1379.9,3,0,0.6237733087049362,-0.21955067563368663,Occasionnels
17623.0,33,1,527.0500000000001,2,4,-0.625524766482129,-0.5588389253998849,Nouveaux clients
17624.0,15,2,843.48,2,0,0.25193439481127206,-0.7105786359135758,Nouveaux clients
17625.0,18,4,2020.4,3,0,1.0623687180800485,-0.0883492364189669,Occasionnels
17628.0,81,1,75.75,0,4,-1.8762942745141624,-0.7031660416713313,Inactifs
17629.0,6,8,1814.12,1,1,1.9246324195978881,-0.5357149868074909,Champions
17630.0,170,2,503.6,0,0,-0.8972162443312781,0.6037140943918861,Inactifs
17631.0,2,3,528.33,2,1,0.930219994254518,-1.8318514058228443,Nouveaux clients
17633.0,31,4,1324.84,3,0,0.6632620155408135,0.08851857002975995,Occasionnels
17634.0,36,9,2358.59,3,0,1.5083276073521612,0.6556396763524153,Occasionnels
17636.0,19,1,285.56,2,4,-0.7126501185711096,-1.1178405614807037,Nouveaux clients
17637.0,31,2,547.0600000000001,2,0,-0.21784109585392877,-0.42862649546192383,Nouveaux clients
17639.0,276,1,108.5,0,2,-2.1727985659555413,0.19795071916673312,Inactifs
17640.0,87,1,621.66,0,0,-0.9106503995442274,0.10404345738109051,Inactifs
17642.0,120,2,712.29,0,0,-0.6009777586422096,0.5105119130354933,Inactifs
17643.0,373,1,101.55,0,2,-2.318581300886867,0.3644001909668566,Inactifs
17644.0,1,11,2895.64,1,3,2.8851178877740042,-1.049613277087089,Champions
17646.0,219,3,1008.39,3,0,-0.40440486378555396,1.126002932616691,Occasionnels
17647.0,65,1,133.06,0,4,-1.5289233552520403,-0.6376418728670248,Inactifs
17648.0,61,4,1797.5,3,0,0.555182353023237,0.6188511600377771,Occasionnels
17649.0,138,1,868.49,0,0,-0.9269523805347009,0.5154491611638777,Inactifs
17650.0,21,1,166.08,2,4,-1.0048535812339365,-1.2538992057938498,Nouveaux clients
17651.0,12,10,3945.0,1,1,2.2379456451104933,0.2162998410741661,Champions
17652.0,25,12,4867.72,1,3,2.2239591967051036,0.7961419654671393,Champions
17653.0,37,4,1207.56,3,0,0.5537008599464364,0.16372923227197392,Occasionnels
17654.0,277,1,117.55,0,2,-2.1365223190709335,0.22915673475942977,Inactifs
17655.0,11,7,2638.94,1,1,1.789780420946086,-0.10264748879664647,Champions
17656.0,73,5,1674.69,3,0,0.6190347755658123,0.774996054636952,Occasionnels
17658.0,26,2,595.42,2,0,-0.11284524459222608,-0.5055343504309089,Nouveaux clients
17659.0,17,12,2999.46,1,3,2.1349070002340516,0.3867293075818919,Champions
17660.0,141,1,178.75,0,2,-1.682539527472988,-0.045124075943058,Inactifs
17663.0,26,7,1802.91,3,1,1.2994484230965997,0.2727414056374353,Occasionnels
17664.0,19,2,604.64,2,0,0.009067956902108218,-0.6901942975995945,Nouveaux clients
17666.0,4,2,728.16,2,1,0.6266364319620471,-1.5014170199124457,Nouveaux clients
17667.0,66,5,2055.51,3,0,0.7540949744390377,0.7865839826121162,Occasionnels
17668.0,1,2,347.75,2,1,0.6269499884078062,-2.3509010589826866,Nouveaux clients
17669.0,43,7,3406.7200000000003,3,0,1.414502787617595,0.8139913425068052,Occasionnels
17670.0,228,1,205.7,0,2,-1.798854213759023,0.3087105581029746,Inactifs
17671.0,16,4,1572.71,3,1,0.9861497336383533,-0.2500393265459267,Occasionnels
17672.0,50,2,3178.17,3,0,0.43767460463184193,0.5071122745401433,Occasionnels
17673.0,2,6,1594.97,1,1,1.959884359685276,-1.215842366782025,Champions
17674.0,74,2,551.04,0,0,-0.5397778741324828,0.11396508667958485,Inactifs
17675.0,1,31,20374.28,1,3,4.697600868669142,0.03605246223644799,Champions
17676.0,4,6,1371.18,1,1,1.6931141023503362,-0.9470360154575428,Champions
17677.0,2,30,16345.38,1,3,4.409521824494247,0.20070683063389716,Champions
17678.0,264,1,298.11,0,2,-1.6794080748627314,0.5358592823566426,Inactifs
17679.0,53,2,1992.11,3,0,0.19444563077863877,0.3732913430155408,Occasionnels
17680.0,24,1,184.4,2,4,-1.0043531480454204,-1.1349681670594172,Nouveaux clients
17682.0,10,6,2474.33,1,1,1.6716639450212398,-0.23233389127667065,Champions
17684.0,44,1,239.41,2,4,-1.1056865720308822,-0.667717847892035,Nouveaux clients
17685.0,17,7,3155.83,1,1,1.7196783437929666,0.2195155566716056,Champions
17686.0,7,7,5739.46,1,1,2.3129833343216593,-0.07677860571729477,Champions
17690.0,30,15,4726.8,1,3,2.3307275998500483,0.9763744528984077,Champions
17691.0,358,2,290.40000000000003,0,2,-1.4408726230170577,0.8739049023179072,Inactifs
17692.0,127,4,740.9399999999999,3,0,-0.14156266884267463,0.7559076587375027,Occasionnels
17693.0,137,1,200.47,0,2,-1.6175359767072712,-0.02169170635363681,Inactifs
17694.0,142,1,283.12,0,2,-1.4681377348548335,0.12606815679618522,Inactifs
17695.0,132,2,765.34,0,0,-0.6030840405732549,0.5965832314876245,Inactifs
17696.0,38,8,2285.71,3,0,1.3780051419223456,0.6372834870923022,Occasionnels
17697.0,236,1,338.95,0,2,-1.5760646599880246,0.5116813316502392,Inactifs
17698.0,261,1,154.95,0,2,-1.9838650192461431,0.2914442134399118,Inactifs
17700.0,17,4,2534.64,3,0,1.1904923629547497,-0.04007539659704023,Occasionnels
17701.0,253,1,417.95,0,2,-1.5034509955410111,0.6316982797410027,Inactifs
17702.0,30,4,1824.37,3,0,0.8269947868054723,0.184841334055102,Occasionnels
17703.0,35,3,798.74,3,0,0.17666258143224647,-0.10628202680149314,Occasionnels
17704.0,169,2,885.19,0,0,-0.6279478046664717,0.8051032233859884,Inactifs
17705.0,3,9,1823.52,1,1,2.2361903319837793,-0.8482917951216746,Champions
17706.0,4,17,10504.49,1,3,3.5128628706937315,0.15557606620899433,Champions
17707.0,185,2,152.4,0,2,-1.4939209816007277,0.22335309314230134,Inactifs
17708.0,188,2,263.33,0,2,-1.242021601234362,0.4316778481733926,Inactifs
17709.0,170,1,137.45,0,2,-1.8773106808229887,-0.022394004091155762,Inactifs
17711.0,11,2,385.1,2,4,-0.009257456395196558,-1.1779858904829752,Nouveaux clients
17712.0,45,1,522.91,2,4,-0.7447275637939605,-0.3700789067385388,Nouveaux clients
17714.0,321,1,153.0,0,2,-2.0686019212100457,0.41758353323222897,Inactifs
17715.0,201,1,326.4,0,2,-1.5328600456596124,0.3966833002690531,Inactifs
17716.0,23,11,5655.99,1,3,2.2532600311452784,0.769434921347945,Champions
17718.0,232,1,139.35,0,2,-1.9890285081344778,0.17869397050749303,Inactifs
17719.0,38,15,5396.04,1,3,2.3058043971383495,1.1701271848843584,Champions
17720.0,26,4,1195.94,3,0,0.6796674635671479,-0.05643658572522011,Occasionnels
17722.0,96,4,2424.04,3,0,0.5259317305532939,1.0114448834230498,Occasionnels
17723.0,127,6,3276.4000000000005,3,0,0.8672736995328928,1.4256540207532618,Occasionnels
17724.0,71,3,1033.0,3,0,0.03369390862682881,0.42669416390462456,Occasionnels
17725.0,16,11,3439.08,1,3,2.1491447505579946,0.3696739531700161,Champions
17727.0,15,1,1060.25,2,4,-0.006619286553112881,-0.7824630374679978,Nouveaux clients
17728.0,4,3,2876.01,1,1,1.5377810983700357,-0.8914611473659143,Champions
17730.0,3,13,5298.4800000000005,1,3,3.0462390861528634,-0.33123647053691374,Champions
17731.0,79,4,1240.11,3,0,0.2819275147620858,0.645336068956766,Occasionnels
17732.0,373,1,303.97,0,2,-1.8018167358327641,0.7613329569274645,Inactifs
17733.0,39,2,692.19,2,0,-0.19169316547493181,-0.20160914763308566,Nouveaux clients
17734.0,54,3,700.63,3,0,-0.04729131930963666,0.11472180267294806,Occasionnels
17735.0,2,19,13110.02,1,3,3.9083854467153207,-0.047260823562616176,Champions
17736.0,9,3,377.44,2,1,0.31119974846489035,-1.1908202331819826,Nouveaux clients
17737.0,9,2,168.24,2,4,-0.33068433315115786,-1.593953974504315,Nouveaux clients
17738.0,19,4,1879.05,3,0,1.00840231226355,-0.0822344629378302,Occasionnels
17739.0,12,7,2791.35,1,1,1.785817359387402,-0.03146372300448735,Champions
17742.0,113,2,355.11,0,2,-0.9075850958770848,0.21974040928633665,Inactifs
17744.0,4,6,2322.4,1,1,1.942819077727596,-0.7552347712289564,Champions
17746.0,240,1,110.25,0,2,-2.1120986725623,0.11546839616908135,Inactifs
17747.0,113,1,71.4,0,2,-2.0298202669964605,-0.5155476112866123,Inactifs
17749.0,178,2,674.52,0,0,-0.7763629438506888,0.7389435565367674,Inactifs
17750.0,5,9,1710.45,1,1,2.0509689066165526,-0.6145532361454946,Champions
17752.0,359,1,80.64,0,2,-2.412129638229932,0.2571644928000907,Inactifs
17754.0,1,5,1664.65,1,1,1.995548729292142,-1.5162831206850453,Champions
17757.0,1,30,5593.39,1,3,4.055999107185291,-0.44684725897013355,Champions
17758.0,19,8,3408.2000000000003,1,1,1.8224750787174802,0.35937240477200993,Champions
17759.0,17,3,819.96,2,0,0.45386046944888664,-0.5361552238630409,Nouveaux clients
17760.0,22,2,287.59,2,4,-0.3958022680444375,-0.8715710973341059,Nouveaux clients
17761.0,33,1,712.78,2,4,-0.48262195504750743,-0.44907364340855316,Nouveaux clients
17763.0,263,1,15.0,0,2,-3.0663969059535154,-0.53300874819303,Inactifs
17764.0,51,2,772.55,3,0,-0.23990747982377722,0.004661153351988338,Occasionnels
17765.0,159,3,367.63,0,0,-0.7603768792835608,0.5572577635779818,Inactifs
17767.0,15,1,271.2,2,4,-0.651786467038266,-1.2780233192186774,Nouveaux clients
17768.0,8,3,2081.9,3,1,1.1601000693721548,-0.6364765806165311,Occasionnels
17769.0,13,10,3957.43,1,1,2.2111278022679426,0.26442499395705166,Champions
17770.0,199,5,1143.27,3,0,0.05836189450985647,1.2663595579973812,Occasionnels
17771.0,57,2,245.81,0,4,-0.8232831879614079,-0.3421701103635759,Inactifs
17772.0,11,2,173.45,2,4,-0.3859542451145428,-1.4673309973000312,Nouveaux clients
17774.0,97,4,1213.73,3,0,0.19421761235922397,0.766162875094978,Occasionnels
17775.0,255,1,56.4,0,2,-2.448929528815229,-0.08726118934087677,Inactifs
17777.0,25,3,647.56,2,0,0.20162245281047905,-0.3888914775825203,Nouveaux clients
17779.0,21,3,650.32,2,0,0.2674503058536999,-0.49324644477436497,Nouveaux clients
17781.0,159,2,188.02,0,2,-1.3373969012172784,0.2039468475076982,Inactifs
17783.0,72,2,283.47,0,4,-0.8438146530467424,-0.14463415478527947,Inactifs
17785.0,53,1,131.94,0,4,-1.4562455079704846,-0.767909743399499,Inactifs
17786.0,85,2,266.85,0,4,-0.9349639722790222,-0.06266510727148127,Inactifs
17787.0,153,4,1817.54,3,0,0.21288772748253482,1.1996533279048698,Occasionnels
17788.0,74,2,1117.9,3,0,-0.2047960606903805,0.37126844443236184,Occasionnels
17789.0,281,1,225.9,0,2,-1.8341697907662675,0.47464529000164923,Inactifs
17790.0,27,14,1964.3,1,3,1.8949891020467629,0.5674594653386105,Champions
17791.0,30,1,106.1,2,4,-1.346719397061018,-1.1984594282205507,Nouveaux clients
17793.0,25,1,300.34,2,4,-0.7890268645101267,-0.9332021459289757,Nouveaux clients
17795.0,180,2,342.83,0,2,-1.1008214511266141,0.500027297806669,Inactifs
17796.0,40,4,690.0,3,0,0.2596000897015128,0.008292823506381124,Occasionnels
17797.0,22,3,780.43,2,0,0.33682516617831143,-0.398736350218264,Nouveaux clients
17799.0,22,10,3039.17,1,3,1.8963441075634881,0.48300823784544267,Champions
17800.0,37,9,1187.21,3,0,1.1728507570223103,0.422686951901705,Occasionnels
17802.0,82,3,1285.04,3,0,0.08281249031013659,0.5962686348844343,Occasionnels
17805.0,74,1,512.31,0,4,-0.9411577553188212,-0.06762575061126401,Inactifs
17806.0,11,1,546.04,2,4,-0.21093910007232056,-1.2061862301809945,Nouveaux clients
17809.0,16,12,5411.91,1,3,2.4365032465968057,0.5653828079115311,Champions
17811.0,4,39,7761.82,1,3,4.0919444432198615,0.3508301827068031,Champions
17812.0,13,4,699.81,2,1,0.6767467371431185,-0.6677464496278487,Nouveaux clients
17813.0,14,5,1698.07,3,1,1.2352791865728006,-0.23172864309652863,Occasionnels
17816.0,37,4,36.56,2,4,-1.0922093444736245,-1.1005131986982015,Nouveaux clients
17817.0,4,3,387.68,2,1,0.5886399919847021,-1.620507274212864,Nouveaux clients
17819.0,72,7,3704.87,3,0,1.2608783416437468,1.165481434355326,Occasionnels
17824.0,51,1,298.4,0,4,-1.0568701427394767,-0.49614356622231104,Inactifs
17827.0,5,5,1987.33,1,1,1.6598443308866035,-0.7553401908553512,Champions
17828.0,23,4,1820.09,3,1,0.9236477523269683,0.021741019324245003,Occasionnels
17829.0,299,1,889.24,0,0,-1.2096441006593763,1.011730943469617,Inactifs
17830.0,2,3,398.7,2,1,0.7970307455692163,-1.9341555892982287,Nouveaux clients
17831.0,33,1,35.400000000000006,0,4,-1.8937117512301949,-1.53294783621228,Inactifs
17832.0,50,1,155.37,0,4,-1.3574428134748786,-0.7450242869820345,Inactifs
17835.0,3,3,342.24,2,1,0.6149302950990423,-1.8072462158386386,Nouveaux clients
17836.0,47,1,110.21,0,4,-1.4958787663361177,-0.9075789439115169,Inactifs
17837.0,42,8,1541.23,3,0,1.1539448298504473,0.555725521524697,Occasionnels
17838.0,27,5,2720.8,3,0,1.2202814581493497,0.3355627511340018,Occasionnels
17839.0,42,1,318.15,2,4,-0.9539844581467607,-0.5933533864952658,Nouveaux clients
17841.0,2,124,40519.84,1,3,6.1016365838640905,1.0646925607555597,Champions
17843.0,303,1,205.48,0,2,-1.9075813581269268,0.4879203624376391,Inactifs
17844.0,107,1,51.56,0,2,-2.161015452878204,-0.6664595278391571,Inactifs
17846.0,85,1,2033.1,3,0,-0.340559250570283,0.5206175848112385,Occasionnels
17848.0,81,9,901.2,3,0,0.7484766470987937,0.8099781642490231,Occasionnels
17849.0,218,4,605.8000000000001,3,0,-0.442049481899856,1.023127276170718,Occasionnels
17850.0,372,34,5391.21,1,0,2.1511103286577065,2.900659882525488,Champions
17852.0,12,2,114.34,2,4,-0.6127141015299361,-1.5672799948783116,Nouveaux clients
17854.0,185,2,311.26,0,2,-1.1568972391567858,0.48222487988848384,Inactifs
17855.0,373,1,208.97,0,2,-1.9787947044178862,0.6253941574526447,Inactifs
17856.0,2,4,1418.03,1,1,1.5997066243534703,-1.3873466224503204,Champions
17857.0,4,23,26879.04,1,3,4.218637665229791,0.6077849940156782,Champions
17858.0,6,12,5140.66,1,1,2.7510745515789212,-0.015834587462806516,Champions
17859.0,305,1,141.92000000000002,0,2,-2.084536884578585,0.3580798255630395,Inactifs
17860.0,369,1,226.45,0,2,-1.936770944763128,0.6477014544778504,Inactifs
17861.0,3,8,2097.88,1,1,2.2072767126756054,-0.8375740111199708,Champions
17862.0,324,1,330.9,0,2,-1.7080493320883543,0.7031280300539376,Inactifs
17863.0,59,6,3160.0,3,0,1.1395617148664567,0.9321595083929884,Occasionnels
17864.0,13,3,554.85,2,1,0.3649528319122266,-0.8375033647308034,Nouveaux clients
17865.0,31,20,10526.32,1,3,2.9442299305752524,1.3920716815819387,Champions
17866.0,143,1,329.65,0,2,-1.3988875519613033,0.18572242922967735,Inactifs
17867.0,30,6,1157.87,3,1,0.9160288108474444,0.14807700752324124,Occasionnels
17869.0,107,5,428.18,3,0,-0.17123486296366777,0.5185816502781607,Occasionnels
17870.0,2,12,1865.89,1,1,2.594372678184126,-0.9219432311437612,Champions
17871.0,205,1,155.9,0,2,-1.8891269460948665,0.14121459722489238,Inactifs
17873.0,80,5,1848.96,3,0,0.6314207197703421,0.8683277631612663,Occasionnels
17874.0,185,6,683.46,3,0,-0.01809604112991606,1.0921584121499417,Occasionnels
17877.0,170,1,237.61,0,2,-1.6192177721053318,0.17585010756033237,Inactifs
17878.0,44,1,379.45,2,4,-0.8880449204204356,-0.5005448089416475,Nouveaux clients
17879.0,174,1,178.51999999999998,0,2,-1.7629685127548735,0.08687616275447509,Inactifs
17880.0,365,1,458.92,0,2,-1.5987553308935474,0.8972550867138285,Inactifs
17881.0,304,1,133.35000000000002,0,2,-2.112606694977677,0.33348355570938304,Inactifs
17883.0,3,4,664.34,2,1,1.1306727033700226,-1.4808341256333581,Nouveaux clients
17884.0,4,4,695.0699999999999,2,1,1.0668414040388643,-1.3229308520718173,Nouveaux clients
17885.0,12,1,156.34,2,4,-0.8323665926676338,-1.6092839478105994,Nouveaux clients
17886.0,32,3,869.28,3,0,0.24998032842163978,-0.13065608223879938,Occasionnels
17887.0,129,1,111.35,0,2,-1.8716403834981548,-0.2722530107640626,Inactifs
17888.0,21,8,716.0,3,1,1.0467837751892417,-0.1480587734975576,Occasionnels
17889.0,212,2,201.37,0,2,-1.414334852577382,0.41018261577506654,Inactifs
17890.0,323,2,586.89,0,0,-1.0689049567198836,1.0644906990982412,Inactifs
17891.0,162,1,203.86,0,2,-1.673225396048143,0.0899336443343033,Inactifs
17892.0,56,3,244.1,2,4,-0.559623879876229,-0.24568342182768016,Nouveaux clients
17893.0,225,1,107.21,0,2,-2.100687761126611,0.06463975528841161,Inactifs
17894.0,72,8,1118.96,3,0,0.8000691780291445,0.7747197713273273,Occasionnels
17895.0,44,1,95.45,0,4,-1.538742829561617,-1.0003533065563255,Inactifs
17896.0,23,1,256.32,2,4,-0.833328762646862,-1.0414587786443426,Nouveaux clients
17897.0,173,3,541.8100000000001,0,0,-0.6089373966609509,0.7513678992976653,Inactifs
17898.0,85,2,152.06,0,4,-1.2003000579041136,-0.2664727858519615,Inactifs
17899.0,159,1,154.55,0,2,-1.7966925368329922,-0.022129742392640307,Inactifs
17900.0,190,2,112.2,0,2,-1.6481465727663875,0.12949031776483255,Inactifs
17901.0,29,1,110.38,2,4,-1.3156140591510082,-1.2049748007494012,Nouveaux clients
17904.0,21,1,181.07,2,4,-0.9641148521183067,-1.2226073225589886,Nouveaux clients
17905.0,71,4,798.99,3,0,0.1139438267918731,0.4185994973729681,Occasionnels
17906.0,247,1,72.9,0,2,-2.3169974039623042,-0.015364865116458395,Inactifs
17908.0,374,1,232.03,0,2,-1.930406514096854,0.6650379234743327,Inactifs
17911.0,9,1,366.23,2,4,-0.33025953765770927,-1.4669140494020072,Nouveaux clients
17912.0,310,5,310.06,0,0,-0.7278857277287668,1.0718374133764563,Inactifs
17913.0,59,2,408.65,0,0,-0.5959863228772042,-0.13614208871873343,Inactifs
17914.0,4,1,329.36,2,1,-0.11564691086768254,-1.9448597005886674,Nouveaux clients
17917.0,45,3,335.03,2,4,-0.32810746545262187,-0.2666866392266938,Nouveaux clients
17919.0,88,1,1304.04,0,0,-0.5640972187570223,0.38071359013781153,Inactifs
17920.0,4,17,4119.5,1,3,3.069089558297449,-0.18529128472965883,Champions
17921.0,64,4,820.23,3,0,0.16543890983672316,0.36330486960211955,Occasionnels
17923.0,282,1,207.50000000000003,0,2,-1.8756214993255516,0.4460884277406974,Inactifs
17924.0,12,7,2962.5,1,1,1.8140236725658099,-0.00979813162191189,Champions
17925.0,373,1,244.08,0,2,-1.9054807602939814,0.6817074354761414,Inactifs
17926.0,133,2,397.29,0,2,-0.9162544588266663,0.3629799518510894,Inactifs
17928.0,45,2,212.54,2,4,-0.8033906183137434,-0.5418523039155677,Nouveaux clients
17929.0,11,4,843.0,2,1,0.82378494481156,-0.6977568055344836,Nouveaux clients
17930.0,36,5,1740.48,3,1,0.902075489697411,0.3496107990630225,Occasionnels
17931.0,134,2,408.36,0,2,-0.9060958296290996,0.37767775999757247,Inactifs
17932.0,29,3,1331.57,3,0,0.4884024549335613,-0.03590749662366199,Occasionnels
17934.0,52,2,704.25,3,0,-0.29101382450467617,-0.01692981462048732,Occasionnels
17935.0,138,2,145.79,0,2,-1.4035399823659673,0.02266314480733046,Inactifs
17936.0,5,1,380.13,2,1,-0.11750926188838269,-1.777213765693834,Nouveaux clients
17937.0,9,7,4301.22,1,1,2.0909926025788947,-0.04035939901185825,Champions
17939.0,160,1,99.14,0,2,-2.0078897620064162,-0.17857482527367963,Inactifs
17940.0,49,10,4020.04,1,0,1.7322984240351655,1.0771191143167833,Champions
17941.0,131,1,304.56,0,2,-1.4030670126236435,0.10182188326335069,Inactifs
17942.0,8,1,77.50000000000001,2,4,-1.0215817732915802,-2.095632938090298,Nouveaux clients
17946.0,233,2,149.57999999999998,0,2,-1.590415624364105,0.3621309843890803,Inactifs
17947.0,37,1,176.68,2,4,-1.1844661943286074,-0.8850228040537171,Nouveaux clients
17948.0,147,1,358.56000000000006,0,2,-1.3696098793799096,0.23361946271491513,Inactifs
17949.0,1,45,58510.48,1,3,5.526166848418839,0.5590703091280573,Champions
17950.0,72,3,482.2,3,0,-0.3322934153598324,0.1583663968438579,Occasionnels
17951.0,40,3,1008.54,3,0,0.23744343052471403,0.06100958592701568,Occasionnels
17954.0,5,12,2314.13,1,1,2.43162627359472,-0.4041585421626589,Champions
17955.0,199,4,557.3,0,0,-0.4468799797782,0.9352555918277936,Inactifs
17956.0,249,1,12.75,0,2,-3.117440754641438,-0.6227458892015939,Inactifs
17957.0,66,1,111.68,0,4,-1.6170454559679976,-0.6913840456601382,Inactifs
17958.0,117,1,508.4599999999999,0,0,-1.1178476496222634,0.21692983059997367,Inactifs
17960.0,171,1,73.78,0,2,-2.1715983603417306,-0.24303241171184553,Inactifs
17961.0,21,39,1296.44,1,3,2.6777326581916805,0.6385282512468188,Champions
17962.0,142,1,102.41,0,2,-1.9473643945096943,-0.24203131519247856,Inactifs
17964.0,32,2,463.21,2,0,-0.30832826410265624,-0.4695945356194621,Nouveaux clients
17965.0,38,14,2599.19,1,3,1.9011462619518447,0.8794738576418175,Champions
17966.0,38,5,1098.43,3,0,0.6638809390286309,0.21547016349226458,Occasionnels
17967.0,372,1,112.27,0,2,-2.2704161697963317,0.3989135043057995,Inactifs
17968.0,374,1,265.1,0,2,-1.86748371140041,0.7133696470585111,Inactifs
17969.0,166,2,228.2,0,2,-1.2623642902697334,0.30128950255519094,Inactifs
17970.0,211,1,562.79,0,2,-1.2936144897539685,0.6252589186130854,Inactifs
17972.0,242,1,135.19,0,2,-2.019347756757651,0.1943755515273633,Inactifs
17973.0,52,1,337.04,0,4,-1.0065917307613554,-0.43985974438079317,Inactifs
17974.0,25,3,703.99,2,0,0.24118082322583892,-0.35850624134980924,Nouveaux clients
17975.0,15,13,4483.26,1,3,2.4374767331384373,0.4867503347206456,Champions
17976.0,372,1,321.79,0,2,-1.773867378168138,0.7803183037520258,Inactifs
17977.0,29,1,288.14,2,4,-0.8632870946133357,-0.8575372918836246,Nouveaux clients
17978.0,365,1,300.92,0,2,-1.7983228915172582,0.7439649635296133,Inactifs
17979.0,36,4,732.41,3,0,0.32705687911885406,-0.03508947538399627,Occasionnels
17980.0,166,3,811.45,3,0,-0.40202741365930533,0.8722193313276498,Occasionnels
17984.0,145,1,152.68,0,2,-1.7674488233360863,-0.0845824162248011,Inactifs
17985.0,22,1,631.35,2,4,-0.3907470999365794,-0.7409745301290771,Nouveaux clients
17986.0,56,1,20.8,0,2,-2.3341666053368093,-1.3921115722013941,Inactifs
17987.0,185,1,198.57,0,2,-1.7360525323437281,0.16408271772535288,Inactifs
17988.0,12,7,201.12,2,1,0.5407904876359774,-0.9877830864419486,Nouveaux clients
17990.0,237,3,630.84,0,0,-0.6565717930018922,1.0052405672406006,Inactifs
17991.0,225,2,93.35,0,2,-1.7987871709141214,0.16981941272617584,Inactifs
17994.0,122,4,674.89,3,0,-0.1705509446408501,0.6966902133102159,Occasionnels
17995.0,282,1,76.1,0,2,-2.3473284054119694,0.08376496437397098,Inactifs
17997.0,74,8,1962.46,3,0,1.055942442042518,0.996324066774575,Occasionnels
17999.0,37,2,380.39,2,4,-0.45539847904737746,-0.45173119787344496,Nouveaux clients
18001.0,12,2,415.13,2,4,-0.004318739229435061,-1.0999645667582334,Nouveaux clients
18004.0,362,1,157.92,0,2,-2.099473474345203,0.5050151830975459,Inactifs
18005.0,4,2,226.47,2,1,0.07430455825004866,-1.9256694419757803,Nouveaux clients
18006.0,23,1,444.68,2,4,-0.5728842373049303,-0.8414083633987706,Nouveaux clients
18008.0,70,9,2116.19,3,0,1.207958259239888,1.029335909167914,Occasionnels
18009.0,235,1,247.39,0,2,-1.7232387264934943,0.39471409000797675,Inactifs
18010.0,257,1,174.8,0,2,-1.9211787022260716,0.3253270402716445,Inactifs
18011.0,373,1,102.79,0,2,-2.3128823576771453,0.36877761435123746,Inactifs
18013.0,155,2,187.29,0,2,-1.3295602950427243,0.18648769108534063,Inactifs
18014.0,28,1,162.22,2,4,-1.1214646155209647,-1.0872850980484958,Nouveaux clients
18015.0,4,1,120.03,2,4,-0.5917676170278662,-2.3105734542155116,Nouveaux clients
18016.0,32,5,1477.66,3,1,0.8682086143917804,0.21749849205280264,Occasionnels
18017.0,81,3,523.0,3,0,-0.33826888747032535,0.2615904390793502,Occasionnels
18018.0,108,2,122.14,0,4,-1.3939664745451055,-0.19544698758900192,Inactifs
18019.0,52,1,38.45,0,4,-2.0251395988685688,-1.222217997812409,Inactifs
18022.0,36,1,612.72,2,4,-0.5865372643213556,-0.45047763893796644,Nouveaux clients
18024.0,153,2,389.78,0,2,-0.978421126711895,0.4442356875638374,Inactifs
18027.0,99,1,115.31,0,4,-1.754992990120192,-0.42595908196417653,Inactifs
18030.0,4,2,230.65,2,1,0.08293857550216276,-1.9190375546890146,Nouveaux clients
18032.0,334,1,73.5,0,2,-2.4280307226500852,0.1782058531948224,Inactifs
18033.0,65,1,93.82,0,4,-1.6931267934325864,-0.7637684096012571,Inactifs
18034.0,22,2,418.68,2,4,-0.21823787682306728,-0.7351818599330644,Nouveaux clients
18035.0,36,3,713.89,3,0,0.11301589351664425,-0.12976125618623618,Occasionnels
18036.0,32,3,403.12,2,4,-0.11374588745211202,-0.41003834387672367,Nouveaux clients
18037.0,154,6,70.02,0,2,-1.0227289691283077,0.15141195519141915,Inactifs
18040.0,19,2,357.20000000000005,2,4,-0.23995582120821585,-0.8814723064254182,Nouveaux clients
18041.0,12,21,4097.37,1,3,2.8831117565885322,0.4952409121966498,Champions
18042.0,54,1,165.04999999999998,0,4,-1.3578068900691023,-0.6752817891069297,Inactifs
18043.0,25,3,529.29,2,0,0.10616047992657492,-0.4622169095166884,Nouveaux clients
18044.0,4,10,2088.6,1,1,2.3015143150616173,-0.6209686655326825,Champions
18045.0,45,1,178.34,0,4,-1.2530396145618192,-0.7605191999139642,Inactifs
18048.0,203,2,172.29000000000002,0,2,-1.4713994963507226,0.3263147713611734,Inactifs
18050.0,359,1,74.4,0,2,-2.4498307248645204,0.22820585745708732,Inactifs
18053.0,71,1,300.02,0,4,-1.1786221946048216,-0.28788129503183024,Inactifs
18055.0,7,10,6761.34,1,1,2.6788204126712527,0.10470369618298737,Champions
18056.0,288,1,363.65,0,2,-1.618583278695589,0.6629780913663356,Inactifs
18058.0,10,1,170.16,2,4,-0.7286332409707026,-1.6845232684523401,Nouveaux clients
18059.0,23,3,306.46,2,4,-0.12171561733631427,-0.7114789817410874,Nouveaux clients
18061.0,22,10,2119.41,1,3,1.7255039779227508,0.35178398258276383,Champions
18062.0,173,3,720.52,0,0,-0.473992370376349,0.8550207156051575,Inactifs
18064.0,133,2,814.0,0,0,-0.5767554134175316,0.6237530470828132,Inactifs
18065.0,6,14,2392.83,1,3,2.5180778155180956,-0.2395230987869873,Champions
18066.0,75,1,318.0,0,4,-1.1717679172353035,-0.23247705078387793,Inactifs
18067.0,40,1,396.33,2,4,-0.8319003306069013,-0.5437471837196814,Nouveaux clients
18068.0,289,1,101.7,0,2,-2.220717565751204,0.20367516145839581,Inactifs
18069.0,26,5,2009.24,3,0,1.0904860530423466,0.2021397766835912,Occasionnels
18071.0,258,2,453.0,0,2,-1.1059117231726492,0.828416728933965,Inactifs
18072.0,186,1,247.44,0,2,-1.6342434972255788,0.24725581429739468,Inactifs
18073.0,114,12,3859.82,3,0,1.5460098904974229,1.6542226840358294,Occasionnels
18074.0,374,1,489.6,0,2,-1.5774157510580435,0.9361741611474234,Inactifs
18075.0,23,10,2611.75,1,3,1.8082470502415477,0.45480766437766806,Champions
18077.0,8,11,2584.41,1,1,2.2566673241237347,-0.1375227693487811,Champions
18078.0,217,2,336.13,0,2,-1.1812031100149285,0.6107710448940125,Inactifs
18079.0,45,4,3613.15,3,0,1.0001210033043992,0.683805275916656,Occasionnels
18080.0,19,2,1231.5,2,0,0.34596219352106805,-0.43142198575706137,Nouveaux clients
18081.0,36,3,343.45,2,4,-0.233202890444102,-0.3956958593660602,Nouveaux clients
18082.0,26,1,680.84,2,4,-0.41626910810242823,-0.6118840514905919,Nouveaux clients
18084.0,16,1,90.48,2,4,-1.1919721012728706,-1.636725655942251,Nouveaux clients
18085.0,330,2,689.95,0,0,-1.0004808977723796,1.1368700388962996,Inactifs
18086.0,274,1,101.34,0,2,-2.2020947222247105,0.1687280287577544,Inactifs
18087.0,98,2,4055.7199999999993,3,0,0.29987514110873004,1.0163747614152716,Occasionnels
18088.0,61,1,166.03,0,4,-1.4007805458771678,-0.5971923526545655,Inactifs
18092.0,2,11,9068.26,1,1,3.2714033660475064,-0.37689373650287805,Champions
18093.0,93,4,2106.52,3,0,0.4713915041524084,0.940418011156315,Occasionnels
18094.0,82,7,3017.3,3,0,1.1145287544598375,1.1721232942410384,Occasionnels
18095.0,313,2,580.0500000000001,0,0,-1.0624781802374232,1.0403541741168374,Inactifs
18096.0,12,3,849.06,2,1,0.594687222767088,-0.7297659989573017,Nouveaux clients
18097.0,8,6,2662.4,1,1,1.7830420579417467,-0.3328756456582225,Champions
18099.0,127,1,168.31,0,2,-1.6712607620794129,-0.1327169870555085,Inactifs
18101.0,11,2,222.4,2,4,-0.26868338059750874,-1.3772539065566582,Nouveaux clients
18102.0,1,60,259657.3,1,3,6.488107839911761,1.2097464985620496,Champions
18104.0,37,1,754.64,2,4,-0.49808766713641944,-0.35780761609701256,Nouveaux clients
18105.0,38,1,113.48000000000002,2,4,-1.402819996471257,-1.0286544108107865,Nouveaux clients
18106.0,330,1,421.9,0,2,-1.6001484428610013,0.8029721817145639,Inactifs
18108.0,254,1,271.0,0,2,-1.7097632355201642,0.4768713188470823,Inactifs
18109.0,2,26,8004.92,1,3,3.9460507925219526,-0.11211661068592547,Champions
18110.0,20,1,198.8,2,4,-0.9022830913782443,-1.2182541130820599,Nouveaux clients
18112.0,12,2,352.69,2,4,-0.08140547450362108,-1.1591757687648037,Nouveaux clients
18113.0,369,1,76.32000000000001,0,2,-2.448374256896126,0.2547331058483382,Inactifs
18114.0,290,1,220.1,0,2,-1.8584486431314466,0.4851303274353288,Inactifs
18116.0,68,8,1403.11,3,0,0.9288075229586343,0.8213461045447426,Occasionnels
18117.0,26,1,315.65,2,4,-0.7799454560218981,-0.8912280089831384,Nouveaux clients
18118.0,11,26,5625.08,1,3,3.2492220466334794,0.6382253921304881,Champions
18119.0,368,1,180.7,0,2,-2.042219873814841,0.5641951750907152,Inactifs
18120.0,214,1,111.15,0,2,-2.0646697661971722,0.04603348679739994,Inactifs
18121.0,149,2,653.3,0,0,-0.7239781308290567,0.6152708267673637,Inactifs
18122.0,8,6,1793.06,1,1,1.5956926257159945,-0.4767808848394957,Champions
18123.0,24,2,574.4399999999999,2,0,-0.10042586289112887,-0.567364927655745,Nouveaux clients
18125.0,30,4,1131.75,3,0,0.6007588579356052,0.011066932560328544,Occasionnels
18126.0,61,1,200.92,0,4,-1.3108341171736984,-0.5281034732152239,Inactifs
18127.0,19,3,347.08,2,4,0.006767555716078048,-0.7818660167111877,Nouveaux clients
18129.0,243,1,112.55,0,2,-2.1071216713504004,0.13076384122910878,Inactifs
18130.0,15,3,1059.39,3,1,0.6201981334078568,-0.5176158059160847,Occasionnels
18133.0,212,1,931.5,0,0,-1.056823070644914,0.8115051345396129,Inactifs
18135.0,29,5,681.9100000000001,3,0,0.5383182433707658,-0.12428024411565043,Occasionnels
18136.0,63,3,784.33,3,0,-0.05174678365968474,0.2518397500917111,Occasionnels
18138.0,295,1,152.65,0,2,-2.037519563214972,0.3633824658985103,Inactifs
18139.0,18,6,8438.34,1,3,2.044451541399536,0.5608474220054678,Champions
18142.0,157,2,1019.52,0,0,-0.5330637340266878,0.8100993715626074,Inactifs
18143.0,117,2,1000.16,3,0,-0.4306360298524729,0.6180712916519171,Occasionnels
18144.0,8,12,2888.75,1,1,2.3818616680501554,-0.06637405241564874,Champions
18145.0,13,4,2861.55,3,0,1.34399328351734,-0.15522675470206743,Occasionnels
18146.0,141,2,160.35000000000002,0,2,-1.3668545553834668,0.07064352268787756,Inactifs
18147.0,46,2,179.33999999999995,2,4,-0.8917288519888881,-0.5897620681814982,Nouveaux clients
18149.0,51,3,612.0799999999999,3,0,-0.08983394491973531,0.030029595278149298,Occasionnels
18150.0,32,3,566.58,2,0,0.047310457747212216,-0.28632912521390524,Nouveaux clients
18151.0,135,2,653.35,0,0,-0.6865135781006985,0.5531853599634733,Inactifs
18154.0,3,2,399.19,2,1,0.42740541617026173,-1.8613814629561065,Nouveaux clients
18155.0,75,3,371.62,0,0,-0.47089748689113176,0.08925114402842581,Inactifs
18156.0,13,2,675.64,2,1,0.19787893498493933,-0.8759299789399496,Nouveaux clients
18158.0,9,2,453.4,2,4,0.1376201658282146,-1.2342439389057678,Nouveaux clients
18159.0,301,1,530.15,0,2,-1.4570583394223693,0.8278510762931499,Inactifs
18160.0,57,2,638.0600000000001,3,0,-0.37218129197413985,0.0043264093533947915,Occasionnels
18161.0,15,5,1618.69,3,1,1.1879390256728508,-0.20824117549975185,Occasionnels
18164.0,37,1,399.65,2,4,-0.7989283897253809,-0.5888868119360741,Nouveaux clients
18165.0,177,1,302.46000000000004,0,2,-1.520547341195983,0.2888453861302916,Inactifs
18167.0,23,3,1384.86,3,0,0.5922351856936365,-0.16308521372642895,Occasionnels
18168.0,176,6,1160.04,3,0,0.2514132371039139,1.2531776994816914,Occasionnels
18169.0,61,1,202.65,0,4,-1.306788975313826,-0.5249963535407662,Inactifs
18170.0,33,3,980.31,3,0,0.29551003320820113,-0.0679999633247483,Occasionnels
18171.0,59,5,1231.31,3,0,0.5534232076365686,0.5301141130654917,Occasionnels
18172.0,15,20,7561.68,1,3,3.0521846914550297,0.8322009051251695,Champions
18173.0,87,4,2106.84,3,0,0.4966593051204329,0.8986601837412154,Occasionnels
18174.0,7,1,104.0,2,4,-0.8386751849581873,-2.0643667400471815,Nouveaux clients
18176.0,358,1,476.35,0,2,-1.5737412282934582,0.8985606435388516,Inactifs
18177.0,31,6,1340.87,3,1,0.9734209768551079,0.22160283395839156,Occasionnels
18178.0,129,4,1590.81,3,0,0.21446550315100976,1.0437548175776787,Occasionnels
18179.0,9,6,1793.17,1,1,1.5554741903787612,-0.40996674267893696,Champions
18180.0,5,6,1843.75,1,1,1.763790674489256,-0.7236721049957553,Champions
18181.0,24,1,366.85,2,4,-0.6794809181929083,-0.8854300959541601,Nouveaux clients
18183.0,227,2,632.07,0,0,-0.8995646452761347,0.8686930705876907,Inactifs
18184.0,15,1,49.8,2,4,-1.447723303188084,-1.8893914958849816,Nouveaux clients
18185.0,249,1,304.25,0,2,-1.6475147628527125,0.50632105759458,Inactifs
18188.0,15,3,2001.04,3,0,0.9215381662971756,-0.28615308413117463,Occasionnels
18189.0,78,2,1090.24,3,0,-0.23651335251373254,0.39509104583936994,Occasionnels
18190.0,192,2,284.46000000000004,0,2,-1.2135575863354833,0.47296309660144653,Inactifs
18191.0,262,1,207.8,0,2,-1.8469420232313836,0.4001491081928553,Inactifs
18192.0,72,1,957.97,0,0,-0.6344951908219216,0.14286015025583432,Inactifs
18193.0,165,1,243.76,0,2,-1.5958155106780159,0.1663057416810504,Inactifs
18194.0,82,1,973.84,0,0,-0.6757539578679046,0.23022346965193036,Inactifs
18196.0,95,2,686.63,0,0,-0.5299389581176445,0.3504488844604774,Inactifs
18198.0,4,17,5425.56,1,3,3.19963923528563,-0.08501458642942371,Champions
18200.0,106,1,150.35,0,2,-1.6559762327746765,-0.28715973428015473,Inactifs
18202.0,200,3,1396.99,3,0,-0.21547440300290208,1.1873616155717015,Occasionnels
18203.0,157,1,160.42000000000002,0,2,-1.774323588049904,-0.016612867692324052,Inactifs
18204.0,71,3,1975.35,3,0,0.3408599085691278,0.6626318775390487,Occasionnels
18205.0,36,2,517.36,2,0,-0.2997178103088994,-0.3568819745030526,Nouveaux clients
18209.0,29,1,139.10000000000002,2,4,-1.206838660560202,-1.1214231744365641,Nouveaux clients
18210.0,2,6,2621.38,1,1,2.1953502949603383,-1.034978291923396,Champions
18211.0,26,5,600.07,3,0,0.5180389967335517,-0.23756334692912912,Occasionnels
18212.0,326,1,216.07,0,2,-1.9117258964466355,0.5523710337192281,Inactifs
18213.0,237,1,232.48,0,2,-1.7558143273068731,0.3775182083544586,Inactifs
18215.0,89,1,299.34000000000003,0,4,-1.2649349080088734,-0.1472462524484044,Inactifs
18216.0,31,1,481.75,2,4,-0.644894268436596,-0.6299372811671741,Nouveaux clients
18217.0,29,2,621.75,2,0,-0.132609213332576,-0.4230088988045018,Nouveaux clients
18218.0,211,2,641.92,0,0,-0.8644500877357135,0.8281913637665943,Inactifs
18219.0,3,10,2069.77,1,1,2.382462582881317,-0.7657242000531265,Champions
18220.0,227,1,305.28000000000003,0,2,-1.6107296645024805,0.4491527297684116,Inactifs
18221.0,22,5,1041.61,3,1,0.8404407302035979,-0.13861711699359844,Occasionnels
18222.0,93,1,443.0,0,4,-1.0961942707079135,0.022691404277583104,Inactifs
18223.0,5,14,6484.54,1,3,3.0495446619227073,0.02575057445037222,Champions
18224.0,264,1,158.95000000000002,0,2,-1.9762058096770734,0.3078855516145479,Inactifs
18225.0,3,12,5504.96,1,3,2.9973050583134526,-0.34566345705828594,Champions
18226.0,44,11,5228.05,1,0,1.9758345969760223,1.13928335160993,Champions
18227.0,218,1,93.75,0,2,-2.1516518575995134,-0.003683904216995261,Inactifs
18228.0,57,2,779.9,3,0,-0.2771374010028914,0.07733070779426478,Occasionnels
18229.0,12,20,7276.900000000001,1,3,3.1133028753215743,0.6865915092298457,Champions
18230.0,9,7,2810.2000000000003,1,1,1.889230057145747,-0.19533551510381125,Champions
18231.0,192,5,2071.77,3,0,0.35367623069573556,1.4601549061039059,Occasionnels
18232.0,82,4,592.97,3,0,-0.08155604130182374,0.4002797425464536,Occasionnels
18233.0,326,1,440.0,0,2,-1.5756325856157032,0.8105281453141635,Inactifs
18235.0,72,3,1796.48,3,0,0.290609633884453,0.6368253450419508,Occasionnels
18236.0,30,6,882.24,3,1,0.787246403345856,0.04915776910502707,Occasionnels
18237.0,3,5,987.1,1,1,1.4831701122032528,-1.2670549283395371,Champions
18239.0,219,5,1561.61,3,0,0.16969602124161368,1.440262746130504,Occasionnels
18240.0,46,1,422.58,2,4,-0.8537377019422754,-0.43386699698711456,Nouveaux clients
18241.0,10,17,2073.09,1,3,2.442415383967745,0.0645313578855798,Champions
18242.0,72,4,2232.49,3,0,0.5955004815373268,0.8012799427583772,Occasionnels
18245.0,7,7,2567.06,1,1,1.9315780098202016,-0.3697403926591235,Champions
18246.0,24,2,596.1,2,0,-0.08290598663802812,-0.5539077105578528,Nouveaux clients
18248.0,123,2,804.02,0,0,-0.5529703893634933,0.570098740724309,Inactifs
18249.0,17,1,95.34,2,4,-1.189262676983383,-1.5816384942416943,Nouveaux clients
18250.0,310,1,349.27,0,2,-1.665686064061502,0.6948342859069199,Inactifs
18251.0,87,1,4314.72,3,0,0.007323688868077753,0.8091498416694864,Occasionnels
18252.0,51,2,518.27,2,0,-0.4288899208004179,-0.14049841850641065,Nouveaux clients
18255.0,89,1,103.3,0,4,-1.7664225970986662,-0.5324446754570805,Inactifs
18257.0,39,8,2337.63,3,0,1.3789791437716181,0.6615101721905592,Occasionnels
18259.0,25,3,2338.6000000000004,3,0,0.8099548992360379,0.07837562413526085,Occasionnels
18260.0,173,6,2628.35,3,0,0.6455277562902474,1.5400489913676416,Occasionnels
18261.0,43,2,324.24,2,4,-0.5869143020467094,-0.4167968441544202,Nouveaux clients
18262.0,140,1,149.48,0,2,-1.7641147809485462,-0.11433671821441281,Inactifs
18263.0,26,3,1213.16,3,0,0.48452650138883724,-0.13659104262081181,Occasionnels
18265.0,72,2,801.51,3,0,-0.35206009172352704,0.2330881415941819,Occasionnels
18268.0,134,1,25.5,0,2,-2.570962616114021,-0.7744118033865957,Inactifs
18269.0,366,1,168.6,0,2,-2.072819868294831,0.5356509958301421,Inactifs
18270.0,38,2,283.15,2,4,-0.6048746246853758,-0.5424570898077233,Nouveaux clients
18272.0,3,6,3078.58,1,1,2.1616582947208154,-0.7940746924165691,Champions
18273.0,2,3,204.0,2,1,0.4804350464049908,-2.177336362630339,Nouveaux clients
18274.0,30,1,175.92,2,4,-1.108724280459924,-1.0156526602919114,Nouveaux clients
18276.0,44,1,335.86,2,4,-0.9457436533231809,-0.5448638648372685,Nouveaux clients
18277.0,58,1,110.38,0,4,-1.5739746121529417,-0.7762185617043471,Inactifs
18278.0,74,1,173.9,0,4,-1.4516647199712704,-0.4597519822162424,Inactifs
18280.0,278,1,180.6,0,2,-1.935680041843305,0.3867557989036956,Inactifs
18281.0,181,1,80.82,0,2,-2.150525546812607,-0.17443937972549528,Inactifs
18282.0,8,2,178.05,2,4,-0.2637194550153851,-1.6402238683987023,Nouveaux clients
18283.0,4,16,2045.53,1,3,2.6855414073994655,-0.46203618076997405,Champions
18287.0,43,3,1837.28,3,0,0.4946459531579989,0.3240571889825252,Occasionnels
